over_id,over_overNumber,over_runrate,over_runsConceded,over_wickets,over_runsExtras,over_totalRuns,over_totalInningRuns,over_totalInningWickets,id,matchName,fixtureId,fixtureName,inningNumber,battingTeamId,battingTeamName,bowlingTeamId,bowlingTeamName,ballDateTime,ballNumber,isWicket,bowlerPlayerId,bowlerPlayerName,battingPlayerId,battingPlayerName,nonStrikeBattingPlayerId,nonStrikeBattingPlayerName,shotAngle,shotMagnitude,battingHandId,fieldingPosition,runsConceded,extras,runs,runsScored,lengthTypeId,lineTypeId,battingConnectionId,battingFeetId,battingShotTypeId,bowlingDetailId,bowlingFromId,bowlingTypeId,bowlingHandId,outcomeId,noBallReasonId,isWide,isNoBall,isByes,isLegByes,isAirControlled,isAppeal,decisionOfficialId,isFreeHit,isNewBall,isPowerPlay,isBattingPowerPlay,isFloodLit,isReferred,teamRuns,runsByes,runsWide,runsLegByes,noBallsCount,isBoundry,isAirNotControlled,dismissalTypeId,dismissalPlayerId,dismissalPlayerName,dismissalType,appealDismissalTypeId
174553,1,4.0,2.0,0.0,0.0,2.0,2.0,0.0,3841,,6094,Marsh Sheffield Shield 2019-20,1,83,Western Australia Men,82,Victoria Men,2019-12-07T10:29:53Z,1,False,20,Peter Siddle,783,Cameron Bancroft,844,Jake Carder,228,50,Left,Short Extra Cover,0,0,0,0,HalfVolley,Null,Played,0,Pushed,Null,Over,Fast,Left,Null,Null,False,False,False,False,False,False,97,False,True,False,False,False,False,0,0,0,0,0,False,False,,,,,
174553,1,4.0,2.0,0.0,0.0,2.0,2.0,0.0,3841,,6094,Marsh Sheffield Shield 2019-20,1,83,Western Australia Men,82,Victoria Men,2019-12-07T10:30:33Z,2,False,20,Peter Siddle,783,Cameron Bancroft,844,Jake Carder,141,37,Left,Third Slip,0,0,0,0,LengthBall,Null,Played,0,ForwardDefensive,Null,Over,Fast,Left,Null,Null,False,False,False,False,False,False,97,False,False,False,False,False,False,0,0,0,0,0,False,False,,,,,
174553,1,4.0,2.0,0.0,0.0,2.0,2.0,0.0,3841,,6094,Marsh Sheffield Shield 2019-20,1,83,Western Australia Men,82,Victoria Men,2019-12-07T10:31:12Z,3,False,20,Peter Siddle,783,Cameron Bancroft,844,Jake Carder,315,47,Left,Short Mid Wicket,0,0,0,0,LengthBall,Null,Played,0,ForwardDefensive,Null,Over,Fast,Left,Null,Null,False,False,False,False,False,False,97,False,False,False,False,False,False,0,0,0,0,0,False,False,,,,,
174553,1,4.0,2.0,0.0,0.0,2.0,2.0,0.0,3841,,6094,Marsh Sheffield Shield 2019-20,1,83,Western Australia Men,82,Victoria Men,2019-12-07T10:31:39Z,4,False,20,Peter Siddle,783,Cameron Bancroft,844,Jake Carder,90,48,Left,Wicketkeeper,0,0,0,0,LengthBall,Null,NoShot,0,ShouldersArms,Null,Over,Fast,Left,Null,Null,False,False,False,False,False,False,97,False,False,False,False,False,False,0,0,0,0,0,False,False,,,,,
174553,1,4.0,2.0,0.0,0.0,2.0,2.0,0.0,3841,,6094,Marsh Sheffield Shield 2019-20,1,83,Western Australia Men,82,Victoria Men,2019-12-07T10:32:11Z,5,False,20,Peter Siddle,783,Cameron Bancroft,844,Jake Carder,339,102,Left,Mid Wicket,2,0,2,2,LengthBall,Null,Played,0,Worked,Null,Over,Fast,Left,Null,Null,False,False,False,False,False,False,97,False,False,False,False,False,False,2,0,0,0,0,False,False,,,,,
174553,1,4.0,2.0,0.0,0.0,2.0,2.0,0.0,3841,,6094,Marsh Sheffield Shield 2019-20,1,83,Western Australia Men,82,Victoria Men,2019-12-07T10:32:45Z,6,False,20,Peter Siddle,783,Cameron Bancroft,844,Jake Carder,90,48,Left,Wicketkeeper,0,0,0,0,LengthBall,Null,NoShot,0,Leave,Null,Over,Fast,Left,Null,Null,False,False,False,False,False,False,97,False,False,False,False,False,False,0,0,0,0,0,False,False,,,,,
174556,2,1.33,0.0,0.0,0.0,,2.0,0.0,3841,,6094,Marsh Sheffield Shield 2019-20,1,83,Western Australia Men,82,Victoria Men,2019-12-07T10:33:51Z,1,False,351,Chris Tremain,844,Jake Carder,783,Cameron Bancroft,90,48,Right,Wicketkeeper,0,0,0,0,LengthBall,Null,NoShot,0,Leave,Null,Over,Fast,Left,Null,Null,False,False,False,False,False,False,150,False,False,False,False,False,False,0,0,0,0,0,False,False,,,,,
174556,2,1.33,0.0,0.0,0.0,,2.0,0.0,3841,,6094,Marsh Sheffield Shield 2019-20,1,83,Western Australia Men,82,Victoria Men,2019-12-07T10:34:24Z,2,False,351,Chris Tremain,844,Jake Carder,783,Cameron Bancroft,229,28,Right,Short Leg,0,0,0,0,LengthBall,Null,Played,0,ForwardDefensive,Null,Over,Fast,Left,Null,Null,False,False,False,False,False,False,150,False,False,False,False,False,False,0,0,0,0,0,False,False,,,,,
174556,2,1.33,0.0,0.0,0.0,,2.0,0.0,3841,,6094,Marsh Sheffield Shield 2019-20,1,83,Western Australia Men,82,Victoria Men,2019-12-07T10:35:02Z,3,False,351,Chris Tremain,844,Jake Carder,783,Cameron Bancroft,315,67,Right,Short Extra Cover,0,0,0,0,LengthBall,Null,Played,0,ForwardDefensive,Null,Over,Fast,Left,Null,Null,False,False,False,False,False,False,150,False,False,False,False,False,False,0,0,0,0,0,False,False,,,,,
174556,2,1.33,0.0,0.0,0.0,,2.0,0.0,3841,,6094,Marsh Sheffield Shield 2019-20,1,83,Western Australia Men,82,Victoria Men,2019-12-07T10:35:40Z,4,False,351,Chris Tremain,844,Jake Carder,783,Cameron Bancroft,90,48,Right,Wicketkeeper,0,0,0,0,BackOfALength,Null,NoShot,0,Leave,Null,Over,Fast,Left,Null,Null,False,False,False,False,False,False,150,False,False,False,False,False,False,0,0,0,0,0,False,False,,,,,
174556,2,1.33,0.0,0.0,0.0,,2.0,0.0,3841,,6094,Marsh Sheffield Shield 2019-20,1,83,Western Australia Men,82,Victoria Men,2019-12-07T10:36:22Z,5,False,351,Chris Tremain,844,Jake Carder,783,Cameron Bancroft,90,48,Right,Wicketkeeper,0,0,0,0,BackOfALength,Null,NoShot,0,ShouldersArms,Null,Over,Fast,Left,Null,Null,False,False,False,False,False,False,150,False,False,False,False,False,False,0,0,0,0,0,False,False,,,,,
174556,2,1.33,0.0,0.0,0.0,,2.0,0.0,3841,,6094,Marsh Sheffield Shield 2019-20,1,83,Western Australia Men,82,Victoria Men,2019-12-07T10:37:01Z,6,False,351,Chris Tremain,844,Jake Carder,783,Cameron Bancroft,90,48,Right,Wicketkeeper,0,0,0,0,LengthBall,Null,NoShot,0,Leave,Null,Over,Fast,Left,Null,Null,False,False,False,False,False,False,150,False,False,False,False,False,False,0,0,0,0,0,False,False,,,,,
174559,3,2.4,4.0,0.0,0.0,4.0,6.0,0.0,3841,,6094,Marsh Sheffield Shield 2019-20,1,83,Western Australia Men,82,Victoria Men,2019-12-07T10:37:55Z,1,False,20,Peter Siddle,783,Cameron Bancroft,844,Jake Carder,270,40,Left,Bowler,0,0,0,0,LengthBall,Null,Played,0,ForwardDefensive,Null,Over,Fast,Left,Null,Null,False,False,False,False,False,False,97,False,False,False,False,False,False,0,0,0,0,0,False,False,,,,,
174559,3,2.4,4.0,0.0,0.0,4.0,6.0,0.0,3841,,6094,Marsh Sheffield Shield 2019-20,1,83,Western Australia Men,82,Victoria Men,2019-12-07T10:38:24Z,2,False,20,Peter Siddle,783,Cameron Bancroft,844,Jake Carder,316,64,Left,Short Mid Wicket,0,0,0,0,LengthBall,Null,Played,0,ForwardDefensive,Null,Over,Fast,Left,Null,Null,False,False,False,False,False,False,97,False,False,False,False,False,False,0,0,0,0,0,False,False,,,,,
174559,3,2.4,4.0,0.0,0.0,4.0,6.0,0.0,3841,,6094,Marsh Sheffield Shield 2019-20,1,83,Western Australia Men,82,Victoria Men,2019-12-07T10:38:58Z,3,False,20,Peter Siddle,783,Cameron Bancroft,844,Jake Carder,56,57,Left,Leg Slip,0,0,0,0,BackOfALength,Null,Played,0,Glance,Null,Over,Fast,Left,Null,Null,False,False,False,False,False,False,97,False,False,False,False,False,False,0,0,0,0,0,False,False,,,,,
174559,3,2.4,4.0,0.0,0.0,4.0,6.0,0.0,3841,,6094,Marsh Sheffield Shield 2019-20,1,83,Western Australia Men,82,Victoria Men,2019-12-07T10:39:31Z,4,False,20,Peter Siddle,783,Cameron Bancroft,844,Jake Carder,90,48,Left,Wicketkeeper,0,0,0,0,LengthBall,Null,NoShot,0,Leave,Null,Over,Fast,Left,Null,Null,False,False,False,False,False,False,97,False,False,False,False,False,False,0,0,0,0,0,False,False,,,,,
174559,3,2.4,4.0,0.0,0.0,4.0,6.0,0.0,3841,,6094,Marsh Sheffield Shield 2019-20,1,83,Western Australia Men,82,Victoria Men,2019-12-07T10:40:06Z,5,False,20,Peter Siddle,783,Cameron Bancroft,844,Jake Carder,127,167,Left,Third Man,4,0,4,4,LengthBall,Null,Played,0,Steer,Null,Over,Fast,Left,Null,Null,False,False,False,False,False,False,97,False,False,False,False,False,False,4,0,0,0,0,False,True,,,,,
174559,3,2.4,4.0,0.0,0.0,4.0,6.0,0.0,3841,,6094,Marsh Sheffield Shield 2019-20,1,83,Western Australia Men,82,Victoria Men,2019-12-07T10:40:43Z,6,False,20,Peter Siddle,783,Cameron Bancroft,844,Jake Carder,234,43,Left,Silly Mid Off,0,0,0,0,LengthBall,Null,Played,0,ForwardDefensive,Null,Over,Fast,Left,Null,Null,False,False,False,False,False,False,97,False,False,False,False,False,False,0,0,0,0,0,False,False,,,,,
174562,4,2.86,4.0,0.0,0.0,4.0,10.0,0.0,3841,,6094,Marsh Sheffield Shield 2019-20,1,83,Western Australia Men,82,Victoria Men,2019-12-07T10:41:31Z,1,False,351,Chris Tremain,844,Jake Carder,783,Cameron Bancroft,295,185,Right,Long Off,4,0,4,4,LengthBall,Null,HitHard,0,Drive,Null,Over,Fast,Left,Null,Null,False,False,False,False,False,False,150,False,False,False,False,False,False,4,0,0,0,0,False,True,,,,,
174562,4,2.86,4.0,0.0,0.0,4.0,10.0,0.0,3841,,6094,Marsh Sheffield Shield 2019-20,1,83,Western Australia Men,82,Victoria Men,2019-12-07T10:42:09Z,2,False,351,Chris Tremain,844,Jake Carder,783,Cameron Bancroft,90,48,Right,Wicketkeeper,0,0,0,0,LengthBall,Null,NoShot,0,Leave,Null,Over,Fast,Left,Null,Null,False,False,False,False,False,False,150,False,False,False,False,False,False,0,0,0,0,0,False,False,,,,,
174562,4,2.86,4.0,0.0,0.0,4.0,10.0,0.0,3841,,6094,Marsh Sheffield Shield 2019-20,1,83,Western Australia Men,82,Victoria Men,2019-12-07T10:42:43Z,3,False,351,Chris Tremain,844,Jake Carder,783,Cameron Bancroft,90,48,Right,Wicketkeeper,0,0,0,0,LengthBall,Null,NoShot,0,ShouldersArms,Null,Over,Fast,Left,Null,Null,False,False,False,False,False,False,150,False,False,False,False,False,False,0,0,0,0,0,False,False,,,,,
174562,4,2.86,4.0,0.0,0.0,4.0,10.0,0.0,3841,,6094,Marsh Sheffield Shield 2019-20,1,83,Western Australia Men,82,Victoria Men,2019-12-07T10:43:23Z,4,False,351,Chris Tremain,844,Jake Carder,783,Cameron Bancroft,90,48,Right,Wicketkeeper,0,0,0,0,BackOfALength,Null,NoShot,0,Leave,Null,Over,Fast,Left,Null,Null,False,False,False,False,False,False,150,False,False,False,False,False,False,0,0,0,0,0,False,False,,,,,
174562,4,2.86,4.0,0.0,0.0,4.0,10.0,0.0,3841,,6094,Marsh Sheffield Shield 2019-20,1,83,Western Australia Men,82,Victoria Men,2019-12-07T10:43:59Z,5,False,351,Chris Tremain,844,Jake Carder,783,Cameron Bancroft,328,59,Right,Short Extra Cover,0,0,0,0,Yorker,Null,Played,0,Pushed,Null,Over,Fast,Left,Null,Null,False,False,False,False,False,False,150,False,False,False,False,False,False,0,0,0,0,0,False,False,,,,,
174562,4,2.86,4.0,0.0,0.0,4.0,10.0,0.0,3841,,6094,Marsh Sheffield Shield 2019-20,1,83,Western Australia Men,82,Victoria Men,2019-12-07T10:44:34Z,6,False,351,Chris Tremain,844,Jake Carder,783,Cameron Bancroft,90,48,Right,Wicketkeeper,0,0,0,0,LengthBall,Null,NoShot,0,Leave,Null,Over,Fast,Left,Null,Null,False,False,False,False,False,False,150,False,False,False,False,False,False,0,0,0,0,0,False,False,,,,,
174565,5,3.11,0.0,0.0,4.0,4.0,14.0,0.0,3841,,6094,Marsh Sheffield Shield 2019-20,1,83,Western Australia Men,82,Victoria Men,2019-12-07T10:45:19Z,1,False,20,Peter Siddle,783,Cameron Bancroft,844,Jake Carder,77,163,Left,Fine Leg,0,4,4,0,LengthBall,Null,HitBody,0,Glance,Null,Over,Fast,Left,Null,Null,False,False,False,True,False,False,97,False,False,False,False,False,False,0,0,0,4,0,False,False,,,,,
174565,5,3.11,0.0,0.0,4.0,4.0,14.0,0.0,3841,,6094,Marsh Sheffield Shield 2019-20,1,83,Western Australia Men,82,Victoria Men,2019-12-07T10:46:00Z,2,False,20,Peter Siddle,783,Cameron Bancroft,844,Jake Carder,90,48,Left,Wicketkeeper,0,0,0,0,Short,Null,NoShot,0,Leave,Null,Over,Fast,Left,Null,Null,False,False,False,False,False,False,97,False,False,False,False,False,False,0,0,0,0,0,False,False,,,,,
174565,5,3.11,0.0,0.0,4.0,4.0,14.0,0.0,3841,,6094,Marsh Sheffield Shield 2019-20,1,83,Western Australia Men,82,Victoria Men,2019-12-07T10:46:39Z,3,False,20,Peter Siddle,783,Cameron Bancroft,844,Jake Carder,90,48,Left,Wicketkeeper,0,0,0,0,BackOfALength,Null,NoShot,0,Leave,Null,Over,Fast,Left,Null,Null,False,False,False,False,False,False,97,False,False,False,False,False,False,0,0,0,0,0,False,False,,,,,
174565,5,3.11,0.0,0.0,4.0,4.0,14.0,0.0,3841,,6094,Marsh Sheffield Shield 2019-20,1,83,Western Australia Men,82,Victoria Men,2019-12-07T10:47:12Z,4,False,20,Peter Siddle,783,Cameron Bancroft,844,Jake Carder,228,53,Left,Short Extra Cover,0,0,0,0,LengthBall,Null,Played,0,ForwardDefensive,Null,Over,Fast,Left,Null,Null,False,False,False,False,False,False,97,False,False,False,False,False,False,0,0,0,0,0,False,False,,,,,
174565,5,3.11,0.0,0.0,4.0,4.0,14.0,0.0,3841,,6094,Marsh Sheffield Shield 2019-20,1,83,Western Australia Men,82,Victoria Men,2019-12-07T10:47:45Z,5,False,20,Peter Siddle,783,Cameron Bancroft,844,Jake Carder,90,48,Left,Wicketkeeper,0,0,0,0,BackOfALength,Null,NoShot,0,ShouldersArms,Null,Over,Fast,Left,Null,Null,False,False,False,False,False,False,97,False,False,False,False,False,False,0,0,0,0,0,False,False,,,,,
174565,5,3.11,0.0,0.0,4.0,4.0,14.0,0.0,3841,,6094,Marsh Sheffield Shield 2019-20,1,83,Western Australia Men,82,Victoria Men,2019-12-07T10:48:18Z,6,False,20,Peter Siddle,783,Cameron Bancroft,844,Jake Carder,90,48,Left,Wicketkeeper,0,0,0,0,BackOfALength,Null,NoShot,0,Leave,Null,Over,Fast,Left,Null,Null,False,False,False,False,False,False,97,False,False,False,False,False,False,0,0,0,0,0,False,False,,,,,
174568,6,3.82,7.0,0.0,0.0,7.0,21.0,0.0,3841,,6094,Marsh Sheffield Shield 2019-20,1,83,Western Australia Men,82,Victoria Men,2019-12-07T10:49:03Z,1,False,351,Chris Tremain,844,Jake Carder,783,Cameron Bancroft,90,48,Right,Wicketkeeper,0,0,0,0,LengthBall,Null,NoShot,0,ShouldersArms,Null,Over,Fast,Left,Null,Null,False,False,False,False,False,False,150,False,False,False,False,False,False,0,0,0,0,0,False,False,,,,,
174568,6,3.82,7.0,0.0,0.0,7.0,21.0,0.0,3841,,6094,Marsh Sheffield Shield 2019-20,1,83,Western Australia Men,82,Victoria Men,2019-12-07T10:49:39Z,2,False,351,Chris Tremain,844,Jake Carder,783,Cameron Bancroft,322,83,Right,Extra Cover,0,0,0,0,LengthBall,Null,Played,0,Pushed,Null,Over,Fast,Left,Null,Null,False,False,False,False,False,False,150,False,False,False,False,False,False,0,0,0,0,0,False,False,,,,,
174568,6,3.82,7.0,0.0,0.0,7.0,21.0,0.0,3841,,6094,Marsh Sheffield Shield 2019-20,1,83,Western Australia Men,82,Victoria Men,2019-12-07T10:50:18Z,3,False,351,Chris Tremain,844,Jake Carder,783,Cameron Bancroft,332,165,Right,Deep Cover,4,0,4,4,BackOfALength,Null,Played,0,Drive,Null,Over,Fast,Left,Null,Null,False,False,False,False,False,False,150,False,False,False,False,False,False,4,0,0,0,0,False,False,,,,,
174568,6,3.82,7.0,0.0,0.0,7.0,21.0,0.0,3841,,6094,Marsh Sheffield Shield 2019-20,1,83,Western Australia Men,82,Victoria Men,2019-12-07T10:51:21Z,4,False,351,Chris Tremain,844,Jake Carder,783,Cameron Bancroft,334,139,Right,Deep Cover,2,0,2,2,BackOfALength,Null,Played,0,Drive,Null,Round,Fast,Left,Null,Null,False,False,False,False,False,False,150,False,False,False,False,False,False,2,0,0,0,0,False,False,,,,,
174568,6,3.82,7.0,0.0,0.0,7.0,21.0,0.0,3841,,6094,Marsh Sheffield Shield 2019-20,1,83,Western Australia Men,82,Victoria Men,2019-12-07T10:52:01Z,5,False,351,Chris Tremain,844,Jake Carder,783,Cameron Bancroft,109,105,Right,Short Fine Leg,1,0,1,1,HalfVolley,Null,Played,0,Flick,Null,Round,Fast,Left,Null,Null,False,False,False,False,False,False,150,False,False,False,False,False,False,1,0,0,0,0,False,False,,,,,
174568,6,3.82,7.0,0.0,0.0,7.0,21.0,0.0,3841,,6094,Marsh Sheffield Shield 2019-20,1,83,Western Australia Men,82,Victoria Men,2019-12-07T10:52:44Z,6,False,351,Chris Tremain,783,Cameron Bancroft,844,Jake Carder,282,66,Left,Silly Mid On,0,0,0,0,LengthBall,Null,Played,0,Pushed,Null,Over,Fast,Left,Null,Null,False,False,False,False,False,False,150,False,False,False,False,False,False,0,0,0,0,0,False,False,,,,,
174572,7,3.38,1.0,0.0,0.0,1.0,22.0,0.0,3841,,6094,Marsh Sheffield Shield 2019-20,1,83,Western Australia Men,82,Victoria Men,2019-12-07T10:53:55Z,1,False,20,Peter Siddle,844,Jake Carder,783,Cameron Bancroft,172,78,Right,Square Leg,1,0,1,1,LengthBall,Null,Played,0,Worked,Null,Round,Fast,Left,Null,Null,False,False,False,False,False,False,97,False,False,False,False,False,False,1,0,0,0,0,False,False,,,,,
174572,7,3.38,1.0,0.0,0.0,1.0,22.0,0.0,3841,,6094,Marsh Sheffield Shield 2019-20,1,83,Western Australia Men,82,Victoria Men,2019-12-07T10:54:33Z,2,False,20,Peter Siddle,783,Cameron Bancroft,844,Jake Carder,34,69,Left,Leg Gully,0,0,0,0,BackOfALength,Null,Played,0,Glance,Null,Over,Fast,Left,Null,Null,False,False,False,False,False,False,97,False,False,False,False,False,False,0,0,0,0,0,False,False,,,,,
174572,7,3.38,1.0,0.0,0.0,1.0,22.0,0.0,3841,,6094,Marsh Sheffield Shield 2019-20,1,83,Western Australia Men,82,Victoria Men,2019-12-07T10:55:14Z,3,False,20,Peter Siddle,783,Cameron Bancroft,844,Jake Carder,319,69,Left,Mid Wicket,0,0,0,0,LengthBall,Null,Played,0,Worked,Null,Over,Fast,Left,Null,Null,False,False,False,False,False,False,97,False,False,False,False,False,False,0,0,0,0,0,False,False,,,,,
174572,7,3.38,1.0,0.0,0.0,1.0,22.0,0.0,3841,,6094,Marsh Sheffield Shield 2019-20,1,83,Western Australia Men,82,Victoria Men,2019-12-07T10:55:48Z,4,False,20,Peter Siddle,783,Cameron Bancroft,844,Jake Carder,270,40,Left,Bowler,0,0,0,0,LengthBall,Null,Played,0,ForwardDefensive,Null,Over,Fast,Left,Null,Null,False,False,False,False,False,False,97,False,False,False,False,False,False,0,0,0,0,0,False,False,,,,,
174572,7,3.38,1.0,0.0,0.0,1.0,22.0,0.0,3841,,6094,Marsh Sheffield Shield 2019-20,1,83,Western Australia Men,82,Victoria Men,2019-12-07T10:56:19Z,5,False,20,Peter Siddle,783,Cameron Bancroft,844,Jake Carder,90,48,Left,Wicketkeeper,0,0,0,0,LengthBall,Null,Missed,0,ForwardDefensive,Null,Over,Fast,Left,Null,Null,False,False,False,False,False,False,97,False,False,False,False,False,False,0,0,0,0,0,False,False,,,,,
174572,7,3.38,1.0,0.0,0.0,1.0,22.0,0.0,3841,,6094,Marsh Sheffield Shield 2019-20,1,83,Western Australia Men,82,Victoria Men,2019-12-07T10:56:52Z,6,False,20,Peter Siddle,783,Cameron Bancroft,844,Jake Carder,185,13,Left,Silly Point,0,0,0,0,LengthBall,Null,HitBody,0,BackwardDefensive,Null,Over,Fast,Left,NotOut1stUmpire,Null,False,False,False,False,False,True,97,False,False,False,False,False,False,0,0,0,0,0,False,False,,,,,Lbw
174575,8,3.2,2.0,0.0,0.0,2.0,24.0,0.0,3841,,6094,Marsh Sheffield Shield 2019-20,1,83,Western Australia Men,82,Victoria Men,2019-12-07T10:57:45Z,1,False,351,Chris Tremain,844,Jake Carder,783,Cameron Bancroft,90,48,Right,Wicketkeeper,0,0,0,0,LengthBall,Null,NoShot,0,ShouldersArms,Null,Round,Fast,Left,Null,Null,False,False,False,False,False,False,150,False,False,False,False,False,False,0,0,0,0,0,False,False,,,,,
174575,8,3.2,2.0,0.0,0.0,2.0,24.0,0.0,3841,,6094,Marsh Sheffield Shield 2019-20,1,83,Western Australia Men,82,Victoria Men,2019-12-07T10:58:18Z,2,False,351,Chris Tremain,844,Jake Carder,783,Cameron Bancroft,220,111,Right,Mid Wicket,1,0,1,1,Yorker,Null,Played,0,Flick,Null,Round,Fast,Left,Null,Null,False,False,False,False,False,False,150,False,False,False,False,False,False,1,0,0,0,0,False,False,,,,,
174575,8,3.2,2.0,0.0,0.0,2.0,24.0,0.0,3841,,6094,Marsh Sheffield Shield 2019-20,1,83,Western Australia Men,82,Victoria Men,2019-12-07T10:59:02Z,3,False,351,Chris Tremain,783,Cameron Bancroft,844,Jake Carder,237,67,Left,Silly Mid Off,0,0,0,0,LengthBall,Null,Played,0,ForwardDefensive,Null,Over,Fast,Left,Null,Null,False,False,False,False,False,False,150,False,False,False,False,False,False,0,0,0,0,0,False,False,,,,,
174575,8,3.2,2.0,0.0,0.0,2.0,24.0,0.0,3841,,6094,Marsh Sheffield Shield 2019-20,1,83,Western Australia Men,82,Victoria Men,2019-12-07T10:59:35Z,4,False,351,Chris Tremain,783,Cameron Bancroft,844,Jake Carder,334,83,Left,Mid Wicket,1,0,1,1,BackOfALength,Null,Played,0,Worked,Null,Over,Fast,Left,Null,Null,False,False,False,False,False,False,150,False,False,False,False,False,False,1,0,0,0,0,False,False,,,,,
174575,8,3.2,2.0,0.0,0.0,2.0,24.0,0.0,3841,,6094,Marsh Sheffield Shield 2019-20,1,83,Western Australia Men,82,Victoria Men,2019-12-07T11:00:17Z,5,False,351,Chris Tremain,844,Jake Carder,783,Cameron Bancroft,90,48,Right,Wicketkeeper,0,0,0,0,LengthBall,Null,MissedLegSide,0,Flick,Null,Over,Fast,Left,Null,Null,False,False,False,False,False,False,150,False,False,False,False,False,False,0,0,0,0,0,False,False,,,,,
174575,8,3.2,2.0,0.0,0.0,2.0,24.0,0.0,3841,,6094,Marsh Sheffield Shield 2019-20,1,83,Western Australia Men,82,Victoria Men,2019-12-07T11:00:52Z,6,False,351,Chris Tremain,844,Jake Carder,783,Cameron Bancroft,328,57,Right,Short Extra Cover,0,0,0,0,BackOfALength,Null,Played,0,ForwardDefensive,Null,Round,Fast,Left,Null,Null,False,False,False,False,False,False,150,False,False,False,False,False,False,0,0,0,0,0,False,False,,,,,
174578,9,3.18,3.0,0.0,0.0,3.0,27.0,0.0,3841,,6094,Marsh Sheffield Shield 2019-20,1,83,Western Australia Men,82,Victoria Men,2019-12-07T11:01:39Z,1,False,20,Peter Siddle,783,Cameron Bancroft,844,Jake Carder,281,109,Left,Mid On,2,0,2,2,HalfVolley,Null,Played,0,Drive,Null,Over,Fast,Left,Null,Null,False,False,False,False,False,False,97,False,False,False,False,False,False,2,0,0,0,0,False,False,,,,,
174578,9,3.18,3.0,0.0,0.0,3.0,27.0,0.0,3841,,6094,Marsh Sheffield Shield 2019-20,1,83,Western Australia Men,82,Victoria Men,2019-12-07T11:02:15Z,2,False,20,Peter Siddle,783,Cameron Bancroft,844,Jake Carder,247,52,Left,Silly Mid Off,0,0,0,0,LengthBall,Null,Played,0,ForwardDefensive,Null,Over,Fast,Left,Null,Null,False,False,False,False,False,False,97,False,False,False,False,False,False,0,0,0,0,0,False,False,,,,,
174578,9,3.18,3.0,0.0,0.0,3.0,27.0,0.0,3841,,6094,Marsh Sheffield Shield 2019-20,1,83,Western Australia Men,82,Victoria Men,2019-12-07T11:02:50Z,3,False,20,Peter Siddle,783,Cameron Bancroft,844,Jake Carder,90,48,Left,Wicketkeeper,0,0,0,0,BackOfALength,Null,Missed,0,BackwardDefensive,Null,Over,Fast,Left,Null,Null,False,False,False,False,False,False,97,False,False,False,False,False,False,0,0,0,0,0,False,False,,,,,
174578,9,3.18,3.0,0.0,0.0,3.0,27.0,0.0,3841,,6094,Marsh Sheffield Shield 2019-20,1,83,Western Australia Men,82,Victoria Men,2019-12-07T11:03:22Z,4,False,20,Peter Siddle,783,Cameron Bancroft,844,Jake Carder,28,77,Left,Leg Gully,1,0,1,1,BackOfALength,Null,Played,0,Worked,Null,Over,Fast,Left,Null,Null,False,False,False,False,False,False,97,False,False,False,False,False,False,1,0,0,0,0,False,False,,,,,
174578,9,3.18,3.0,0.0,0.0,3.0,27.0,0.0,3841,,6094,Marsh Sheffield Shield 2019-20,1,83,Western Australia Men,82,Victoria Men,2019-12-07T11:04:04Z,5,False,20,Peter Siddle,844,Jake Carder,783,Cameron Bancroft,90,48,Right,Wicketkeeper,0,0,0,0,LengthBall,Null,Missed,0,ForwardDefensive,Null,Over,Fast,Left,Null,Null,False,False,False,False,False,False,97,False,False,False,False,False,False,0,0,0,0,0,False,False,,,,,
174578,9,3.18,3.0,0.0,0.0,3.0,27.0,0.0,3841,,6094,Marsh Sheffield Shield 2019-20,1,83,Western Australia Men,82,Victoria Men,2019-12-07T11:04:40Z,6,False,20,Peter Siddle,844,Jake Carder,783,Cameron Bancroft,42,65,Right,Short Third Man,0,0,0,0,LengthBall,Null,Played,0,Steer,Null,Over,Fast,Left,Null,Null,False,False,False,False,False,False,97,False,False,False,False,False,False,0,0,0,0,0,False,False,,,,,
174581,10,2.84,0.0,0.0,0.0,,27.0,0.0,3841,,6094,Marsh Sheffield Shield 2019-20,1,83,Western Australia Men,82,Victoria Men,2019-12-07T11:06:05Z,1,False,1068,Andrew Fekete,783,Cameron Bancroft,844,Jake Carder,90,48,Left,Wicketkeeper,0,0,0,0,BackOfALength,Null,NoShot,0,ShouldersArms,Null,Over,Fast,Left,Null,Null,False,False,False,False,False,False,150,False,False,False,False,False,False,0,0,0,0,0,False,False,,,,,
174581,10,2.84,0.0,0.0,0.0,,27.0,0.0,3841,,6094,Marsh Sheffield Shield 2019-20,1,83,Western Australia Men,82,Victoria Men,2019-12-07T11:06:42Z,2,False,1068,Andrew Fekete,783,Cameron Bancroft,844,Jake Carder,349,19,Left,Short Leg,0,0,0,0,BackOfALength,Null,Played,0,BackwardDefensive,Null,Over,Fast,Left,Null,Null,False,False,False,False,False,False,150,False,False,False,False,False,False,0,0,0,0,0,False,False,,,,,
174581,10,2.84,0.0,0.0,0.0,,27.0,0.0,3841,,6094,Marsh Sheffield Shield 2019-20,1,83,Western Australia Men,82,Victoria Men,2019-12-07T11:07:17Z,3,False,1068,Andrew Fekete,783,Cameron Bancroft,844,Jake Carder,23,67,Left,Leg Gully,0,0,0,0,BackOfALength,Null,Played,0,Worked,Null,Over,Fast,Left,Null,Null,False,False,False,False,False,False,150,False,False,False,False,False,False,0,0,0,0,0,False,False,,,,,
174581,10,2.84,0.0,0.0,0.0,,27.0,0.0,3841,,6094,Marsh Sheffield Shield 2019-20,1,83,Western Australia Men,82,Victoria Men,2019-12-07T11:07:55Z,4,False,1068,Andrew Fekete,783,Cameron Bancroft,844,Jake Carder,42,45,Left,Leg Gully,0,0,0,0,Short,Null,Played,0,Fended,Null,Over,Fast,Left,Null,Null,False,False,False,False,False,False,150,False,False,False,False,False,False,0,0,0,0,0,False,False,,,,,
174581,10,2.84,0.0,0.0,0.0,,27.0,0.0,3841,,6094,Marsh Sheffield Shield 2019-20,1,83,Western Australia Men,82,Victoria Men,2019-12-07T11:08:32Z,5,False,1068,Andrew Fekete,783,Cameron Bancroft,844,Jake Carder,90,48,Left,Wicketkeeper,0,0,0,0,BackOfALength,Null,NoShot,0,Leave,Null,Over,Fast,Left,Null,Null,False,False,False,False,False,False,150,False,False,False,False,False,False,0,0,0,0,0,False,False,,,,,
174581,10,2.84,0.0,0.0,0.0,,27.0,0.0,3841,,6094,Marsh Sheffield Shield 2019-20,1,83,Western Australia Men,82,Victoria Men,2019-12-07T11:09:08Z,6,False,1068,Andrew Fekete,783,Cameron Bancroft,844,Jake Carder,308,57,Left,Short Mid Wicket,0,0,0,0,LengthBall,Null,Played,0,ForwardDefensive,Null,Over,Fast,Left,Null,Null,False,False,False,False,False,False,150,False,False,False,False,False,False,0,0,0,0,0,False,False,,,,,
174584,11,2.67,1.0,1.0,0.0,1.0,28.0,1.0,3841,,6094,Marsh Sheffield Shield 2019-20,1,83,Western Australia Men,82,Victoria Men,2019-12-07T11:09:58Z,1,False,20,Peter Siddle,844,Jake Carder,783,Cameron Bancroft,210,82,Right,Mid Wicket,1,0,1,1,LengthBall,Null,Played,0,Worked,Null,Over,Fast,Left,Null,Null,False,False,False,False,False,False,97,False,False,False,False,False,False,1,0,0,0,0,False,False,,,,,
174584,11,2.67,1.0,1.0,0.0,1.0,28.0,1.0,3841,,6094,Marsh Sheffield Shield 2019-20,1,83,Western Australia Men,82,Victoria Men,2019-12-07T11:10:33Z,2,False,20,Peter Siddle,783,Cameron Bancroft,844,Jake Carder,270,40,Left,Bowler,0,0,0,0,LengthBall,Null,Played,0,ForwardDefensive,Null,Over,Fast,Left,Null,Null,False,False,False,False,False,False,97,False,False,False,False,False,False,0,0,0,0,0,False,False,,,,,
174584,11,2.67,1.0,1.0,0.0,1.0,28.0,1.0,3841,,6094,Marsh Sheffield Shield 2019-20,1,83,Western Australia Men,82,Victoria Men,2019-12-07T11:11:04Z,3,False,20,Peter Siddle,783,Cameron Bancroft,844,Jake Carder,161,46,Left,Gully,0,0,0,0,BackOfALength,Null,Played,0,BackwardDefensive,Null,Over,Fast,Left,Null,Null,False,False,False,False,False,False,97,False,False,False,False,False,False,0,0,0,0,0,False,False,,,,,
174584,11,2.67,1.0,1.0,0.0,1.0,28.0,1.0,3841,,6094,Marsh Sheffield Shield 2019-20,1,83,Western Australia Men,82,Victoria Men,2019-12-07T11:11:40Z,4,True,20,Peter Siddle,783,Cameron Bancroft,844,Jake Carder,47,57,Left,Leg Gully,0,0,0,0,LengthBall,Null,Edged,0,ForwardDefensive,Null,Over,Fast,Left,Out1stUmpire,Null,False,False,False,False,False,False,97,False,False,False,False,False,False,0,0,0,0,0,False,False,Caught,783.0,Cameron Bancroft,Caught,
174584,11,2.67,1.0,1.0,0.0,1.0,28.0,1.0,3841,,6094,Marsh Sheffield Shield 2019-20,1,83,Western Australia Men,82,Victoria Men,2019-12-07T11:14:02Z,5,False,20,Peter Siddle,721,Shaun Marsh,844,Jake Carder,194,19,Right,Short Leg,0,0,0,0,LengthBall,Null,Played,0,Worked,Null,Over,Fast,Left,Null,Null,False,False,False,False,False,False,97,False,False,False,False,False,False,0,0,0,0,0,False,False,,,,,
174584,11,2.67,1.0,1.0,0.0,1.0,28.0,1.0,3841,,6094,Marsh Sheffield Shield 2019-20,1,83,Western Australia Men,82,Victoria Men,2019-12-07T11:14:35Z,6,False,20,Peter Siddle,721,Shaun Marsh,844,Jake Carder,90,48,Right,Wicketkeeper,0,0,0,0,LengthBall,Null,NoShot,0,Leave,Null,Over,Fast,Left,Null,Null,False,False,False,False,False,False,97,False,False,False,False,False,False,0,0,0,0,0,False,False,,,,,
174589,12,3.13,8.0,0.0,0.0,8.0,36.0,1.0,3841,,6094,Marsh Sheffield Shield 2019-20,1,83,Western Australia Men,82,Victoria Men,2019-12-07T11:15:33Z,1,False,1068,Andrew Fekete,844,Jake Carder,721,Shaun Marsh,90,48,Right,Wicketkeeper,0,0,0,0,LengthBall,Null,NoShot,0,Leave,Null,Over,Fast,Left,Null,Null,False,False,False,False,False,False,150,False,False,False,False,False,False,0,0,0,0,0,False,False,,,,,
174589,12,3.13,8.0,0.0,0.0,8.0,36.0,1.0,3841,,6094,Marsh Sheffield Shield 2019-20,1,83,Western Australia Men,82,Victoria Men,2019-12-07T11:16:09Z,2,False,1068,Andrew Fekete,844,Jake Carder,721,Shaun Marsh,338,49,Right,Short Extra Cover,0,0,0,0,LengthBall,Null,Played,0,BackwardDefensive,Null,Over,Fast,Left,Null,Null,False,False,False,False,False,False,150,False,False,False,False,False,False,0,0,0,0,0,False,False,,,,,
174589,12,3.13,8.0,0.0,0.0,8.0,36.0,1.0,3841,,6094,Marsh Sheffield Shield 2019-20,1,83,Western Australia Men,82,Victoria Men,2019-12-07T11:16:42Z,3,False,1068,Andrew Fekete,844,Jake Carder,721,Shaun Marsh,344,47,Right,Point,0,0,0,0,LengthBall,Null,Played,0,ForwardDefensive,Null,Over,Fast,Left,Null,Null,False,False,False,False,False,False,150,False,False,False,False,False,False,0,0,0,0,0,False,False,,,,,
174589,12,3.13,8.0,0.0,0.0,8.0,36.0,1.0,3841,,6094,Marsh Sheffield Shield 2019-20,1,83,Western Australia Men,82,Victoria Men,2019-12-07T11:17:16Z,4,False,1068,Andrew Fekete,844,Jake Carder,721,Shaun Marsh,23,163,Right,Deep Backward Point,4,0,4,4,LengthBall,Null,Played,0,Cut,Null,Over,Fast,Left,Null,Null,False,False,False,False,False,False,150,False,False,False,False,False,False,4,0,0,0,0,False,True,,,,,
174589,12,3.13,8.0,0.0,0.0,8.0,36.0,1.0,3841,,6094,Marsh Sheffield Shield 2019-20,1,83,Western Australia Men,82,Victoria Men,2019-12-07T11:17:59Z,5,False,1068,Andrew Fekete,844,Jake Carder,721,Shaun Marsh,103,165,Right,Fine Leg,4,0,4,4,LengthBall,Null,Played,0,Flick,Null,Over,Fast,Left,Null,Null,False,False,False,False,False,False,150,False,False,False,False,False,False,4,0,0,0,0,False,True,,,,,
174589,12,3.13,8.0,0.0,0.0,8.0,36.0,1.0,3841,,6094,Marsh Sheffield Shield 2019-20,1,83,Western Australia Men,82,Victoria Men,2019-12-07T11:18:39Z,6,False,1068,Andrew Fekete,844,Jake Carder,721,Shaun Marsh,336,40,Right,Short Extra Cover,0,0,0,0,LengthBall,Null,Played,0,ForwardDefensive,Null,Over,Fast,Left,Null,Null,False,False,False,False,False,False,150,False,False,False,False,False,False,0,0,0,0,0,False,False,,,,,
174594,13,2.88,0.0,0.0,0.0,,36.0,1.0,3841,,6094,Marsh Sheffield Shield 2019-20,1,83,Western Australia Men,82,Victoria Men,2019-12-07T11:19:26Z,1,False,20,Peter Siddle,721,Shaun Marsh,844,Jake Carder,33,57,Right,Fourth Slip,0,0,0,0,LengthBall,Null,Played,0,Steer,Null,Over,Fast,Left,Null,Null,False,False,False,False,False,False,97,False,False,False,False,False,False,0,0,0,0,0,False,False,,,,,
174594,13,2.88,0.0,0.0,0.0,,36.0,1.0,3841,,6094,Marsh Sheffield Shield 2019-20,1,83,Western Australia Men,82,Victoria Men,2019-12-07T11:20:04Z,2,False,20,Peter Siddle,721,Shaun Marsh,844,Jake Carder,270,40,Right,Bowler,0,0,0,0,LengthBall,Null,Played,0,ForwardDefensive,Null,Over,Fast,Left,Null,Null,False,False,False,False,False,False,97,False,False,False,False,False,False,0,0,0,0,0,False,False,,,,,
174594,13,2.88,0.0,0.0,0.0,,36.0,1.0,3841,,6094,Marsh Sheffield Shield 2019-20,1,83,Western Australia Men,82,Victoria Men,2019-12-07T11:20:38Z,3,False,20,Peter Siddle,721,Shaun Marsh,844,Jake Carder,197,11,Right,Short Leg,0,0,0,0,Short,Null,HitBody,0,Fended,Null,Over,Fast,Left,Null,Null,False,False,False,False,False,False,97,False,False,False,False,False,False,0,0,0,0,0,False,False,,,,,
174594,13,2.88,0.0,0.0,0.0,,36.0,1.0,3841,,6094,Marsh Sheffield Shield 2019-20,1,83,Western Australia Men,82,Victoria Men,2019-12-07T11:23:21Z,4,False,20,Peter Siddle,721,Shaun Marsh,844,Jake Carder,209,48,Right,Short Mid Wicket,0,0,0,0,LengthBall,Null,Played,0,Worked,Null,Over,Fast,Left,Null,Null,False,False,False,False,False,False,97,False,False,False,False,False,False,0,0,0,0,0,False,False,,,,,
174594,13,2.88,0.0,0.0,0.0,,36.0,1.0,3841,,6094,Marsh Sheffield Shield 2019-20,1,83,Western Australia Men,82,Victoria Men,2019-12-07T11:24:01Z,5,False,20,Peter Siddle,721,Shaun Marsh,844,Jake Carder,90,48,Right,Wicketkeeper,0,0,0,0,BackOfALength,Null,NoShot,0,Leave,Null,Over,Fast,Left,Null,Null,False,False,False,False,False,False,97,False,False,False,False,False,False,0,0,0,0,0,False,False,,,,,
174594,13,2.88,0.0,0.0,0.0,,36.0,1.0,3841,,6094,Marsh Sheffield Shield 2019-20,1,83,Western Australia Men,82,Victoria Men,2019-12-07T11:24:39Z,6,False,20,Peter Siddle,721,Shaun Marsh,844,Jake Carder,230,48,Right,Short Mid Wicket,0,0,0,0,LengthBall,Null,Played,0,Worked,Null,Over,Fast,Left,Null,Null,False,False,False,False,False,False,97,False,False,False,False,False,False,0,0,0,0,0,False,False,,,,,
174598,14,2.89,3.0,0.0,0.0,3.0,39.0,1.0,3841,,6094,Marsh Sheffield Shield 2019-20,1,83,Western Australia Men,82,Victoria Men,2019-12-07T11:25:35Z,1,False,1068,Andrew Fekete,844,Jake Carder,721,Shaun Marsh,212,118,Right,Mid Wicket,3,0,3,3,LengthBall,Null,Played,0,Drive,Null,Over,Fast,Left,Null,Null,False,False,False,False,False,False,150,False,False,False,False,False,False,3,0,0,0,0,False,False,,,,,
174598,14,2.89,3.0,0.0,0.0,3.0,39.0,1.0,3841,,6094,Marsh Sheffield Shield 2019-20,1,83,Western Australia Men,82,Victoria Men,2019-12-07T11:26:19Z,2,False,1068,Andrew Fekete,721,Shaun Marsh,844,Jake Carder,312,68,Right,Extra Cover,0,0,0,0,LengthBall,Null,Played,0,Pushed,Null,Over,Fast,Left,Null,Null,False,False,False,False,False,False,150,False,False,False,False,False,False,0,0,0,0,0,False,False,,,,,
174598,14,2.89,3.0,0.0,0.0,3.0,39.0,1.0,3841,,6094,Marsh Sheffield Shield 2019-20,1,83,Western Australia Men,82,Victoria Men,2019-12-07T11:27:00Z,3,False,1068,Andrew Fekete,721,Shaun Marsh,844,Jake Carder,90,48,Right,Wicketkeeper,0,0,0,0,LengthBall,Null,NoShot,0,Leave,Null,Over,Fast,Left,Null,Null,False,False,False,False,False,False,150,False,False,False,False,False,False,0,0,0,0,0,False,False,,,,,
174598,14,2.89,3.0,0.0,0.0,3.0,39.0,1.0,3841,,6094,Marsh Sheffield Shield 2019-20,1,83,Western Australia Men,82,Victoria Men,2019-12-07T11:27:32Z,4,False,1068,Andrew Fekete,721,Shaun Marsh,844,Jake Carder,206,47,Right,Short Mid Wicket,0,0,0,0,BackOfALength,Null,Played,0,Worked,Null,Over,Fast,Left,Null,Null,False,False,False,False,False,False,150,False,False,False,False,False,False,0,0,0,0,0,False,False,,,,,
174598,14,2.89,3.0,0.0,0.0,3.0,39.0,1.0,3841,,6094,Marsh Sheffield Shield 2019-20,1,83,Western Australia Men,82,Victoria Men,2019-12-07T11:28:11Z,5,False,1068,Andrew Fekete,721,Shaun Marsh,844,Jake Carder,306,59,Right,Silly Mid Off,0,0,0,0,LengthBall,Null,Played,0,ForwardDefensive,Null,Over,Fast,Left,Null,Null,False,False,False,False,False,False,150,False,False,False,False,False,False,0,0,0,0,0,False,False,,,,,
174598,14,2.89,3.0,0.0,0.0,3.0,39.0,1.0,3841,,6094,Marsh Sheffield Shield 2019-20,1,83,Western Australia Men,82,Victoria Men,2019-12-07T11:28:45Z,6,False,1068,Andrew Fekete,721,Shaun Marsh,844,Jake Carder,90,48,Right,Wicketkeeper,0,0,0,0,LengthBall,Null,NoShot,0,Leave,Null,Over,Fast,Left,Null,Null,False,False,False,False,False,False,150,False,False,False,False,False,False,0,0,0,0,0,False,False,,,,,
174603,15,2.69,0.0,0.0,0.0,,39.0,1.0,3841,,6094,Marsh Sheffield Shield 2019-20,1,83,Western Australia Men,82,Victoria Men,2019-12-07T11:29:52Z,1,False,1193,Will Sutherland,844,Jake Carder,721,Shaun Marsh,90,48,Right,Wicketkeeper,0,0,0,0,LengthBall,Null,NoShot,0,ShouldersArms,Null,Over,Fast,Left,Null,Null,False,False,False,False,False,False,97,False,False,False,False,False,False,0,0,0,0,0,False,False,,,,,
174603,15,2.69,0.0,0.0,0.0,,39.0,1.0,3841,,6094,Marsh Sheffield Shield 2019-20,1,83,Western Australia Men,82,Victoria Men,2019-12-07T11:30:23Z,2,False,1193,Will Sutherland,844,Jake Carder,721,Shaun Marsh,270,40,Right,Bowler,0,0,0,0,LengthBall,Null,Played,0,ForwardDefensive,Null,Over,Fast,Left,Null,Null,False,False,False,False,False,False,97,False,False,False,False,False,False,0,0,0,0,0,False,False,,,,,
174603,15,2.69,0.0,0.0,0.0,,39.0,1.0,3841,,6094,Marsh Sheffield Shield 2019-20,1,83,Western Australia Men,82,Victoria Men,2019-12-07T11:30:59Z,3,False,1193,Will Sutherland,844,Jake Carder,721,Shaun Marsh,90,48,Right,Wicketkeeper,0,0,0,0,LengthBall,Null,MissedLegSide,0,Worked,Null,Over,Fast,Left,Null,Null,False,False,False,False,False,False,97,False,False,False,False,False,False,0,0,0,0,0,False,False,,,,,
174603,15,2.69,0.0,0.0,0.0,,39.0,1.0,3841,,6094,Marsh Sheffield Shield 2019-20,1,83,Western Australia Men,82,Victoria Men,2019-12-07T11:31:31Z,4,False,1193,Will Sutherland,844,Jake Carder,721,Shaun Marsh,90,48,Right,Wicketkeeper,0,0,0,0,LengthBall,Null,NoShot,0,ShouldersArms,Null,Over,Fast,Left,Null,Null,False,False,False,False,False,False,97,False,False,False,False,False,False,0,0,0,0,0,False,False,,,,,
174603,15,2.69,0.0,0.0,0.0,,39.0,1.0,3841,,6094,Marsh Sheffield Shield 2019-20,1,83,Western Australia Men,82,Victoria Men,2019-12-07T11:32:03Z,5,False,1193,Will Sutherland,844,Jake Carder,721,Shaun Marsh,90,48,Right,Wicketkeeper,0,0,0,0,LengthBall,Null,NoShot,0,Leave,Null,Over,Fast,Left,Null,Null,False,False,False,False,False,False,97,False,False,False,False,False,False,0,0,0,0,0,False,False,,,,,
174603,15,2.69,0.0,0.0,0.0,,39.0,1.0,3841,,6094,Marsh Sheffield Shield 2019-20,1,83,Western Australia Men,82,Victoria Men,2019-12-07T11:32:46Z,6,False,1193,Will Sutherland,844,Jake Carder,721,Shaun Marsh,90,48,Right,Wicketkeeper,0,0,0,0,LengthBall,Null,NoShot,0,Leave,Null,Round,Fast,Left,Null,Null,False,False,False,False,False,False,97,False,False,False,False,False,False,0,0,0,0,0,False,False,,,,,
174608,16,2.52,4.0,0.0,0.0,4.0,43.0,1.0,3841,,6094,Marsh Sheffield Shield 2019-20,1,83,Western Australia Men,82,Victoria Men,2019-12-07T11:36:04Z,1,False,351,Chris Tremain,721,Shaun Marsh,844,Jake Carder,90,48,Right,Wicketkeeper,0,0,0,0,LengthBall,Null,NoShot,0,Leave,Null,Over,Fast,Left,NotOut2ndUmpire,Null,False,False,False,False,False,True,150,False,False,False,False,False,False,0,0,0,0,0,False,False,,,,,Caught
174608,16,2.52,4.0,0.0,0.0,4.0,43.0,1.0,3841,,6094,Marsh Sheffield Shield 2019-20,1,83,Western Australia Men,82,Victoria Men,2019-12-07T11:36:50Z,2,False,351,Chris Tremain,721,Shaun Marsh,844,Jake Carder,90,48,Right,Wicketkeeper,0,0,0,0,LengthBall,Null,NoShot,0,Leave,Null,Over,Fast,Left,Null,Null,False,False,False,False,False,False,150,False,False,False,False,False,False,0,0,0,0,0,False,False,,,,,
174608,16,2.52,4.0,0.0,0.0,4.0,43.0,1.0,3841,,6094,Marsh Sheffield Shield 2019-20,1,83,Western Australia Men,82,Victoria Men,2019-12-07T11:37:25Z,3,False,351,Chris Tremain,721,Shaun Marsh,844,Jake Carder,90,48,Right,Wicketkeeper,0,0,0,0,LengthBall,Null,NoShot,0,Leave,Null,Over,Fast,Left,Null,Null,False,False,False,False,False,False,150,False,False,False,False,False,False,0,0,0,0,0,False,False,,,,,
174608,16,2.52,4.0,0.0,0.0,4.0,43.0,1.0,3841,,6094,Marsh Sheffield Shield 2019-20,1,83,Western Australia Men,82,Victoria Men,2019-12-07T11:38:00Z,4,False,351,Chris Tremain,721,Shaun Marsh,844,Jake Carder,305,45,Right,Silly Mid Off,0,0,0,0,LengthBall,Null,Played,0,ForwardDefensive,Null,Over,Fast,Left,Null,Null,False,False,False,False,False,False,150,False,False,False,False,False,False,0,0,0,0,0,False,False,,,,,
174608,16,2.52,4.0,0.0,0.0,4.0,43.0,1.0,3841,,6094,Marsh Sheffield Shield 2019-20,1,83,Western Australia Men,82,Victoria Men,2019-12-07T11:38:38Z,5,False,351,Chris Tremain,721,Shaun Marsh,844,Jake Carder,90,48,Right,Wicketkeeper,0,0,0,0,LengthBall,Null,NoShot,0,Leave,Null,Over,Fast,Left,Null,Null,False,False,False,False,False,False,150,False,False,False,False,False,False,0,0,0,0,0,False,False,,,,,
174608,16,2.52,4.0,0.0,0.0,4.0,43.0,1.0,3841,,6094,Marsh Sheffield Shield 2019-20,1,83,Western Australia Men,82,Victoria Men,2019-12-07T11:39:20Z,6,False,351,Chris Tremain,721,Shaun Marsh,844,Jake Carder,105,163,Right,Fine Leg,4,0,4,4,LengthBall,Null,Played,0,Glance,Null,Over,Fast,Left,Null,Null,False,False,False,False,False,False,150,False,False,False,False,False,False,4,0,0,0,0,False,True,,,,,
174611,17,2.67,1.0,0.0,1.0,1.0,44.0,1.0,3841,,6094,Marsh Sheffield Shield 2019-20,1,83,Western Australia Men,82,Victoria Men,2019-12-07T11:40:10Z,1,False,1193,Will Sutherland,844,Jake Carder,721,Shaun Marsh,90,48,Right,Wicketkeeper,0,0,0,0,BackOfALength,Null,Missed,0,Cut,Null,Round,Fast,Left,Null,Null,False,False,False,False,False,False,97,False,False,False,False,False,False,0,0,0,0,0,False,False,,,,,
174611,17,2.67,1.0,0.0,1.0,1.0,44.0,1.0,3841,,6094,Marsh Sheffield Shield 2019-20,1,83,Western Australia Men,82,Victoria Men,2019-12-07T11:40:41Z,2,False,1193,Will Sutherland,844,Jake Carder,721,Shaun Marsh,90,48,Right,Wicketkeeper,0,0,0,0,LengthBall,Null,NoShot,0,ShouldersArms,Null,Round,Fast,Left,Null,Null,False,False,False,False,False,False,97,False,False,False,False,False,False,0,0,0,0,0,False,False,,,,,
174611,17,2.67,1.0,0.0,1.0,1.0,44.0,1.0,3841,,6094,Marsh Sheffield Shield 2019-20,1,83,Western Australia Men,82,Victoria Men,2019-12-07T11:41:14Z,3,False,1193,Will Sutherland,844,Jake Carder,721,Shaun Marsh,90,48,Right,Wicketkeeper,1,1,1,0,LengthBall,Null,NoShot,0,Leave,Null,Round,Fast,Left,Null,FrontFoot,False,True,False,False,False,False,97,False,False,False,False,False,False,0,0,0,0,1,False,False,,,,,
174611,17,2.67,1.0,0.0,1.0,1.0,44.0,1.0,3841,,6094,Marsh Sheffield Shield 2019-20,1,83,Western Australia Men,82,Victoria Men,2019-12-07T11:41:47Z,3,False,1193,Will Sutherland,844,Jake Carder,721,Shaun Marsh,90,48,Right,Wicketkeeper,0,0,0,0,LengthBall,Null,NoShot,0,Leave,Null,Round,Fast,Left,Null,Null,False,False,False,False,False,False,97,False,False,False,False,False,False,0,0,0,0,0,False,False,,,,,
174611,17,2.67,1.0,0.0,1.0,1.0,44.0,1.0,3841,,6094,Marsh Sheffield Shield 2019-20,1,83,Western Australia Men,82,Victoria Men,2019-12-07T11:42:20Z,4,False,1193,Will Sutherland,844,Jake Carder,721,Shaun Marsh,339,55,Right,Short Extra Cover,0,0,0,0,HalfVolley,Null,Played,0,ForwardDefensive,Null,Round,Fast,Left,Null,Null,False,False,False,False,False,False,97,False,False,False,False,False,False,0,0,0,0,0,False,False,,,,,
174611,17,2.67,1.0,0.0,1.0,1.0,44.0,1.0,3841,,6094,Marsh Sheffield Shield 2019-20,1,83,Western Australia Men,82,Victoria Men,2019-12-07T11:42:55Z,5,False,1193,Will Sutherland,844,Jake Carder,721,Shaun Marsh,33,35,Right,Third Slip,0,0,0,0,LengthBall,Null,Played,0,ForwardDefensive,Null,Round,Fast,Left,Null,Null,False,False,False,False,False,False,97,False,False,False,False,False,False,0,0,0,0,0,False,False,,,,,
174611,17,2.67,1.0,0.0,1.0,1.0,44.0,1.0,3841,,6094,Marsh Sheffield Shield 2019-20,1,83,Western Australia Men,82,Victoria Men,2019-12-07T11:43:30Z,6,False,1193,Will Sutherland,844,Jake Carder,721,Shaun Marsh,90,48,Right,Wicketkeeper,0,0,0,0,LengthBall,Null,NoShot,0,ShouldersArms,Null,Round,Fast,Left,Null,Null,False,False,False,False,False,False,97,False,False,False,False,False,False,0,0,0,0,0,False,False,,,,,
174614,18,2.51,0.0,0.0,0.0,,44.0,1.0,3841,,6094,Marsh Sheffield Shield 2019-20,1,83,Western Australia Men,82,Victoria Men,2019-12-07T11:44:15Z,1,False,351,Chris Tremain,721,Shaun Marsh,844,Jake Carder,90,48,Right,Wicketkeeper,0,0,0,0,LengthBall,Null,NoShot,0,Leave,Null,Round,Fast,Left,Null,Null,False,False,False,False,False,False,150,False,False,False,False,False,False,0,0,0,0,0,False,False,,,,,
174614,18,2.51,0.0,0.0,0.0,,44.0,1.0,3841,,6094,Marsh Sheffield Shield 2019-20,1,83,Western Australia Men,82,Victoria Men,2019-12-07T11:44:50Z,2,False,351,Chris Tremain,721,Shaun Marsh,844,Jake Carder,90,48,Right,Wicketkeeper,0,0,0,0,BackOfALength,Null,NoShot,0,Leave,Null,Over,Fast,Left,Null,Null,False,False,False,False,False,False,150,False,False,False,False,False,False,0,0,0,0,0,False,False,,,,,
174614,18,2.51,0.0,0.0,0.0,,44.0,1.0,3841,,6094,Marsh Sheffield Shield 2019-20,1,83,Western Australia Men,82,Victoria Men,2019-12-07T11:45:30Z,3,False,351,Chris Tremain,721,Shaun Marsh,844,Jake Carder,90,48,Right,Wicketkeeper,0,0,0,0,LengthBall,Null,NoShot,0,Leave,Null,Over,Fast,Left,Null,Null,False,False,False,False,False,False,150,False,False,False,False,False,False,0,0,0,0,0,False,False,,,,,
174614,18,2.51,0.0,0.0,0.0,,44.0,1.0,3841,,6094,Marsh Sheffield Shield 2019-20,1,83,Western Australia Men,82,Victoria Men,2019-12-07T11:46:13Z,4,False,351,Chris Tremain,721,Shaun Marsh,844,Jake Carder,90,48,Right,Wicketkeeper,0,0,0,0,LengthBall,Null,NoShot,0,Leave,Null,Over,Fast,Left,Null,Null,False,False,False,False,False,False,150,False,False,False,False,False,False,0,0,0,0,0,False,False,,,,,
174614,18,2.51,0.0,0.0,0.0,,44.0,1.0,3841,,6094,Marsh Sheffield Shield 2019-20,1,83,Western Australia Men,82,Victoria Men,2019-12-07T11:46:56Z,5,False,351,Chris Tremain,721,Shaun Marsh,844,Jake Carder,90,48,Right,Wicketkeeper,0,0,0,0,BackOfALength,Null,NoShot,0,Leave,Null,Round,Fast,Left,Null,Null,False,False,False,False,False,False,150,False,False,False,False,False,False,0,0,0,0,0,False,False,,,,,
174614,18,2.51,0.0,0.0,0.0,,44.0,1.0,3841,,6094,Marsh Sheffield Shield 2019-20,1,83,Western Australia Men,82,Victoria Men,2019-12-07T11:47:33Z,6,False,351,Chris Tremain,721,Shaun Marsh,844,Jake Carder,90,48,Right,Wicketkeeper,0,0,0,0,BackOfALength,Null,NoShot,0,Leave,Null,Round,Fast,Left,Null,Null,False,False,False,False,False,False,150,False,False,False,False,False,False,0,0,0,0,0,False,False,,,,,
174617,19,2.59,4.0,0.0,0.0,4.0,48.0,1.0,3841,,6094,Marsh Sheffield Shield 2019-20,1,83,Western Australia Men,82,Victoria Men,2019-12-07T11:48:22Z,1,False,1193,Will Sutherland,844,Jake Carder,721,Shaun Marsh,90,48,Right,Wicketkeeper,0,0,0,0,LengthBall,Null,NoShot,0,Leave,Null,Round,Fast,Left,Null,Null,False,False,False,False,False,False,97,False,False,False,False,False,False,0,0,0,0,0,False,False,,,,,
174617,19,2.59,4.0,0.0,0.0,4.0,48.0,1.0,3841,,6094,Marsh Sheffield Shield 2019-20,1,83,Western Australia Men,82,Victoria Men,2019-12-07T11:48:59Z,2,False,1193,Will Sutherland,844,Jake Carder,721,Shaun Marsh,357,21,Right,Silly Point,0,0,0,0,BackOfALength,Null,Played,0,BackwardDefensive,Null,Round,Fast,Left,Null,Null,False,False,False,False,False,False,97,False,False,False,False,False,False,0,0,0,0,0,False,False,,,,,
174617,19,2.59,4.0,0.0,0.0,4.0,48.0,1.0,3841,,6094,Marsh Sheffield Shield 2019-20,1,83,Western Australia Men,82,Victoria Men,2019-12-07T11:49:32Z,3,False,1193,Will Sutherland,844,Jake Carder,721,Shaun Marsh,338,57,Right,Short Extra Cover,0,0,0,0,LengthBall,Null,Played,0,ForwardDefensive,Null,Round,Fast,Left,Null,Null,False,False,False,False,False,False,97,False,False,False,False,False,False,0,0,0,0,0,False,False,,,,,
174617,19,2.59,4.0,0.0,0.0,4.0,48.0,1.0,3841,,6094,Marsh Sheffield Shield 2019-20,1,83,Western Australia Men,82,Victoria Men,2019-12-07T11:50:08Z,4,False,1193,Will Sutherland,844,Jake Carder,721,Shaun Marsh,334,38,Right,Short Extra Cover,0,0,0,0,HalfVolley,Null,Played,0,ForwardDefensive,Null,Round,Fast,Left,Null,Null,False,False,False,False,False,False,97,False,False,False,False,False,False,0,0,0,0,0,False,False,,,,,
174617,19,2.59,4.0,0.0,0.0,4.0,48.0,1.0,3841,,6094,Marsh Sheffield Shield 2019-20,1,83,Western Australia Men,82,Victoria Men,2019-12-07T11:50:42Z,5,False,1193,Will Sutherland,844,Jake Carder,721,Shaun Marsh,22,171,Right,Deep Backward Point,4,0,4,4,BackOfALength,Null,Played,0,Cut,Null,Round,Fast,Left,Null,Null,False,False,False,False,True,False,97,False,False,False,False,False,False,4,0,0,0,0,False,True,,,,,
174617,19,2.59,4.0,0.0,0.0,4.0,48.0,1.0,3841,,6094,Marsh Sheffield Shield 2019-20,1,83,Western Australia Men,82,Victoria Men,2019-12-07T11:51:21Z,6,False,1193,Will Sutherland,844,Jake Carder,721,Shaun Marsh,90,48,Right,Wicketkeeper,0,0,0,0,LengthBall,Null,NoShot,0,Leave,Null,Round,Fast,Left,Null,Null,False,False,False,False,False,False,97,False,False,False,False,False,False,0,0,0,0,0,False,False,,,,,
174619,20,2.72,1.0,0.0,4.0,5.0,53.0,1.0,3841,,6094,Marsh Sheffield Shield 2019-20,1,83,Western Australia Men,82,Victoria Men,2019-12-07T11:52:05Z,1,False,351,Chris Tremain,721,Shaun Marsh,844,Jake Carder,90,48,Right,Wicketkeeper,0,0,0,0,LengthBall,Null,Missed,0,ForwardDefensive,Null,Round,Fast,Left,Null,Null,False,False,False,False,False,False,150,False,False,False,False,False,False,0,0,0,0,0,False,False,,,,,
174619,20,2.72,1.0,0.0,4.0,5.0,53.0,1.0,3841,,6094,Marsh Sheffield Shield 2019-20,1,83,Western Australia Men,82,Victoria Men,2019-12-07T11:52:42Z,2,False,351,Chris Tremain,721,Shaun Marsh,844,Jake Carder,100,161,Right,Fine Leg,0,4,4,0,LengthBall,Null,NoShot,0,Leave,Null,Round,Fast,Left,Null,Null,False,False,True,False,False,False,150,False,False,False,False,False,False,0,4,0,0,0,False,False,,,,,
174619,20,2.72,1.0,0.0,4.0,5.0,53.0,1.0,3841,,6094,Marsh Sheffield Shield 2019-20,1,83,Western Australia Men,82,Victoria Men,2019-12-07T11:53:28Z,3,False,351,Chris Tremain,721,Shaun Marsh,844,Jake Carder,142,70,Right,Short Fine Leg,1,0,1,1,BackOfALength,Null,Played,0,Fended,Null,Round,Fast,Left,Null,Null,False,False,False,False,False,False,150,False,False,False,False,False,False,1,0,0,0,0,False,False,,,,,
174619,20,2.72,1.0,0.0,4.0,5.0,53.0,1.0,3841,,6094,Marsh Sheffield Shield 2019-20,1,83,Western Australia Men,82,Victoria Men,2019-12-07T11:54:08Z,4,False,351,Chris Tremain,844,Jake Carder,721,Shaun Marsh,321,72,Right,Extra Cover,0,0,0,0,LengthBall,Null,Played,0,ForwardDefensive,Null,Round,Fast,Left,Null,Null,False,False,False,False,False,False,150,False,False,False,False,False,False,0,0,0,0,0,False,False,,,,,
174619,20,2.72,1.0,0.0,4.0,5.0,53.0,1.0,3841,,6094,Marsh Sheffield Shield 2019-20,1,83,Western Australia Men,82,Victoria Men,2019-12-07T11:54:44Z,5,False,351,Chris Tremain,844,Jake Carder,721,Shaun Marsh,90,48,Right,Wicketkeeper,0,0,0,0,BackOfALength,Null,NoShot,0,ShouldersArms,Null,Round,Fast,Left,Null,Null,False,False,False,False,False,False,150,False,False,False,False,False,False,0,0,0,0,0,False,False,,,,,
174619,20,2.72,1.0,0.0,4.0,5.0,53.0,1.0,3841,,6094,Marsh Sheffield Shield 2019-20,1,83,Western Australia Men,82,Victoria Men,2019-12-07T11:55:19Z,6,False,351,Chris Tremain,844,Jake Carder,721,Shaun Marsh,353,78,Right,Point,0,0,0,0,BackOfALength,Null,Played,0,Pushed,Null,Round,Fast,Left,Null,Null,False,False,False,False,False,False,150,False,False,False,False,False,False,0,0,0,0,0,False,False,,,,,
174622,21,2.73,3.0,0.0,0.0,3.0,56.0,1.0,3841,,6094,Marsh Sheffield Shield 2019-20,1,83,Western Australia Men,82,Victoria Men,2019-12-07T11:56:11Z,1,False,1193,Will Sutherland,721,Shaun Marsh,844,Jake Carder,90,48,Right,Wicketkeeper,0,0,0,0,LengthBall,Null,NoShot,0,Leave,Null,Round,Fast,Left,Null,Null,False,False,False,False,False,False,97,False,False,False,False,False,False,0,0,0,0,0,False,False,,,,,
174622,21,2.73,3.0,0.0,0.0,3.0,56.0,1.0,3841,,6094,Marsh Sheffield Shield 2019-20,1,83,Western Australia Men,82,Victoria Men,2019-12-07T11:56:59Z,2,False,1193,Will Sutherland,721,Shaun Marsh,844,Jake Carder,203,38,Right,Short Mid Wicket,0,0,0,0,HalfVolley,Null,Played,0,Worked,Null,Round,Fast,Left,Null,Null,False,False,False,False,False,False,97,False,False,False,False,False,False,0,0,0,0,0,False,False,,,,,
174622,21,2.73,3.0,0.0,0.0,3.0,56.0,1.0,3841,,6094,Marsh Sheffield Shield 2019-20,1,83,Western Australia Men,82,Victoria Men,2019-12-07T11:57:35Z,3,False,1193,Will Sutherland,721,Shaun Marsh,844,Jake Carder,90,48,Right,Wicketkeeper,0,0,0,0,LengthBall,Null,NoShot,0,Leave,Null,Round,Fast,Left,Null,Null,False,False,False,False,False,False,97,False,False,False,False,False,False,0,0,0,0,0,False,False,,,,,
174622,21,2.73,3.0,0.0,0.0,3.0,56.0,1.0,3841,,6094,Marsh Sheffield Shield 2019-20,1,83,Western Australia Men,82,Victoria Men,2019-12-07T11:58:10Z,4,False,1193,Will Sutherland,721,Shaun Marsh,844,Jake Carder,223,50,Right,Short Mid Wicket,0,0,0,0,LengthBall,Null,Played,0,ForwardDefensive,Null,Round,Fast,Left,Null,Null,False,False,False,False,False,False,97,False,False,False,False,False,False,0,0,0,0,0,False,False,,,,,
174622,21,2.73,3.0,0.0,0.0,3.0,56.0,1.0,3841,,6094,Marsh Sheffield Shield 2019-20,1,83,Western Australia Men,82,Victoria Men,2019-12-07T11:58:49Z,5,False,1193,Will Sutherland,721,Shaun Marsh,844,Jake Carder,222,150,Right,Mid On,3,0,3,3,HalfVolley,Null,Played,0,Flick,Null,Round,Fast,Left,Null,Null,False,False,False,False,False,False,97,False,False,False,False,False,False,3,0,0,0,0,False,False,,,,,
174622,21,2.73,3.0,0.0,0.0,3.0,56.0,1.0,3841,,6094,Marsh Sheffield Shield 2019-20,1,83,Western Australia Men,82,Victoria Men,2019-12-07T11:59:36Z,6,False,1193,Will Sutherland,844,Jake Carder,721,Shaun Marsh,90,48,Right,Wicketkeeper,0,0,0,0,LengthBall,Null,NoShot,0,ShouldersArms,Null,Round,Fast,Left,Null,Null,False,False,False,False,False,False,97,False,False,False,False,False,False,0,0,0,0,0,False,False,,,,,
174626,22,2.74,4.0,0.0,2.0,6.0,62.0,1.0,3841,,6094,Marsh Sheffield Shield 2019-20,1,83,Western Australia Men,82,Victoria Men,2019-12-07T12:01:01Z,1,False,1080,Matt Short,721,Shaun Marsh,844,Jake Carder,14,108,Right,Backward Point,1,0,1,1,BackOfALength,Null,Played,0,Cut,Null,Round,OffSpin,Left,Null,Null,False,False,False,False,True,False,150,False,False,False,False,False,False,1,0,0,0,0,False,False,,,,,
174626,22,2.74,4.0,0.0,2.0,6.0,62.0,1.0,3841,,6094,Marsh Sheffield Shield 2019-20,1,83,Western Australia Men,82,Victoria Men,2019-12-07T12:01:23Z,2,False,1080,Matt Short,844,Jake Carder,721,Shaun Marsh,95,124,Right,Fine Leg,0,2,2,0,LengthBall,Null,Missed,0,ForwardDefensive,Null,Round,OffSpin,Left,Null,Null,False,False,True,False,False,False,150,False,False,False,False,False,False,0,2,0,0,0,False,False,,,,,
174626,22,2.74,4.0,0.0,2.0,6.0,62.0,1.0,3841,,6094,Marsh Sheffield Shield 2019-20,1,83,Western Australia Men,82,Victoria Men,2019-12-07T12:02:10Z,3,False,1080,Matt Short,844,Jake Carder,721,Shaun Marsh,229,44,Right,Short Mid Wicket,0,0,0,0,LengthBall,Null,Played,0,ForwardDefensive,Null,Round,OffSpin,Left,Null,Null,False,False,False,False,False,False,150,False,False,False,False,False,False,0,0,0,0,0,False,False,,,,,
174626,22,2.74,4.0,0.0,2.0,6.0,62.0,1.0,3841,,6094,Marsh Sheffield Shield 2019-20,1,83,Western Australia Men,82,Victoria Men,2019-12-07T12:02:32Z,4,False,1080,Matt Short,844,Jake Carder,721,Shaun Marsh,345,75,Right,Cover,0,0,0,0,LengthBall,Null,Played,0,Pushed,Null,Round,OffSpin,Left,Null,Null,False,False,False,False,False,False,150,False,False,False,False,False,False,0,0,0,0,0,False,False,,,,,
174626,22,2.74,4.0,0.0,2.0,6.0,62.0,1.0,3841,,6094,Marsh Sheffield Shield 2019-20,1,83,Western Australia Men,82,Victoria Men,2019-12-07T12:02:51Z,5,False,1080,Matt Short,844,Jake Carder,721,Shaun Marsh,330,53,Right,Short Extra Cover,0,0,0,0,LengthBall,Null,Played,0,ForwardDefensive,Null,Round,OffSpin,Left,Null,Null,False,False,False,False,False,False,150,False,False,False,False,False,False,0,0,0,0,0,False,False,,,,,
174626,22,2.74,4.0,0.0,2.0,6.0,62.0,1.0,3841,,6094,Marsh Sheffield Shield 2019-20,1,83,Western Australia Men,82,Victoria Men,2019-12-07T12:03:14Z,6,False,1080,Matt Short,844,Jake Carder,721,Shaun Marsh,329,155,Right,Deep Extra Cover,3,0,3,3,LengthBall,Null,Played,0,Drive,Null,Round,OffSpin,Left,Null,Null,False,False,False,False,False,False,150,False,False,False,False,False,False,3,0,0,0,0,False,False,,,,,
174629,23,2.89,3.0,0.0,0.0,3.0,65.0,1.0,3841,,6094,Marsh Sheffield Shield 2019-20,1,83,Western Australia Men,82,Victoria Men,2019-12-07T12:04:12Z,1,False,1193,Will Sutherland,844,Jake Carder,721,Shaun Marsh,351,57,Right,Point,0,0,0,0,BackOfALength,Null,Played,0,BackwardDefensive,Null,Round,Fast,Left,Null,Null,False,False,False,False,False,False,97,False,False,False,False,False,False,0,0,0,0,0,False,False,,,,,
174629,23,2.89,3.0,0.0,0.0,3.0,65.0,1.0,3841,,6094,Marsh Sheffield Shield 2019-20,1,83,Western Australia Men,82,Victoria Men,2019-12-07T12:04:43Z,2,False,1193,Will Sutherland,844,Jake Carder,721,Shaun Marsh,309,63,Right,Silly Mid Off,0,0,0,0,LengthBall,Null,Played,0,ForwardDefensive,Null,Round,Fast,Left,Null,Null,False,False,False,False,False,False,97,False,False,False,False,False,False,0,0,0,0,0,False,False,,,,,
174629,23,2.89,3.0,0.0,0.0,3.0,65.0,1.0,3841,,6094,Marsh Sheffield Shield 2019-20,1,83,Western Australia Men,82,Victoria Men,2019-12-07T12:05:15Z,3,False,1193,Will Sutherland,844,Jake Carder,721,Shaun Marsh,262,133,Right,Long On,3,0,3,3,LengthBall,Null,Played,0,Pushed,Null,Round,Fast,Left,Null,Null,False,False,False,False,False,False,97,False,False,False,False,False,False,3,0,0,0,0,False,False,,,,,
174629,23,2.89,3.0,0.0,0.0,3.0,65.0,1.0,3841,,6094,Marsh Sheffield Shield 2019-20,1,83,Western Australia Men,82,Victoria Men,2019-12-07T12:06:01Z,4,False,1193,Will Sutherland,721,Shaun Marsh,844,Jake Carder,239,52,Right,Silly Mid On,0,0,0,0,HalfVolley,Null,Played,0,ForwardDefensive,Null,Round,Fast,Left,Null,Null,False,False,False,False,False,False,97,False,False,False,False,False,False,0,0,0,0,0,False,False,,,,,
174629,23,2.89,3.0,0.0,0.0,3.0,65.0,1.0,3841,,6094,Marsh Sheffield Shield 2019-20,1,83,Western Australia Men,82,Victoria Men,2019-12-07T12:06:36Z,5,False,1193,Will Sutherland,721,Shaun Marsh,844,Jake Carder,345,37,Right,Point,0,0,0,0,LengthBall,Null,Played,0,BackwardDefensive,Null,Round,Fast,Left,Null,Null,False,False,False,False,False,False,97,False,False,False,False,False,False,0,0,0,0,0,False,False,,,,,
174629,23,2.89,3.0,0.0,0.0,3.0,65.0,1.0,3841,,6094,Marsh Sheffield Shield 2019-20,1,83,Western Australia Men,82,Victoria Men,2019-12-07T12:07:13Z,6,False,1193,Will Sutherland,721,Shaun Marsh,844,Jake Carder,90,48,Right,Wicketkeeper,0,0,0,0,LengthBall,Null,NoShot,0,Leave,Null,Round,Fast,Left,Null,Null,False,False,False,False,False,False,97,False,False,False,False,False,False,0,0,0,0,0,False,False,,,,,
174631,24,2.94,5.0,0.0,0.0,5.0,70.0,1.0,3841,,6094,Marsh Sheffield Shield 2019-20,1,83,Western Australia Men,82,Victoria Men,2019-12-07T12:08:03Z,1,False,1080,Matt Short,844,Jake Carder,721,Shaun Marsh,342,56,Right,Point,0,0,0,0,HalfVolley,Null,Played,0,Pushed,Null,Round,OffSpin,Left,Null,Null,False,False,False,False,False,False,150,False,False,False,False,False,False,0,0,0,0,0,False,False,,,,,
174631,24,2.94,5.0,0.0,0.0,5.0,70.0,1.0,3841,,6094,Marsh Sheffield Shield 2019-20,1,83,Western Australia Men,82,Victoria Men,2019-12-07T12:08:24Z,2,False,1080,Matt Short,844,Jake Carder,721,Shaun Marsh,335,100,Right,Cover,1,0,1,1,Yorker,Null,Played,0,Drive,Null,Round,OffSpin,Left,Null,Null,False,False,False,False,False,False,150,False,False,False,False,False,False,1,0,0,0,0,False,False,,,,,
174631,24,2.94,5.0,0.0,0.0,5.0,70.0,1.0,3841,,6094,Marsh Sheffield Shield 2019-20,1,83,Western Australia Men,82,Victoria Men,2019-12-07T12:08:52Z,3,False,1080,Matt Short,721,Shaun Marsh,844,Jake Carder,256,37,Right,Silly Mid On,0,0,0,0,LengthBall,Null,Played,0,ForwardDefensive,Null,Round,OffSpin,Left,Null,Null,False,False,False,False,False,False,150,False,False,False,False,False,False,0,0,0,0,0,False,False,,,,,
174631,24,2.94,5.0,0.0,0.0,5.0,70.0,1.0,3841,,6094,Marsh Sheffield Shield 2019-20,1,83,Western Australia Men,82,Victoria Men,2019-12-07T12:09:05Z,4,False,1080,Matt Short,721,Shaun Marsh,844,Jake Carder,109,82,Right,Short Fine Leg,2,0,2,2,LengthBall,Null,Played,0,Worked,Null,Round,OffSpin,Left,Null,Null,False,False,False,False,False,False,150,False,False,False,False,False,False,2,0,0,0,0,False,False,,,,,
174631,24,2.94,5.0,0.0,0.0,5.0,70.0,1.0,3841,,6094,Marsh Sheffield Shield 2019-20,1,83,Western Australia Men,82,Victoria Men,2019-12-07T12:09:36Z,5,False,1080,Matt Short,721,Shaun Marsh,844,Jake Carder,222,56,Right,Short Mid Wicket,1,0,1,1,LengthBall,Null,Played,0,Worked,Null,Round,OffSpin,Left,Null,Null,False,False,False,False,False,False,150,False,False,False,False,False,False,1,0,0,0,0,False,False,,,,,
174631,24,2.94,5.0,0.0,0.0,5.0,70.0,1.0,3841,,6094,Marsh Sheffield Shield 2019-20,1,83,Western Australia Men,82,Victoria Men,2019-12-07T12:10:00Z,6,False,1080,Matt Short,844,Jake Carder,721,Shaun Marsh,138,66,Right,Short Fine Leg,1,0,1,1,LengthBall,Null,Played,0,Worked,Null,Round,OffSpin,Left,Null,Null,False,False,False,False,False,False,150,False,False,False,False,False,False,1,0,0,0,0,False,False,,,,,
174633,25,2.9,0.0,0.0,1.0,1.0,71.0,1.0,3841,,6094,Marsh Sheffield Shield 2019-20,1,83,Western Australia Men,82,Victoria Men,2019-12-07T12:10:47Z,1,False,1193,Will Sutherland,844,Jake Carder,721,Shaun Marsh,90,48,Right,Wicketkeeper,0,0,0,0,LengthBall,Null,NoShot,0,Leave,Null,Round,Fast,Left,Null,Null,False,False,False,False,False,False,97,False,False,False,False,False,False,0,0,0,0,0,False,False,,,,,
174633,25,2.9,0.0,0.0,1.0,1.0,71.0,1.0,3841,,6094,Marsh Sheffield Shield 2019-20,1,83,Western Australia Men,82,Victoria Men,2019-12-07T12:11:21Z,2,False,1193,Will Sutherland,844,Jake Carder,721,Shaun Marsh,90,48,Right,Wicketkeeper,0,0,0,0,LengthBall,Null,NoShot,0,Leave,Null,Round,Fast,Left,Null,Null,False,False,False,False,False,False,97,False,False,False,False,False,False,0,0,0,0,0,False,False,,,,,
174633,25,2.9,0.0,0.0,1.0,1.0,71.0,1.0,3841,,6094,Marsh Sheffield Shield 2019-20,1,83,Western Australia Men,82,Victoria Men,2019-12-07T12:11:55Z,3,False,1193,Will Sutherland,844,Jake Carder,721,Shaun Marsh,167,34,Right,Leg Gully,0,0,0,0,HalfVolley,Null,Edged,0,Flick,Null,Round,Fast,Left,NotOut1stUmpire,Null,False,False,False,False,False,True,97,False,False,False,False,False,False,0,0,0,0,0,False,False,,,,,Lbw
174633,25,2.9,0.0,0.0,1.0,1.0,71.0,1.0,3841,,6094,Marsh Sheffield Shield 2019-20,1,83,Western Australia Men,82,Victoria Men,2019-12-07T12:12:36Z,4,False,1193,Will Sutherland,844,Jake Carder,721,Shaun Marsh,270,40,Right,Bowler,0,0,0,0,LengthBall,Null,Played,0,BackwardDefensive,Null,Round,Fast,Left,Null,Null,False,False,False,False,False,False,97,False,False,False,False,False,False,0,0,0,0,0,False,False,,,,,
174633,25,2.9,0.0,0.0,1.0,1.0,71.0,1.0,3841,,6094,Marsh Sheffield Shield 2019-20,1,83,Western Australia Men,82,Victoria Men,2019-12-07T12:13:08Z,5,False,1193,Will Sutherland,844,Jake Carder,721,Shaun Marsh,149,64,Right,Leg Gully,0,1,1,0,LengthBall,Null,HitPad,0,Flick,Null,Round,Fast,Left,Null,Null,False,False,False,True,False,False,97,False,False,False,False,False,False,0,0,0,1,0,False,False,,,,,
174633,25,2.9,0.0,0.0,1.0,1.0,71.0,1.0,3841,,6094,Marsh Sheffield Shield 2019-20,1,83,Western Australia Men,82,Victoria Men,2019-12-07T12:13:50Z,6,False,1193,Will Sutherland,721,Shaun Marsh,844,Jake Carder,63,45,Right,Second Slip,0,0,0,0,LengthBall,Null,Edged,0,ForwardDefensive,Null,Round,Fast,Left,Null,Null,False,False,False,False,False,False,97,False,False,False,False,False,False,0,0,0,0,0,False,False,,,,,
174637,26,2.82,1.0,0.0,0.0,1.0,72.0,1.0,3841,,6094,Marsh Sheffield Shield 2019-20,1,83,Western Australia Men,82,Victoria Men,2019-12-07T12:14:48Z,1,False,1080,Matt Short,844,Jake Carder,721,Shaun Marsh,342,47,Right,Point,0,0,0,0,LengthBall,Null,Played,0,ForwardDefensive,Null,Round,OffSpin,Left,Null,Null,False,False,False,False,False,False,150,False,False,False,False,False,False,0,0,0,0,0,False,False,,,,,
174637,26,2.82,1.0,0.0,0.0,1.0,72.0,1.0,3841,,6094,Marsh Sheffield Shield 2019-20,1,83,Western Australia Men,82,Victoria Men,2019-12-07T12:15:04Z,2,False,1080,Matt Short,844,Jake Carder,721,Shaun Marsh,353,89,Right,Point,1,0,1,1,LengthBall,Null,Played,0,Cut,Null,Round,OffSpin,Left,Null,Null,False,False,False,False,False,False,150,False,False,False,False,False,False,1,0,0,0,0,False,False,,,,,
174637,26,2.82,1.0,0.0,0.0,1.0,72.0,1.0,3841,,6094,Marsh Sheffield Shield 2019-20,1,83,Western Australia Men,82,Victoria Men,2019-12-07T12:15:31Z,3,False,1080,Matt Short,721,Shaun Marsh,844,Jake Carder,90,48,Right,Wicketkeeper,0,0,0,0,LengthBall,Null,NoShot,0,Leave,Null,Round,OffSpin,Left,Null,Null,False,False,False,False,False,False,150,False,False,False,False,False,False,0,0,0,0,0,False,False,,,,,
174637,26,2.82,1.0,0.0,0.0,1.0,72.0,1.0,3841,,6094,Marsh Sheffield Shield 2019-20,1,83,Western Australia Men,82,Victoria Men,2019-12-07T12:15:46Z,4,False,1080,Matt Short,721,Shaun Marsh,844,Jake Carder,90,48,Right,Wicketkeeper,0,0,0,0,BackOfALength,Null,NoShot,0,Leave,Null,Round,OffSpin,Left,Null,Null,False,False,False,False,False,False,150,False,False,False,False,False,False,0,0,0,0,0,False,False,,,,,
174637,26,2.82,1.0,0.0,0.0,1.0,72.0,1.0,3841,,6094,Marsh Sheffield Shield 2019-20,1,83,Western Australia Men,82,Victoria Men,2019-12-07T12:16:07Z,5,False,1080,Matt Short,721,Shaun Marsh,844,Jake Carder,270,40,Right,Bowler,0,0,0,0,LengthBall,Null,Played,0,ForwardDefensive,Null,Round,OffSpin,Left,Null,Null,False,False,False,False,False,False,150,False,False,False,False,False,False,0,0,0,0,0,False,False,,,,,
174637,26,2.82,1.0,0.0,0.0,1.0,72.0,1.0,3841,,6094,Marsh Sheffield Shield 2019-20,1,83,Western Australia Men,82,Victoria Men,2019-12-07T12:16:22Z,6,False,1080,Matt Short,721,Shaun Marsh,844,Jake Carder,90,48,Right,Wicketkeeper,0,0,0,0,LengthBall,Null,NoShot,0,Leave,Null,Round,OffSpin,Left,Null,Null,False,False,False,False,False,False,150,False,False,False,False,False,False,0,0,0,0,0,False,False,,,,,
174641,27,2.72,1.0,0.0,0.0,1.0,73.0,1.0,3841,,6094,Marsh Sheffield Shield 2019-20,1,83,Western Australia Men,82,Victoria Men,2019-12-07T12:17:29Z,1,False,20,Peter Siddle,844,Jake Carder,721,Shaun Marsh,90,48,Right,Wicketkeeper,0,0,0,0,LengthBall,Null,NoShot,0,ShouldersArms,Null,Over,Fast,Left,Null,Null,False,False,False,False,False,False,97,False,False,False,False,False,False,0,0,0,0,0,False,False,,,,,
174641,27,2.72,1.0,0.0,0.0,1.0,73.0,1.0,3841,,6094,Marsh Sheffield Shield 2019-20,1,83,Western Australia Men,82,Victoria Men,2019-12-07T12:17:59Z,2,False,20,Peter Siddle,844,Jake Carder,721,Shaun Marsh,90,48,Right,Wicketkeeper,0,0,0,0,LengthBall,Null,Missed,0,ForwardDefensive,Null,Over,Fast,Left,Null,Null,False,False,False,False,False,False,97,False,False,False,False,False,False,0,0,0,0,0,False,False,,,,,
174641,27,2.72,1.0,0.0,0.0,1.0,73.0,1.0,3841,,6094,Marsh Sheffield Shield 2019-20,1,83,Western Australia Men,82,Victoria Men,2019-12-07T12:18:31Z,3,False,20,Peter Siddle,844,Jake Carder,721,Shaun Marsh,90,48,Right,Wicketkeeper,0,0,0,0,BackOfALength,Null,NoShot,0,Leave,Null,Over,Fast,Left,Null,Null,False,False,False,False,False,False,97,False,False,False,False,False,False,0,0,0,0,0,False,False,,,,,
174641,27,2.72,1.0,0.0,0.0,1.0,73.0,1.0,3841,,6094,Marsh Sheffield Shield 2019-20,1,83,Western Australia Men,82,Victoria Men,2019-12-07T12:19:04Z,4,False,20,Peter Siddle,844,Jake Carder,721,Shaun Marsh,90,48,Right,Wicketkeeper,0,0,0,0,LengthBall,Null,NoShot,0,Leave,Null,Over,Fast,Left,Null,Null,False,False,False,False,False,False,97,False,False,False,False,False,False,0,0,0,0,0,False,False,,,,,
174641,27,2.72,1.0,0.0,0.0,1.0,73.0,1.0,3841,,6094,Marsh Sheffield Shield 2019-20,1,83,Western Australia Men,82,Victoria Men,2019-12-07T12:19:34Z,5,False,20,Peter Siddle,844,Jake Carder,721,Shaun Marsh,17,36,Right,Gully,0,0,0,0,HalfVolley,Null,HitBody,0,BackwardDefensive,Null,Over,Fast,Left,Null,Null,False,False,False,False,False,False,97,False,False,False,False,False,False,0,0,0,0,0,False,False,,,,,
174641,27,2.72,1.0,0.0,0.0,1.0,73.0,1.0,3841,,6094,Marsh Sheffield Shield 2019-20,1,83,Western Australia Men,82,Victoria Men,2019-12-07T12:20:10Z,6,False,20,Peter Siddle,844,Jake Carder,721,Shaun Marsh,135,80,Right,Short Fine Leg,1,0,1,1,BackOfALength,Null,Edged,0,Glance,Null,Over,Fast,Left,Null,Null,False,False,False,False,False,False,97,False,False,False,False,False,False,1,0,0,0,0,False,False,,,,,
174643,28,2.65,1.0,0.0,0.0,1.0,74.0,1.0,3841,,6094,Marsh Sheffield Shield 2019-20,1,83,Western Australia Men,82,Victoria Men,2019-12-07T12:21:01Z,1,False,1080,Matt Short,844,Jake Carder,721,Shaun Marsh,222,77,Right,Mid Wicket,0,0,0,0,LengthBall,Null,Played,0,Worked,Null,Round,OffSpin,Left,Null,Null,False,False,False,False,False,False,150,False,False,False,False,False,False,0,0,0,0,0,False,False,,,,,
174643,28,2.65,1.0,0.0,0.0,1.0,74.0,1.0,3841,,6094,Marsh Sheffield Shield 2019-20,1,83,Western Australia Men,82,Victoria Men,2019-12-07T12:21:16Z,2,False,1080,Matt Short,844,Jake Carder,721,Shaun Marsh,325,74,Right,Extra Cover,0,0,0,0,LengthBall,Null,Played,0,Drive,Null,Round,OffSpin,Left,Null,Null,False,False,False,False,False,False,150,False,False,False,False,False,False,0,0,0,0,0,False,False,,,,,
174643,28,2.65,1.0,0.0,0.0,1.0,74.0,1.0,3841,,6094,Marsh Sheffield Shield 2019-20,1,83,Western Australia Men,82,Victoria Men,2019-12-07T12:21:33Z,3,False,1080,Matt Short,844,Jake Carder,721,Shaun Marsh,90,48,Right,Wicketkeeper,0,0,0,0,HalfVolley,Null,Missed,0,BackwardDefensive,Null,Round,OffSpin,Left,Null,Null,False,False,False,False,False,False,150,False,False,False,False,False,False,0,0,0,0,0,False,False,,,,,
174643,28,2.65,1.0,0.0,0.0,1.0,74.0,1.0,3841,,6094,Marsh Sheffield Shield 2019-20,1,83,Western Australia Men,82,Victoria Men,2019-12-07T12:21:52Z,4,False,1080,Matt Short,844,Jake Carder,721,Shaun Marsh,90,48,Right,Wicketkeeper,0,0,0,0,LengthBall,Null,NoShot,0,Leave,Null,Round,OffSpin,Left,Null,Null,False,False,False,False,False,False,150,False,False,False,False,False,False,0,0,0,0,0,False,False,,,,,
174643,28,2.65,1.0,0.0,0.0,1.0,74.0,1.0,3841,,6094,Marsh Sheffield Shield 2019-20,1,83,Western Australia Men,82,Victoria Men,2019-12-07T12:22:08Z,5,False,1080,Matt Short,844,Jake Carder,721,Shaun Marsh,343,63,Right,Point,0,0,0,0,LengthBall,Null,Played,0,BackwardDefensive,Null,Round,OffSpin,Left,Null,Null,False,False,False,False,False,False,150,False,False,False,False,False,False,0,0,0,0,0,False,False,,,,,
174643,28,2.65,1.0,0.0,0.0,1.0,74.0,1.0,3841,,6094,Marsh Sheffield Shield 2019-20,1,83,Western Australia Men,82,Victoria Men,2019-12-07T12:22:26Z,6,False,1080,Matt Short,844,Jake Carder,721,Shaun Marsh,352,101,Right,Point,1,0,1,1,LengthBall,Null,Played,0,Cut,Null,Round,OffSpin,Left,Null,Null,False,False,False,False,False,False,150,False,False,False,False,False,False,1,0,0,0,0,False,False,,,,,
174646,29,2.6,0.0,0.0,0.0,,74.0,1.0,3841,,6094,Marsh Sheffield Shield 2019-20,1,83,Western Australia Men,82,Victoria Men,2019-12-07T12:23:21Z,1,False,20,Peter Siddle,844,Jake Carder,721,Shaun Marsh,90,48,Right,Wicketkeeper,0,0,0,0,LengthBall,Null,NoShot,0,ShouldersArms,Null,Over,Fast,Left,Null,Null,False,False,False,False,False,False,97,False,False,False,False,False,False,0,0,0,0,0,False,False,,,,,
174646,29,2.6,0.0,0.0,0.0,,74.0,1.0,3841,,6094,Marsh Sheffield Shield 2019-20,1,83,Western Australia Men,82,Victoria Men,2019-12-07T12:23:55Z,2,False,20,Peter Siddle,844,Jake Carder,721,Shaun Marsh,342,39,Right,Point,0,0,0,0,LengthBall,Null,Played,0,BackwardDefensive,Null,Round,Fast,Left,Null,Null,False,False,False,False,False,False,97,False,False,False,False,False,False,0,0,0,0,0,False,False,,,,,
174646,29,2.6,0.0,0.0,0.0,,74.0,1.0,3841,,6094,Marsh Sheffield Shield 2019-20,1,83,Western Australia Men,82,Victoria Men,2019-12-07T12:24:24Z,3,False,20,Peter Siddle,844,Jake Carder,721,Shaun Marsh,90,48,Right,Wicketkeeper,0,0,0,0,BackOfALength,Null,NoShot,0,Leave,Null,Round,Fast,Left,Null,Null,False,False,False,False,False,False,97,False,False,False,False,False,False,0,0,0,0,0,False,False,,,,,
174646,29,2.6,0.0,0.0,0.0,,74.0,1.0,3841,,6094,Marsh Sheffield Shield 2019-20,1,83,Western Australia Men,82,Victoria Men,2019-12-07T12:24:52Z,4,False,20,Peter Siddle,844,Jake Carder,721,Shaun Marsh,90,48,Right,Wicketkeeper,0,0,0,0,BackOfALength,Null,NoShot,0,ShouldersArms,Null,Round,Fast,Left,Null,Null,False,False,False,False,False,False,97,False,False,False,False,False,False,0,0,0,0,0,False,False,,,,,
174646,29,2.6,0.0,0.0,0.0,,74.0,1.0,3841,,6094,Marsh Sheffield Shield 2019-20,1,83,Western Australia Men,82,Victoria Men,2019-12-07T12:25:23Z,5,False,20,Peter Siddle,844,Jake Carder,721,Shaun Marsh,313,58,Right,Short Extra Cover,0,0,0,0,LengthBall,Null,Played,0,ForwardDefensive,Null,Round,Fast,Left,Null,Null,False,False,False,False,False,False,97,False,False,False,False,False,False,0,0,0,0,0,False,False,,,,,
174646,29,2.6,0.0,0.0,0.0,,74.0,1.0,3841,,6094,Marsh Sheffield Shield 2019-20,1,83,Western Australia Men,82,Victoria Men,2019-12-07T12:25:53Z,6,False,20,Peter Siddle,844,Jake Carder,721,Shaun Marsh,270,40,Right,Bowler,0,0,0,0,LengthBall,Null,Played,0,BackwardDefensive,Null,Round,Fast,Left,Null,Null,False,False,False,False,False,False,97,False,False,False,False,False,False,0,0,0,0,0,False,False,,,,,
174649,30,2.58,2.0,0.0,0.0,2.0,76.0,1.0,3841,,6094,Marsh Sheffield Shield 2019-20,1,83,Western Australia Men,82,Victoria Men,2019-12-07T12:26:32Z,1,False,1080,Matt Short,721,Shaun Marsh,844,Jake Carder,332,66,Right,Short Extra Cover,0,0,0,0,LengthBall,Null,Played,0,Pushed,Null,Round,OffSpin,Left,Null,Null,False,False,False,False,False,False,150,False,False,False,False,False,False,0,0,0,0,0,False,False,,,,,
174649,30,2.58,2.0,0.0,0.0,2.0,76.0,1.0,3841,,6094,Marsh Sheffield Shield 2019-20,1,83,Western Australia Men,82,Victoria Men,2019-12-07T12:26:47Z,2,False,1080,Matt Short,721,Shaun Marsh,844,Jake Carder,90,48,Right,Wicketkeeper,0,0,0,0,LengthBall,Null,NoShot,0,Leave,Null,Round,OffSpin,Left,Null,Null,False,False,False,False,False,False,150,False,False,False,False,False,False,0,0,0,0,0,False,False,,,,,
174649,30,2.58,2.0,0.0,0.0,2.0,76.0,1.0,3841,,6094,Marsh Sheffield Shield 2019-20,1,83,Western Australia Men,82,Victoria Men,2019-12-07T12:26:59Z,3,False,1080,Matt Short,721,Shaun Marsh,844,Jake Carder,299,134,Right,Long Off,2,0,2,2,LengthBall,Null,Played,0,Drive,Null,Round,OffSpin,Left,Null,Null,False,False,False,False,True,False,150,False,False,False,False,False,False,2,0,0,0,0,False,False,,,,,
174649,30,2.58,2.0,0.0,0.0,2.0,76.0,1.0,3841,,6094,Marsh Sheffield Shield 2019-20,1,83,Western Australia Men,82,Victoria Men,2019-12-07T12:27:32Z,4,False,1080,Matt Short,721,Shaun Marsh,844,Jake Carder,90,48,Right,Wicketkeeper,0,0,0,0,LengthBall,Null,NoShot,0,Leave,Null,Round,OffSpin,Left,Null,Null,False,False,False,False,False,False,150,False,False,False,False,False,False,0,0,0,0,0,False,False,,,,,
174649,30,2.58,2.0,0.0,0.0,2.0,76.0,1.0,3841,,6094,Marsh Sheffield Shield 2019-20,1,83,Western Australia Men,82,Victoria Men,2019-12-07T12:27:43Z,5,False,1080,Matt Short,721,Shaun Marsh,844,Jake Carder,90,48,Right,Wicketkeeper,0,0,0,0,LengthBall,Null,NoShot,0,Leave,Null,Round,OffSpin,Left,Null,Null,False,False,False,False,False,False,150,False,False,False,False,False,False,0,0,0,0,0,False,False,,,,,
174649,30,2.58,2.0,0.0,0.0,2.0,76.0,1.0,3841,,6094,Marsh Sheffield Shield 2019-20,1,83,Western Australia Men,82,Victoria Men,2019-12-07T12:27:59Z,6,False,1080,Matt Short,721,Shaun Marsh,844,Jake Carder,215,11,Right,Short Leg,0,0,0,0,HalfVolley,Null,Played,0,BackwardDefensive,Null,Round,OffSpin,Left,Null,Null,False,False,False,False,False,False,150,False,False,False,False,False,False,0,0,0,0,0,False,False,,,,,
174652,31,2.52,1.0,0.0,0.0,1.0,77.0,1.0,3841,,6094,Marsh Sheffield Shield 2019-20,1,83,Western Australia Men,82,Victoria Men,2019-12-07T12:28:46Z,1,False,20,Peter Siddle,844,Jake Carder,721,Shaun Marsh,90,48,Right,Wicketkeeper,0,0,0,0,LengthBall,Null,NoShot,0,Leave,Null,Round,Fast,Left,Null,Null,False,False,False,False,False,False,97,False,False,False,False,False,False,0,0,0,0,0,False,False,,,,,
174652,31,2.52,1.0,0.0,0.0,1.0,77.0,1.0,3841,,6094,Marsh Sheffield Shield 2019-20,1,83,Western Australia Men,82,Victoria Men,2019-12-07T12:29:17Z,2,False,20,Peter Siddle,844,Jake Carder,721,Shaun Marsh,332,60,Right,Short Extra Cover,0,0,0,0,LengthBall,Null,Played,0,ForwardDefensive,Null,Round,Fast,Left,Null,Null,False,False,False,False,False,False,97,False,False,False,False,False,False,0,0,0,0,0,False,False,,,,,
174652,31,2.52,1.0,0.0,0.0,1.0,77.0,1.0,3841,,6094,Marsh Sheffield Shield 2019-20,1,83,Western Australia Men,82,Victoria Men,2019-12-07T12:29:49Z,3,False,20,Peter Siddle,844,Jake Carder,721,Shaun Marsh,270,40,Right,Bowler,0,0,0,0,Yorker,Null,Played,0,BackwardDefensive,Null,Round,Fast,Left,Null,Null,False,False,False,False,False,False,97,False,False,False,False,False,False,0,0,0,0,0,False,False,,,,,
174652,31,2.52,1.0,0.0,0.0,1.0,77.0,1.0,3841,,6094,Marsh Sheffield Shield 2019-20,1,83,Western Australia Men,82,Victoria Men,2019-12-07T12:30:32Z,4,False,20,Peter Siddle,844,Jake Carder,721,Shaun Marsh,13,50,Right,Gully,0,0,0,0,LengthBall,Null,Played,0,ForwardDefensive,Null,Round,Fast,Left,Null,Null,False,False,False,False,False,False,97,False,False,False,False,False,False,0,0,0,0,0,False,False,,,,,
174652,31,2.52,1.0,0.0,0.0,1.0,77.0,1.0,3841,,6094,Marsh Sheffield Shield 2019-20,1,83,Western Australia Men,82,Victoria Men,2019-12-07T12:31:07Z,5,False,20,Peter Siddle,844,Jake Carder,721,Shaun Marsh,217,60,Right,Short Mid Wicket,1,0,1,1,LengthBall,Null,Played,0,Worked,Null,Over,Fast,Left,Null,Null,False,False,False,False,False,False,97,False,False,False,False,False,False,1,0,0,0,0,False,False,,,,,
174652,31,2.52,1.0,0.0,0.0,1.0,77.0,1.0,3841,,6094,Marsh Sheffield Shield 2019-20,1,83,Western Australia Men,82,Victoria Men,2019-12-07T12:31:48Z,6,False,20,Peter Siddle,721,Shaun Marsh,844,Jake Carder,327,65,Right,Short Extra Cover,0,0,0,0,LengthBall,Null,Played,0,Pushed,Null,Round,Fast,Left,Null,Null,False,False,False,False,False,False,97,False,False,False,False,False,False,0,0,0,0,0,False,False,,,,,
174662,32,2.44,3.0,0.0,0.0,3.0,80.0,1.0,3841,,6094,Marsh Sheffield Shield 2019-20,1,83,Western Australia Men,82,Victoria Men,2019-12-07T13:12:44Z,1,False,1193,Will Sutherland,844,Jake Carder,721,Shaun Marsh,270,40,Right,Bowler,0,0,0,0,LengthBall,Null,Played,0,ForwardDefensive,Null,Round,Fast,Left,Null,Null,False,False,False,False,False,False,150,False,False,False,False,False,False,0,0,0,0,0,False,False,,,,,
174662,32,2.44,3.0,0.0,0.0,3.0,80.0,1.0,3841,,6094,Marsh Sheffield Shield 2019-20,1,83,Western Australia Men,82,Victoria Men,2019-12-07T13:13:15Z,2,False,1193,Will Sutherland,844,Jake Carder,721,Shaun Marsh,90,48,Right,Wicketkeeper,0,0,0,0,Short,Null,NoShot,0,ShouldersArms,Null,Round,Fast,Left,Null,Null,False,False,False,False,False,False,150,False,False,False,False,False,False,0,0,0,0,0,False,False,,,,,
174662,32,2.44,3.0,0.0,0.0,3.0,80.0,1.0,3841,,6094,Marsh Sheffield Shield 2019-20,1,83,Western Australia Men,82,Victoria Men,2019-12-07T13:13:49Z,3,False,1193,Will Sutherland,844,Jake Carder,721,Shaun Marsh,212,43,Right,Short Mid Wicket,0,0,0,0,LengthBall,Null,Played,0,Worked,Null,Round,Fast,Left,Null,Null,False,False,False,False,False,False,150,False,False,False,False,False,False,0,0,0,0,0,False,False,,,,,
174662,32,2.44,3.0,0.0,0.0,3.0,80.0,1.0,3841,,6094,Marsh Sheffield Shield 2019-20,1,83,Western Australia Men,82,Victoria Men,2019-12-07T13:14:22Z,4,False,1193,Will Sutherland,844,Jake Carder,721,Shaun Marsh,90,48,Right,Wicketkeeper,0,0,0,0,BackOfALength,Null,NoShot,0,Leave,Null,Round,Fast,Left,Null,Null,False,False,False,False,False,False,150,False,False,False,False,False,False,0,0,0,0,0,False,False,,,,,
174662,32,2.44,3.0,0.0,0.0,3.0,80.0,1.0,3841,,6094,Marsh Sheffield Shield 2019-20,1,83,Western Australia Men,82,Victoria Men,2019-12-07T13:14:56Z,5,False,1193,Will Sutherland,844,Jake Carder,721,Shaun Marsh,90,48,Right,Wicketkeeper,0,0,0,0,LengthBall,Null,NoShot,0,Leave,Null,Round,Fast,Left,Null,Null,False,False,False,False,False,False,150,False,False,False,False,False,False,0,0,0,0,0,False,False,,,,,
174662,32,2.44,3.0,0.0,0.0,3.0,80.0,1.0,3841,,6094,Marsh Sheffield Shield 2019-20,1,83,Western Australia Men,82,Victoria Men,2019-12-07T13:15:27Z,6,False,1193,Will Sutherland,844,Jake Carder,721,Shaun Marsh,192,116,Right,Square Leg,3,0,3,3,HalfVolley,Null,Played,0,Worked,Null,Round,Fast,Left,Null,Null,False,False,False,False,False,False,150,False,False,False,False,False,False,3,0,0,0,0,False,False,,,,,
174666,33,2.49,1.0,1.0,0.0,1.0,81.0,2.0,3841,,6094,Marsh Sheffield Shield 2019-20,1,83,Western Australia Men,82,Victoria Men,2019-12-07T13:16:45Z,1,True,20,Peter Siddle,844,Jake Carder,721,Shaun Marsh,59,47,Right,Second Slip,0,0,0,0,LengthBall,Null,Edged,0,Drive,Null,Round,Fast,Left,Out1stUmpire,Null,False,False,False,False,False,False,97,False,False,False,False,False,False,0,0,0,0,0,False,False,Caught,844.0,Jake Carder,Caught,
174666,33,2.49,1.0,1.0,0.0,1.0,81.0,2.0,3841,,6094,Marsh Sheffield Shield 2019-20,1,83,Western Australia Men,82,Victoria Men,2019-12-07T13:19:29Z,2,False,20,Peter Siddle,320,Marcus Stoinis,721,Shaun Marsh,270,40,Left,Bowler,0,0,0,0,HalfVolley,Null,Played,0,Pushed,Null,Over,Fast,Left,Null,Null,False,False,False,False,False,False,97,False,False,False,False,False,False,0,0,0,0,0,False,False,,,,,
174666,33,2.49,1.0,1.0,0.0,1.0,81.0,2.0,3841,,6094,Marsh Sheffield Shield 2019-20,1,83,Western Australia Men,82,Victoria Men,2019-12-07T13:20:14Z,3,False,20,Peter Siddle,320,Marcus Stoinis,721,Shaun Marsh,17,73,Left,Backward Square Leg,1,0,1,1,LengthBall,Null,Played,0,Worked,Null,Over,Fast,Left,Null,Null,False,False,False,False,False,False,97,False,False,False,False,False,False,1,0,0,0,0,False,False,,,,,
174666,33,2.49,1.0,1.0,0.0,1.0,81.0,2.0,3841,,6094,Marsh Sheffield Shield 2019-20,1,83,Western Australia Men,82,Victoria Men,2019-12-07T13:20:53Z,4,False,20,Peter Siddle,721,Shaun Marsh,320,Marcus Stoinis,90,48,Right,Wicketkeeper,0,0,0,0,LengthBall,Null,Missed,0,ForwardDefensive,Null,Round,Fast,Left,Null,Null,False,False,False,False,False,False,97,False,False,False,False,False,False,0,0,0,0,0,False,False,,,,,
174666,33,2.49,1.0,1.0,0.0,1.0,81.0,2.0,3841,,6094,Marsh Sheffield Shield 2019-20,1,83,Western Australia Men,82,Victoria Men,2019-12-07T13:21:27Z,5,False,20,Peter Siddle,721,Shaun Marsh,320,Marcus Stoinis,270,40,Right,Bowler,0,0,0,0,LengthBall,Null,Played,0,ForwardDefensive,Null,Round,Fast,Left,Null,Null,False,False,False,False,False,False,97,False,False,False,False,False,False,0,0,0,0,0,False,False,,,,,
174666,33,2.49,1.0,1.0,0.0,1.0,81.0,2.0,3841,,6094,Marsh Sheffield Shield 2019-20,1,83,Western Australia Men,82,Victoria Men,2019-12-07T13:21:55Z,6,False,20,Peter Siddle,721,Shaun Marsh,320,Marcus Stoinis,14,37,Right,Gully,0,0,0,0,LengthBall,Null,Played,0,ForwardDefensive,Null,Round,Fast,Left,Null,Null,False,False,False,False,False,False,97,False,False,False,False,False,False,0,0,0,0,0,False,False,,,,,
174671,34,2.42,0.0,0.0,0.0,,81.0,2.0,3841,,6094,Marsh Sheffield Shield 2019-20,1,83,Western Australia Men,82,Victoria Men,2019-12-07T13:23:12Z,1,False,1193,Will Sutherland,320,Marcus Stoinis,721,Shaun Marsh,192,32,Left,Silly Point,0,0,0,0,LengthBall,Null,Played,0,ForwardDefensive,Null,Over,Fast,Left,Null,Null,False,False,False,False,False,False,150,False,False,False,False,False,False,0,0,0,0,0,False,False,,,,,
174671,34,2.42,0.0,0.0,0.0,,81.0,2.0,3841,,6094,Marsh Sheffield Shield 2019-20,1,83,Western Australia Men,82,Victoria Men,2019-12-07T13:23:46Z,2,False,1193,Will Sutherland,320,Marcus Stoinis,721,Shaun Marsh,270,40,Left,Bowler,0,0,0,0,HalfVolley,Null,Played,0,ForwardDefensive,Null,Over,Fast,Left,Null,Null,False,False,False,False,False,False,150,False,False,False,False,False,False,0,0,0,0,0,False,False,,,,,
174671,34,2.42,0.0,0.0,0.0,,81.0,2.0,3841,,6094,Marsh Sheffield Shield 2019-20,1,83,Western Australia Men,82,Victoria Men,2019-12-07T13:24:16Z,3,False,1193,Will Sutherland,320,Marcus Stoinis,721,Shaun Marsh,270,40,Left,Bowler,0,0,0,0,LengthBall,Null,Played,0,ForwardDefensive,Null,Over,Fast,Left,Null,Null,False,False,False,False,False,False,150,False,False,False,False,False,False,0,0,0,0,0,False,False,,,,,
174671,34,2.42,0.0,0.0,0.0,,81.0,2.0,3841,,6094,Marsh Sheffield Shield 2019-20,1,83,Western Australia Men,82,Victoria Men,2019-12-07T13:24:51Z,4,False,1193,Will Sutherland,320,Marcus Stoinis,721,Shaun Marsh,134,46,Left,Third Slip,0,0,0,0,LengthBall,Null,Played,0,Steer,Null,Over,Fast,Left,Null,Null,False,False,False,False,False,False,150,False,False,False,False,False,False,0,0,0,0,0,False,False,,,,,
174671,34,2.42,0.0,0.0,0.0,,81.0,2.0,3841,,6094,Marsh Sheffield Shield 2019-20,1,83,Western Australia Men,82,Victoria Men,2019-12-07T13:25:23Z,5,False,1193,Will Sutherland,320,Marcus Stoinis,721,Shaun Marsh,203,24,Left,Silly Point,0,0,0,0,BackOfALength,Null,Played,0,ForwardDefensive,Null,Over,Fast,Left,Null,Null,False,False,False,False,False,False,150,False,False,False,False,False,False,0,0,0,0,0,False,False,,,,,
174671,34,2.42,0.0,0.0,0.0,,81.0,2.0,3841,,6094,Marsh Sheffield Shield 2019-20,1,83,Western Australia Men,82,Victoria Men,2019-12-07T13:25:57Z,6,False,1193,Will Sutherland,320,Marcus Stoinis,721,Shaun Marsh,127,42,Left,Second Slip,0,0,0,0,LengthBall,Null,Edged,0,ForwardDefensive,Null,Over,Fast,Left,Null,Null,False,False,False,False,False,False,150,False,False,False,False,False,False,0,0,0,0,0,False,False,,,,,
174676,35,2.41,2.0,1.0,0.0,2.0,83.0,3.0,3841,,6094,Marsh Sheffield Shield 2019-20,1,83,Western Australia Men,82,Victoria Men,2019-12-07T13:26:37Z,1,False,20,Peter Siddle,721,Shaun Marsh,320,Marcus Stoinis,90,48,Right,Wicketkeeper,0,0,0,0,Short,Null,HitBody,0,Fended,Null,Round,Fast,Left,NotOut1stUmpire,Null,False,False,False,False,False,True,97,False,False,False,False,False,False,0,0,0,0,0,False,False,,,,,Caught
174676,35,2.41,2.0,1.0,0.0,2.0,83.0,3.0,3841,,6094,Marsh Sheffield Shield 2019-20,1,83,Western Australia Men,82,Victoria Men,2019-12-07T13:27:27Z,2,True,20,Peter Siddle,721,Shaun Marsh,320,Marcus Stoinis,57,49,Right,Second Slip,0,0,0,0,HalfVolley,Null,Edged,0,ForwardDefensive,Null,Round,Fast,Left,Out1stUmpire,Null,False,False,False,False,False,False,97,False,False,False,False,False,False,0,0,0,0,0,False,False,Caught,721.0,Shaun Marsh,Caught,
174676,35,2.41,2.0,1.0,0.0,2.0,83.0,3.0,3841,,6094,Marsh Sheffield Shield 2019-20,1,83,Western Australia Men,82,Victoria Men,2019-12-07T13:29:57Z,3,False,20,Peter Siddle,804,Cameron Green,320,Marcus Stoinis,90,48,Left,Wicketkeeper,0,0,0,0,LengthBall,Null,Missed,0,ForwardDefensive,Null,Over,Fast,Left,Null,Null,False,False,False,False,False,False,97,False,False,False,False,False,False,0,0,0,0,0,False,False,,,,,
174676,35,2.41,2.0,1.0,0.0,2.0,83.0,3.0,3841,,6094,Marsh Sheffield Shield 2019-20,1,83,Western Australia Men,82,Victoria Men,2019-12-07T13:30:27Z,4,False,20,Peter Siddle,804,Cameron Green,320,Marcus Stoinis,351,88,Left,Mid Wicket,1,0,1,1,LengthBall,Null,Played,0,Worked,Null,Over,Fast,Left,Null,Null,False,False,False,False,False,False,97,False,False,False,False,False,False,1,0,0,0,0,False,False,,,,,
174676,35,2.41,2.0,1.0,0.0,2.0,83.0,3.0,3841,,6094,Marsh Sheffield Shield 2019-20,1,83,Western Australia Men,82,Victoria Men,2019-12-07T13:31:07Z,5,False,20,Peter Siddle,320,Marcus Stoinis,804,Cameron Green,181,77,Left,Point,1,0,1,1,HalfVolley,Null,Played,0,LateCut,Null,Over,Fast,Left,Null,Null,False,False,False,False,False,False,97,False,False,False,False,False,False,1,0,0,0,0,False,False,,,,,
174676,35,2.41,2.0,1.0,0.0,2.0,83.0,3.0,3841,,6094,Marsh Sheffield Shield 2019-20,1,83,Western Australia Men,82,Victoria Men,2019-12-07T13:31:49Z,6,False,20,Peter Siddle,804,Cameron Green,320,Marcus Stoinis,36,48,Left,Leg Gully,0,0,0,0,HalfVolley,Null,Played,0,Flick,Null,Over,Fast,Left,Null,Null,False,False,False,False,False,False,97,False,False,False,False,False,False,0,0,0,0,0,False,False,,,,,
174681,36,2.34,0.0,0.0,0.0,,83.0,3.0,3841,,6094,Marsh Sheffield Shield 2019-20,1,83,Western Australia Men,82,Victoria Men,2019-12-07T13:32:43Z,1,False,1193,Will Sutherland,320,Marcus Stoinis,804,Cameron Green,130,35,Left,Third Slip,0,0,0,0,BackOfALength,Null,Played,0,BackwardDefensive,Null,Over,Fast,Left,Null,Null,False,False,False,False,False,False,150,False,False,False,False,False,False,0,0,0,0,0,False,False,,,,,
174681,36,2.34,0.0,0.0,0.0,,83.0,3.0,3841,,6094,Marsh Sheffield Shield 2019-20,1,83,Western Australia Men,82,Victoria Men,2019-12-07T13:33:16Z,2,False,1193,Will Sutherland,320,Marcus Stoinis,804,Cameron Green,90,48,Left,Wicketkeeper,0,0,0,0,LengthBall,Null,NoShot,0,Leave,Null,Over,Fast,Left,Null,Null,False,False,False,False,False,False,150,False,False,False,False,False,False,0,0,0,0,0,False,False,,,,,
174681,36,2.34,0.0,0.0,0.0,,83.0,3.0,3841,,6094,Marsh Sheffield Shield 2019-20,1,83,Western Australia Men,82,Victoria Men,2019-12-07T13:33:49Z,3,False,1193,Will Sutherland,320,Marcus Stoinis,804,Cameron Green,270,40,Left,Bowler,0,0,0,0,Yorker,Null,Played,0,Pushed,Null,Over,Fast,Left,Null,Null,False,False,False,False,False,False,150,False,False,False,False,False,False,0,0,0,0,0,False,False,,,,,
174681,36,2.34,0.0,0.0,0.0,,83.0,3.0,3841,,6094,Marsh Sheffield Shield 2019-20,1,83,Western Australia Men,82,Victoria Men,2019-12-07T13:34:24Z,4,False,1193,Will Sutherland,320,Marcus Stoinis,804,Cameron Green,270,40,Left,Bowler,0,0,0,0,BackOfALength,Null,Played,0,BackwardDefensive,Null,Over,Fast,Left,Null,Null,False,False,False,False,False,False,150,False,False,False,False,False,False,0,0,0,0,0,False,False,,,,,
174681,36,2.34,0.0,0.0,0.0,,83.0,3.0,3841,,6094,Marsh Sheffield Shield 2019-20,1,83,Western Australia Men,82,Victoria Men,2019-12-07T13:34:57Z,5,False,1193,Will Sutherland,320,Marcus Stoinis,804,Cameron Green,90,48,Left,Wicketkeeper,0,0,0,0,LengthBall,Null,NoShot,0,Leave,Null,Over,Fast,Left,Null,Null,False,False,False,False,False,False,150,False,False,False,False,False,False,0,0,0,0,0,False,False,,,,,
174681,36,2.34,0.0,0.0,0.0,,83.0,3.0,3841,,6094,Marsh Sheffield Shield 2019-20,1,83,Western Australia Men,82,Victoria Men,2019-12-07T13:35:35Z,6,False,1193,Will Sutherland,320,Marcus Stoinis,804,Cameron Green,212,40,Left,Short Extra Cover,0,0,0,0,LengthBall,Null,Played,0,ForwardDefensive,Null,Over,Fast,Left,Null,Null,False,False,False,False,False,False,150,False,False,False,False,False,False,0,0,0,0,0,False,False,,,,,
174685,37,2.27,4.0,0.0,0.0,4.0,87.0,3.0,3841,,6094,Marsh Sheffield Shield 2019-20,1,83,Western Australia Men,82,Victoria Men,2019-12-07T13:36:20Z,1,False,20,Peter Siddle,804,Cameron Green,320,Marcus Stoinis,182,28,Left,Silly Point,0,0,0,0,LengthBall,Null,Played,0,ForwardDefensive,Null,Over,Fast,Left,Null,Null,False,False,False,False,False,False,97,False,False,False,False,False,False,0,0,0,0,0,False,False,,,,,
174685,37,2.27,4.0,0.0,0.0,4.0,87.0,3.0,3841,,6094,Marsh Sheffield Shield 2019-20,1,83,Western Australia Men,82,Victoria Men,2019-12-07T13:36:51Z,2,False,20,Peter Siddle,804,Cameron Green,320,Marcus Stoinis,90,48,Left,Wicketkeeper,0,0,0,0,LengthBall,Null,NoShot,0,ShouldersArms,Null,Over,Fast,Left,Null,Null,False,False,False,False,False,False,97,False,False,False,False,False,False,0,0,0,0,0,False,False,,,,,
174685,37,2.27,4.0,0.0,0.0,4.0,87.0,3.0,3841,,6094,Marsh Sheffield Shield 2019-20,1,83,Western Australia Men,82,Victoria Men,2019-12-07T13:37:24Z,3,False,20,Peter Siddle,804,Cameron Green,320,Marcus Stoinis,206,56,Left,Short Extra Cover,0,0,0,0,BackOfALength,Null,Played,0,BackwardDefensive,Null,Over,Fast,Left,Null,Null,False,False,False,False,False,False,97,False,False,False,False,False,False,0,0,0,0,0,False,False,,,,,
174685,37,2.27,4.0,0.0,0.0,4.0,87.0,3.0,3841,,6094,Marsh Sheffield Shield 2019-20,1,83,Western Australia Men,82,Victoria Men,2019-12-07T13:38:24Z,4,False,20,Peter Siddle,804,Cameron Green,320,Marcus Stoinis,243,64,Left,Silly Mid Off,0,0,0,0,LengthBall,Null,Played,0,ForwardDefensive,Null,Over,Fast,Left,Null,Null,False,False,False,False,False,False,97,False,False,False,False,False,False,0,0,0,0,0,False,False,,,,,
174685,37,2.27,4.0,0.0,0.0,4.0,87.0,3.0,3841,,6094,Marsh Sheffield Shield 2019-20,1,83,Western Australia Men,82,Victoria Men,2019-12-07T13:38:55Z,5,False,20,Peter Siddle,804,Cameron Green,320,Marcus Stoinis,90,48,Left,Wicketkeeper,0,0,0,0,LengthBall,Null,NoShot,0,ShouldersArms,Null,Over,Fast,Left,Null,Null,False,False,False,False,False,False,97,False,False,False,False,False,False,0,0,0,0,0,False,False,,,,,
174685,37,2.27,4.0,0.0,0.0,4.0,87.0,3.0,3841,,6094,Marsh Sheffield Shield 2019-20,1,83,Western Australia Men,82,Victoria Men,2019-12-07T13:39:30Z,6,False,20,Peter Siddle,804,Cameron Green,320,Marcus Stoinis,141,158,Left,Third Man,4,0,4,4,LengthBall,Null,Played,0,Steer,Null,Over,Fast,Left,Null,Null,False,False,False,False,False,False,97,False,False,False,False,False,False,4,0,0,0,0,False,True,,,,,
174689,38,2.32,0.0,0.0,0.0,,87.0,3.0,3841,,6094,Marsh Sheffield Shield 2019-20,1,83,Western Australia Men,82,Victoria Men,2019-12-07T13:40:46Z,1,False,1068,Andrew Fekete,320,Marcus Stoinis,804,Cameron Green,223,45,Left,Short Extra Cover,0,0,0,0,LengthBall,Null,Played,0,ForwardDefensive,Null,Over,Fast,Left,Null,Null,False,False,False,False,False,False,150,False,False,False,False,False,False,0,0,0,0,0,False,False,,,,,
174689,38,2.32,0.0,0.0,0.0,,87.0,3.0,3841,,6094,Marsh Sheffield Shield 2019-20,1,83,Western Australia Men,82,Victoria Men,2019-12-07T13:41:22Z,2,False,1068,Andrew Fekete,320,Marcus Stoinis,804,Cameron Green,239,68,Left,Silly Mid Off,0,0,0,0,Yorker,Null,Played,0,ForwardDefensive,Null,Over,Fast,Left,Null,Null,False,False,False,False,False,False,150,False,False,False,False,False,False,0,0,0,0,0,False,False,,,,,
174689,38,2.32,0.0,0.0,0.0,,87.0,3.0,3841,,6094,Marsh Sheffield Shield 2019-20,1,83,Western Australia Men,82,Victoria Men,2019-12-07T13:42:01Z,3,False,1068,Andrew Fekete,320,Marcus Stoinis,804,Cameron Green,90,48,Left,Wicketkeeper,0,0,0,0,LengthBall,Null,Missed,0,ForwardDefensive,Null,Over,Fast,Left,Null,Null,False,False,False,False,False,False,150,False,False,False,False,False,False,0,0,0,0,0,False,False,,,,,
174689,38,2.32,0.0,0.0,0.0,,87.0,3.0,3841,,6094,Marsh Sheffield Shield 2019-20,1,83,Western Australia Men,82,Victoria Men,2019-12-07T13:42:32Z,4,False,1068,Andrew Fekete,320,Marcus Stoinis,804,Cameron Green,270,40,Left,Bowler,0,0,0,0,BackOfALength,Null,Played,0,BackwardDefensive,Null,Over,Fast,Left,Null,Null,False,False,False,False,False,False,150,False,False,False,False,False,False,0,0,0,0,0,False,False,,,,,
174689,38,2.32,0.0,0.0,0.0,,87.0,3.0,3841,,6094,Marsh Sheffield Shield 2019-20,1,83,Western Australia Men,82,Victoria Men,2019-12-07T13:43:08Z,5,False,1068,Andrew Fekete,320,Marcus Stoinis,804,Cameron Green,90,48,Left,Wicketkeeper,0,0,0,0,HalfVolley,Null,Missed,0,ForwardDefensive,Null,Over,Fast,Left,Null,Null,False,False,False,False,False,False,150,False,False,False,False,False,False,0,0,0,0,0,False,False,,,,,
174689,38,2.32,0.0,0.0,0.0,,87.0,3.0,3841,,6094,Marsh Sheffield Shield 2019-20,1,83,Western Australia Men,82,Victoria Men,2019-12-07T13:43:43Z,6,False,1068,Andrew Fekete,320,Marcus Stoinis,804,Cameron Green,270,40,Left,Bowler,0,0,0,0,LengthBall,Null,Played,0,ForwardDefensive,Null,Over,Fast,Left,Null,Null,False,False,False,False,False,False,150,False,False,False,False,False,False,0,0,0,0,0,False,False,,,,,
174692,39,2.29,1.0,0.0,0.0,1.0,88.0,3.0,3841,,6094,Marsh Sheffield Shield 2019-20,1,83,Western Australia Men,82,Victoria Men,2019-12-07T13:44:31Z,1,False,20,Peter Siddle,804,Cameron Green,320,Marcus Stoinis,90,48,Left,Wicketkeeper,0,0,0,0,LengthBall,Null,NoShot,0,ShouldersArms,Null,Over,Fast,Left,Null,Null,False,False,False,False,False,False,97,False,False,False,False,False,False,0,0,0,0,0,False,False,,,,,
174692,39,2.29,1.0,0.0,0.0,1.0,88.0,3.0,3841,,6094,Marsh Sheffield Shield 2019-20,1,83,Western Australia Men,82,Victoria Men,2019-12-07T13:45:04Z,2,False,20,Peter Siddle,804,Cameron Green,320,Marcus Stoinis,90,48,Left,Wicketkeeper,0,0,0,0,LengthBall,Null,NoShot,0,ShouldersArms,Null,Over,Fast,Left,Null,Null,False,False,False,False,False,False,97,False,False,False,False,False,False,0,0,0,0,0,False,False,,,,,
174692,39,2.29,1.0,0.0,0.0,1.0,88.0,3.0,3841,,6094,Marsh Sheffield Shield 2019-20,1,83,Western Australia Men,82,Victoria Men,2019-12-07T13:45:33Z,3,False,20,Peter Siddle,804,Cameron Green,320,Marcus Stoinis,44,82,Left,Short Fine Leg,1,0,1,1,BackOfALength,Null,Played,0,Glance,Null,Over,Fast,Left,Null,Null,False,False,False,False,True,False,97,False,False,False,False,False,False,1,0,0,0,0,False,False,,,,,
174692,39,2.29,1.0,0.0,0.0,1.0,88.0,3.0,3841,,6094,Marsh Sheffield Shield 2019-20,1,83,Western Australia Men,82,Victoria Men,2019-12-07T13:46:17Z,4,False,20,Peter Siddle,320,Marcus Stoinis,804,Cameron Green,90,48,Left,Wicketkeeper,0,0,0,0,LengthBall,Null,Missed,0,BackwardDefensive,Null,Over,Fast,Left,Null,Null,False,False,False,False,False,False,97,False,False,False,False,False,False,0,0,0,0,0,False,False,,,,,
174692,39,2.29,1.0,0.0,0.0,1.0,88.0,3.0,3841,,6094,Marsh Sheffield Shield 2019-20,1,83,Western Australia Men,82,Victoria Men,2019-12-07T13:46:52Z,5,False,20,Peter Siddle,320,Marcus Stoinis,804,Cameron Green,252,11,Left,Silly Point,0,0,0,0,BackOfALength,Null,HitBody,0,Fended,Null,Over,Fast,Left,Null,Null,False,False,False,False,False,False,97,False,False,False,False,False,False,0,0,0,0,0,False,False,,,,,
174692,39,2.29,1.0,0.0,0.0,1.0,88.0,3.0,3841,,6094,Marsh Sheffield Shield 2019-20,1,83,Western Australia Men,82,Victoria Men,2019-12-07T13:50:11Z,6,False,20,Peter Siddle,320,Marcus Stoinis,804,Cameron Green,90,48,Left,Wicketkeeper,0,0,0,0,LengthBall,Null,Missed,0,ForwardDefensive,Null,Over,Fast,Left,Null,Null,False,False,False,False,False,False,97,False,False,False,False,False,False,0,0,0,0,0,False,False,,,,,
174699,40,2.26,1.0,0.0,0.0,1.0,,,3841,,6094,Marsh Sheffield Shield 2019-20,1,83,Western Australia Men,82,Victoria Men,2019-12-07T13:51:08Z,1,False,1068,Andrew Fekete,804,Cameron Green,320,Marcus Stoinis,321,84,Left,Mid Wicket,1,0,1,1,HalfVolley,Null,Played,0,Worked,Null,Over,Fast,Left,Null,Null,False,False,False,False,False,False,150,False,False,False,False,False,False,1,0,0,0,0,False,False,,,,,
174699,40,2.26,1.0,0.0,0.0,1.0,,,3841,,6094,Marsh Sheffield Shield 2019-20,1,83,Western Australia Men,82,Victoria Men,2019-12-07T13:51:47Z,2,False,1068,Andrew Fekete,320,Marcus Stoinis,804,Cameron Green,220,72,Left,Extra Cover,0,0,0,0,LengthBall,Null,Played,0,ForwardDefensive,Null,Over,Fast,Left,Null,Null,False,False,False,False,False,False,150,False,False,False,False,False,False,0,0,0,0,0,False,False,,,,,
174699,40,2.26,1.0,0.0,0.0,1.0,,,3841,,6094,Marsh Sheffield Shield 2019-20,1,83,Western Australia Men,82,Victoria Men,2019-12-07T13:52:20Z,3,False,1068,Andrew Fekete,320,Marcus Stoinis,804,Cameron Green,236,70,Left,Mid Off,0,0,0,0,HalfVolley,Null,Played,0,ForwardDefensive,Null,Over,Fast,Left,Null,Null,False,False,False,False,False,False,150,False,False,False,False,False,False,0,0,0,0,0,False,False,,,,,
174699,40,2.26,1.0,0.0,0.0,1.0,,,3841,,6094,Marsh Sheffield Shield 2019-20,1,83,Western Australia Men,82,Victoria Men,2019-12-07T13:52:56Z,4,False,1068,Andrew Fekete,320,Marcus Stoinis,804,Cameron Green,11,71,Left,Square Leg,0,0,0,0,BackOfALength,Null,HitBody,0,Fended,Null,Over,Fast,Left,Null,Null,False,False,False,False,False,False,150,False,False,False,False,False,False,0,0,0,0,0,False,False,,,,,
