over_id,over_overNumber,over_runrate,over_runsConceded,over_wickets,over_runsExtras,over_totalInningRuns,over_totalInningWickets,over_totalRuns,id,matchName,fixtureId,fixtureName,inningNumber,battingTeamId,battingTeamName,bowlingTeamId,bowlingTeamName,ballDateTime,ballNumber,isWicket,dismissalTypeId,dismissalPlayerId,dismissalPlayerName,bowlerPlayerId,bowlerPlayerName,battingPlayerId,battingPlayerName,nonStrikeBattingPlayerId,nonStrikeBattingPlayerName,shotAngle,shotMagnitude,battingHandId,fieldingPosition,runsConceded,extras,runs,runsScored,dismissalType,lengthTypeId,lineTypeId,appealDismissalTypeId,battingConnectionId,battingFeetId,battingShotTypeId,bowlingDetailId,bowlingFromId,bowlingTypeId,bowlingHandId,outcomeId,referralOutcomeId,noBallReasonId,isWide,isNoBall,isByes,isLegByes,isAirControlled,isAppeal,decisionOfficialId,isFreeHit,isNewBall,isPowerPlay,isBattingPowerPlay,isFloodLit,isReferred,teamRuns,runsByes,runsWide,runsLegByes,noBallsCount,isBoundry,isAirNotControlled
185671,1,2.0,1.0,0.0,1.0,1.0,0.0,1.0,4182,,6473,ICC Under-19 World Cup 2020,1,856,Japan U19s,229,India U19 Men,2020-01-21T08:01:12Z,1,False,,,,3006,Kartik Tyagi,4073,Marcus Thurgate,4078,Shu Noguchi,90,48,Left,Wicketkeeper,0,0,0,0,,LengthBall,Null,NotOut,NoShot,0,ShouldersArms,Null,Over,Fast,Left,Null,NotReferred,Null,False,False,False,False,False,False,103,False,True,True,False,False,False,0,0,0,0,0,False,False
185671,1,2.0,1.0,0.0,1.0,1.0,0.0,1.0,4182,,6473,ICC Under-19 World Cup 2020,1,856,Japan U19s,229,India U19 Men,2020-01-21T08:01:57Z,2,False,,,,3006,Kartik Tyagi,4073,Marcus Thurgate,4078,Shu Noguchi,90,48,Left,Wicketkeeper,0,0,0,0,,LengthBall,Null,NotOut,NoShot,0,Leave,Null,Over,Fast,Left,Null,NotReferred,Null,False,False,False,False,False,False,103,False,False,True,False,False,False,0,0,0,0,0,False,False
185671,1,2.0,1.0,0.0,1.0,1.0,0.0,1.0,4182,,6473,ICC Under-19 World Cup 2020,1,856,Japan U19s,229,India U19 Men,2020-01-21T08:02:40Z,3,False,,,,3006,Kartik Tyagi,4073,Marcus Thurgate,4078,Shu Noguchi,159,44,Left,Gully,0,0,0,0,,LengthBall,Null,NotOut,Played,0,BackwardDefensive,Null,Over,Fast,Left,Null,NotReferred,Null,False,False,False,False,False,False,103,False,False,True,False,False,False,0,0,0,0,0,False,False
185671,1,2.0,1.0,0.0,1.0,1.0,0.0,1.0,4182,,6473,ICC Under-19 World Cup 2020,1,856,Japan U19s,229,India U19 Men,2020-01-21T08:03:20Z,4,False,,,,3006,Kartik Tyagi,4073,Marcus Thurgate,4078,Shu Noguchi,164,79,Left,Backward Point,0,0,0,0,,LengthBall,Null,NotOut,Played,0,Pushed,Null,Over,Fast,Left,Null,NotReferred,Null,False,False,False,False,False,False,103,False,False,True,False,False,False,0,0,0,0,0,False,False
185671,1,2.0,1.0,0.0,1.0,1.0,0.0,1.0,4182,,6473,ICC Under-19 World Cup 2020,1,856,Japan U19s,229,India U19 Men,2020-01-21T08:04:06Z,5,False,,,,3006,Kartik Tyagi,4073,Marcus Thurgate,4078,Shu Noguchi,270,40,Left,Bowler,0,0,0,0,,LengthBall,Null,NotOut,Played,0,ForwardDefensive,Null,Over,Fast,Left,Null,NotReferred,Null,False,False,False,False,False,False,103,False,False,True,False,False,False,0,0,0,0,0,False,False
185671,1,2.0,1.0,0.0,1.0,1.0,0.0,1.0,4182,,6473,ICC Under-19 World Cup 2020,1,856,Japan U19s,229,India U19 Men,2020-01-21T08:04:44Z,6,False,,,,3006,Kartik Tyagi,4073,Marcus Thurgate,4078,Shu Noguchi,90,48,Left,Wicketkeeper,1,1,1,0,,BackOfALength,Null,NotOut,MissedLegSide,0,Pull,Null,Over,Fast,Left,Null,NotReferred,Null,True,False,False,False,False,False,103,False,False,True,False,False,False,0,0,1,0,0,False,False
185671,1,2.0,1.0,0.0,1.0,1.0,0.0,1.0,4182,,6473,ICC Under-19 World Cup 2020,1,856,Japan U19s,229,India U19 Men,2020-01-21T08:05:28Z,6,False,,,,3006,Kartik Tyagi,4073,Marcus Thurgate,4078,Shu Noguchi,90,48,Left,Wicketkeeper,0,0,0,0,,LengthBall,Null,NotOut,Missed,0,ForwardDefensive,Null,Over,Fast,Left,Null,NotReferred,Null,False,False,False,False,False,False,103,False,False,True,False,False,False,0,0,0,0,0,False,False
185677,2,1.33,2.0,0.0,0.0,2.0,0.0,2.0,4182,,6473,ICC Under-19 World Cup 2020,1,856,Japan U19s,229,India U19 Men,2020-01-21T08:06:48Z,1,False,,,,3968,Akash Singh,4078,Shu Noguchi,4073,Marcus Thurgate,198,5,Left,Silly Point,0,0,0,0,,Yorker,Null,NotOut,HitPad,0,ForwardDefensive,Null,Over,Fast,Right,Null,NotReferred,Null,False,False,False,False,False,False,85,False,True,True,False,False,False,0,0,0,0,0,False,False
185677,2,1.33,2.0,0.0,0.0,2.0,0.0,2.0,4182,,6473,ICC Under-19 World Cup 2020,1,856,Japan U19s,229,India U19 Men,2020-01-21T08:07:27Z,2,False,,,,3968,Akash Singh,4078,Shu Noguchi,4073,Marcus Thurgate,270,40,Left,Bowler,0,0,0,0,,Yorker,Null,NotOut,Played,0,ForwardDefensive,Null,Over,Fast,Right,Null,NotReferred,Null,False,False,False,False,False,False,85,False,False,True,False,False,False,0,0,0,0,0,False,False
185677,2,1.33,2.0,0.0,0.0,2.0,0.0,2.0,4182,,6473,ICC Under-19 World Cup 2020,1,856,Japan U19s,229,India U19 Men,2020-01-21T08:09:09Z,3,False,,,,3968,Akash Singh,4078,Shu Noguchi,4073,Marcus Thurgate,250,96,Left,Mid Off,1,0,1,1,,LengthBall,Null,NotOut,Played,0,Pushed,Null,Over,Fast,Right,Null,NotReferred,Null,False,False,False,False,False,False,85,False,False,True,False,False,False,1,0,0,0,0,False,False
185677,2,1.33,2.0,0.0,0.0,2.0,0.0,2.0,4182,,6473,ICC Under-19 World Cup 2020,1,856,Japan U19s,229,India U19 Men,2020-01-21T08:10:05Z,4,False,,,,3968,Akash Singh,4073,Marcus Thurgate,4078,Shu Noguchi,179,41,Left,Point,0,0,0,0,,LengthBall,Null,NotOut,HitPad,0,BackwardDefensive,Null,Over,Fast,Right,Null,NotReferred,Null,False,False,False,False,False,False,85,False,False,True,False,False,False,0,0,0,0,0,False,False
185677,2,1.33,2.0,0.0,0.0,2.0,0.0,2.0,4182,,6473,ICC Under-19 World Cup 2020,1,856,Japan U19s,229,India U19 Men,2020-01-21T08:10:43Z,5,False,,,,3968,Akash Singh,4073,Marcus Thurgate,4078,Shu Noguchi,221,34,Left,Silly Point,0,0,0,0,,LengthBall,Null,NotOut,Missed,0,Drive,Null,Over,Fast,Right,Null,NotReferred,Null,False,False,False,False,False,False,85,False,False,True,False,False,False,0,0,0,0,0,False,False
185677,2,1.33,2.0,0.0,0.0,2.0,0.0,2.0,4182,,6473,ICC Under-19 World Cup 2020,1,856,Japan U19s,229,India U19 Men,2020-01-21T08:11:25Z,6,False,,,,3968,Akash Singh,4073,Marcus Thurgate,4078,Shu Noguchi,187,54,Left,Point,1,0,1,1,,LengthBall,Null,NotOut,Played,0,Pushed,Null,Over,Fast,Right,Null,NotReferred,Null,False,False,False,False,False,False,85,False,False,True,False,False,False,1,0,0,0,0,False,False
185682,3,2.0,1.0,0.0,2.0,5.0,0.0,2.0,4182,,6473,ICC Under-19 World Cup 2020,1,856,Japan U19s,229,India U19 Men,2020-01-21T08:12:20Z,1,False,,,,3006,Kartik Tyagi,4073,Marcus Thurgate,4078,Shu Noguchi,90,48,Left,Wicketkeeper,0,1,1,0,,BackOfALength,Null,NotOut,MissedLegSide,0,Pull,Null,Over,Fast,Left,Null,NotReferred,Null,True,False,False,False,False,False,103,False,False,True,False,False,False,0,0,1,0,0,False,False
185682,3,2.0,1.0,0.0,2.0,5.0,0.0,2.0,4182,,6473,ICC Under-19 World Cup 2020,1,856,Japan U19s,229,India U19 Men,2020-01-21T08:13:17Z,1,False,,,,3006,Kartik Tyagi,4073,Marcus Thurgate,4078,Shu Noguchi,90,48,Left,Wicketkeeper,0,0,0,0,,LengthBall,Null,NotOut,Missed,0,Pushed,Null,Over,Fast,Left,Null,NotReferred,Null,False,False,False,False,False,False,103,False,False,True,False,False,False,0,0,0,0,0,False,False
185682,3,2.0,1.0,0.0,2.0,5.0,0.0,2.0,4182,,6473,ICC Under-19 World Cup 2020,1,856,Japan U19s,229,India U19 Men,2020-01-21T08:13:58Z,2,False,,,,3006,Kartik Tyagi,4073,Marcus Thurgate,4078,Shu Noguchi,171,62,Left,Gully,0,0,0,0,,LengthBall,Null,NotOut,Played,0,Pushed,Null,Over,Fast,Left,Null,NotReferred,Null,False,False,False,False,False,False,103,False,False,True,False,False,False,0,0,0,0,0,False,False
185682,3,2.0,1.0,0.0,2.0,5.0,0.0,2.0,4182,,6473,ICC Under-19 World Cup 2020,1,856,Japan U19s,229,India U19 Men,2020-01-21T08:14:42Z,3,False,,,,3006,Kartik Tyagi,4073,Marcus Thurgate,4078,Shu Noguchi,90,48,Left,Wicketkeeper,1,1,1,0,,LengthBall,Null,NotOut,MissedLegSide,0,Worked,Null,Over,Fast,Left,Null,NotReferred,Null,True,False,False,False,False,False,103,False,False,True,False,False,False,0,0,1,0,0,False,False
185682,3,2.0,1.0,0.0,2.0,5.0,0.0,2.0,4182,,6473,ICC Under-19 World Cup 2020,1,856,Japan U19s,229,India U19 Men,2020-01-21T08:15:26Z,3,False,,,,3006,Kartik Tyagi,4073,Marcus Thurgate,4078,Shu Noguchi,215,43,Left,Short Extra Cover,0,0,0,0,,LengthBall,Null,NotOut,Played,0,BackwardDefensive,Null,Over,Fast,Left,Null,NotReferred,Null,False,False,False,False,False,False,103,False,False,True,False,False,False,0,0,0,0,0,False,False
185682,3,2.0,1.0,0.0,2.0,5.0,0.0,2.0,4182,,6473,ICC Under-19 World Cup 2020,1,856,Japan U19s,229,India U19 Men,2020-01-21T08:16:10Z,4,False,,,,3006,Kartik Tyagi,4073,Marcus Thurgate,4078,Shu Noguchi,192,25,Left,Silly Point,0,0,0,0,,LengthBall,Null,Lbw,HitPad,0,ForwardDefensive,Null,Over,Fast,Left,NotOut1stUmpire,NotReferred,Null,False,False,False,False,False,True,103,False,False,True,False,False,False,0,0,0,0,0,False,False
185682,3,2.0,1.0,0.0,2.0,5.0,0.0,2.0,4182,,6473,ICC Under-19 World Cup 2020,1,856,Japan U19s,229,India U19 Men,2020-01-21T08:16:55Z,5,False,,,,3006,Kartik Tyagi,4073,Marcus Thurgate,4078,Shu Noguchi,90,48,Left,Wicketkeeper,0,0,0,0,,LengthBall,Null,NotOut,Missed,0,BackwardDefensive,Null,Over,Fast,Left,Null,NotReferred,Null,False,False,False,False,False,False,103,False,False,True,False,False,False,0,0,0,0,0,False,False
185682,3,2.0,1.0,0.0,2.0,5.0,0.0,2.0,4182,,6473,ICC Under-19 World Cup 2020,1,856,Japan U19s,229,India U19 Men,2020-01-21T08:17:52Z,6,False,,,,3006,Kartik Tyagi,4073,Marcus Thurgate,4078,Shu Noguchi,90,48,Left,Wicketkeeper,0,0,0,0,,LengthBall,Null,NotOut,NoShot,0,ShouldersArms,Null,Over,Fast,Left,Null,NotReferred,Null,False,False,False,False,False,False,103,False,False,True,False,False,False,0,0,0,0,0,False,False
185691,4,1.43,0.0,0.0,0.0,5.0,0.0,,4182,,6473,ICC Under-19 World Cup 2020,1,856,Japan U19s,229,India U19 Men,2020-01-21T08:18:50Z,1,False,,,,3968,Akash Singh,4078,Shu Noguchi,4073,Marcus Thurgate,90,48,Left,Wicketkeeper,0,0,0,0,,LengthBall,Null,NotOut,Missed,0,Drive,Null,Over,Fast,Right,Null,NotReferred,Null,False,False,False,False,False,False,85,False,False,True,False,False,False,0,0,0,0,0,False,False
185691,4,1.43,0.0,0.0,0.0,5.0,0.0,,4182,,6473,ICC Under-19 World Cup 2020,1,856,Japan U19s,229,India U19 Men,2020-01-21T08:19:34Z,2,False,,,,3968,Akash Singh,4078,Shu Noguchi,4073,Marcus Thurgate,90,48,Left,Wicketkeeper,0,0,0,0,,LengthBall,Null,NotOut,NoShot,0,Leave,Null,Over,Fast,Right,Null,NotReferred,Null,False,False,False,False,False,False,85,False,False,True,False,False,False,0,0,0,0,0,False,False
185691,4,1.43,0.0,0.0,0.0,5.0,0.0,,4182,,6473,ICC Under-19 World Cup 2020,1,856,Japan U19s,229,India U19 Men,2020-01-21T08:20:13Z,3,False,,,,3968,Akash Singh,4078,Shu Noguchi,4073,Marcus Thurgate,230,31,Left,Silly Point,0,0,0,0,,LengthBall,Null,NotOut,HitPad,0,Worked,Null,Over,Fast,Right,Null,NotReferred,Null,False,False,False,False,False,False,85,False,False,True,False,False,False,0,0,0,0,0,False,False
185691,4,1.43,0.0,0.0,0.0,5.0,0.0,,4182,,6473,ICC Under-19 World Cup 2020,1,856,Japan U19s,229,India U19 Men,2020-01-21T08:20:55Z,4,False,,,,3968,Akash Singh,4078,Shu Noguchi,4073,Marcus Thurgate,90,48,Left,Wicketkeeper,0,0,0,0,,LengthBall,Null,NotOut,NoShot,0,ShouldersArms,Null,Over,Fast,Right,Null,NotReferred,Null,False,False,False,False,False,False,85,False,False,True,False,False,False,0,0,0,0,0,False,False
185691,4,1.43,0.0,0.0,0.0,5.0,0.0,,4182,,6473,ICC Under-19 World Cup 2020,1,856,Japan U19s,229,India U19 Men,2020-01-21T08:21:40Z,5,False,,,,3968,Akash Singh,4078,Shu Noguchi,4073,Marcus Thurgate,219,77,Left,Extra Cover,0,0,0,0,,FullToss,Null,NotOut,Played,0,Drive,Null,Round,Fast,Right,Null,NotReferred,Null,False,False,False,False,False,False,85,False,False,True,False,False,False,0,0,0,0,0,False,False
185691,4,1.43,0.0,0.0,0.0,5.0,0.0,,4182,,6473,ICC Under-19 World Cup 2020,1,856,Japan U19s,229,India U19 Men,2020-01-21T08:22:25Z,6,False,,,,3968,Akash Singh,4078,Shu Noguchi,4073,Marcus Thurgate,90,48,Left,Wicketkeeper,0,0,0,0,,Short,Null,NotOut,Missed,0,Pull,Null,Round,Fast,Right,Null,NotReferred,Null,False,False,False,False,False,False,85,False,False,True,False,False,False,0,0,0,0,0,False,False
185694,5,1.33,1.0,2.0,1.0,6.0,2.0,1.0,4182,,6473,ICC Under-19 World Cup 2020,1,856,Japan U19s,229,India U19 Men,2020-01-21T08:23:15Z,1,False,,,,3006,Kartik Tyagi,4073,Marcus Thurgate,4078,Shu Noguchi,289,41,Left,Silly Mid On,0,0,0,0,,LengthBall,Null,NotOut,Played,0,BackwardDefensive,Null,Over,Fast,Left,Null,NotReferred,Null,False,False,False,False,False,False,103,False,False,True,False,False,False,0,0,0,0,0,False,False
185694,5,1.33,1.0,2.0,1.0,6.0,2.0,1.0,4182,,6473,ICC Under-19 World Cup 2020,1,856,Japan U19s,229,India U19 Men,2020-01-21T08:23:56Z,2,False,,,,3006,Kartik Tyagi,4073,Marcus Thurgate,4078,Shu Noguchi,326,19,Left,Short Leg,0,0,0,0,,LengthBall,Null,NotOut,Played,0,BackwardDefensive,Null,Over,Fast,Left,Null,NotReferred,Null,False,False,False,False,False,False,103,False,False,True,False,False,False,0,0,0,0,0,False,False
185694,5,1.33,1.0,2.0,1.0,6.0,2.0,1.0,4182,,6473,ICC Under-19 World Cup 2020,1,856,Japan U19s,229,India U19 Men,2020-01-21T08:24:41Z,3,True,Bowled,4073.0,Marcus Thurgate,3006,Kartik Tyagi,4073,Marcus Thurgate,4078,Shu Noguchi,0,0,Left,,0,0,0,0,Bowled,Yorker,Null,NotOut,Missed,0,Worked,Null,Over,Fast,Left,Out1stUmpire,NotReferred,Null,False,False,False,False,False,False,103,False,False,True,False,False,False,0,0,0,0,0,False,False
185694,5,1.33,1.0,2.0,1.0,6.0,2.0,1.0,4182,,6473,ICC Under-19 World Cup 2020,1,856,Japan U19s,229,India U19 Men,2020-01-21T08:26:31Z,4,True,Lbw,4076.0,Neel Date,3006,Kartik Tyagi,4076,Neel Date,4078,Shu Noguchi,1,1,Left,,0,0,0,0,LBW,Yorker,Null,NotOut,Missed,0,ForwardDefensive,Null,Over,Fast,Left,Out1stUmpire,NotReferred,Null,False,False,False,False,False,False,103,False,False,True,False,False,False,0,0,0,0,0,False,False
185694,5,1.33,1.0,2.0,1.0,6.0,2.0,1.0,4182,,6473,ICC Under-19 World Cup 2020,1,856,Japan U19s,229,India U19 Men,2020-01-21T08:28:14Z,5,False,,,,3006,Kartik Tyagi,4068,Debashish Sahoo,4078,Shu Noguchi,90,48,Left,Wicketkeeper,1,1,1,0,,LengthBall,Null,NotOut,NoShot,0,Leave,Null,Over,Fast,Left,Null,NotReferred,Null,True,False,False,False,False,False,103,False,False,True,False,False,False,0,0,1,0,0,False,False
185694,5,1.33,1.0,2.0,1.0,6.0,2.0,1.0,4182,,6473,ICC Under-19 World Cup 2020,1,856,Japan U19s,229,India U19 Men,2020-01-21T08:28:55Z,5,False,,,,3006,Kartik Tyagi,4068,Debashish Sahoo,4078,Shu Noguchi,318,19,Left,Short Leg,0,0,0,0,,LengthBall,Null,NotOut,Played,0,BackwardDefensive,Null,Over,Fast,Left,Null,NotReferred,Null,False,False,False,False,False,False,103,False,False,True,False,False,False,0,0,0,0,0,False,False
185694,5,1.33,1.0,2.0,1.0,6.0,2.0,1.0,4182,,6473,ICC Under-19 World Cup 2020,1,856,Japan U19s,229,India U19 Men,2020-01-21T08:29:32Z,6,False,,,,3006,Kartik Tyagi,4068,Debashish Sahoo,4078,Shu Noguchi,270,40,Left,Bowler,0,0,0,0,,LengthBall,Null,NotOut,Edged,0,ForwardDefensive,Null,Over,Fast,Left,Null,NotReferred,Null,False,False,False,False,False,False,103,False,False,True,False,False,False,0,0,0,0,0,False,False
185701,6,1.82,5.0,0.0,0.0,10.0,2.0,5.0,4182,,6473,ICC Under-19 World Cup 2020,1,856,Japan U19s,229,India U19 Men,2020-01-21T08:30:27Z,1,False,,,,3968,Akash Singh,4078,Shu Noguchi,4068,Debashish Sahoo,90,48,Left,Wicketkeeper,0,0,0,0,,LengthBall,Null,NotOut,NoShot,0,Leave,Null,Round,Fast,Right,Null,NotReferred,Null,False,False,False,False,False,False,85,False,False,True,False,False,False,0,0,0,0,0,False,False
185701,6,1.82,5.0,0.0,0.0,10.0,2.0,5.0,4182,,6473,ICC Under-19 World Cup 2020,1,856,Japan U19s,229,India U19 Men,2020-01-21T08:31:08Z,2,False,,,,3968,Akash Singh,4078,Shu Noguchi,4068,Debashish Sahoo,333,41,Left,Short Mid Wicket,0,0,0,0,,LengthBall,Null,NotOut,Played,0,Worked,Null,Round,Fast,Right,Null,NotReferred,Null,False,False,False,False,False,False,85,False,False,True,False,False,False,0,0,0,0,0,False,False
185701,6,1.82,5.0,0.0,0.0,10.0,2.0,5.0,4182,,6473,ICC Under-19 World Cup 2020,1,856,Japan U19s,229,India U19 Men,2020-01-21T08:31:45Z,3,False,,,,3968,Akash Singh,4078,Shu Noguchi,4068,Debashish Sahoo,181,172,Left,Deep Point,4,0,4,4,,FullToss,Null,NotOut,Played,0,Drive,Null,Round,Fast,Right,Null,NotReferred,Null,False,False,False,False,False,False,85,False,False,True,False,False,False,4,0,0,0,0,False,True
185701,6,1.82,5.0,0.0,0.0,10.0,2.0,5.0,4182,,6473,ICC Under-19 World Cup 2020,1,856,Japan U19s,229,India U19 Men,2020-01-21T08:32:33Z,4,False,,,,3968,Akash Singh,4078,Shu Noguchi,4068,Debashish Sahoo,90,48,Left,Wicketkeeper,0,0,0,0,,LengthBall,Null,NotOut,NoShot,0,Leave,Null,Round,Fast,Right,Null,NotReferred,Null,False,False,False,False,False,False,85,False,False,True,False,False,False,0,0,0,0,0,False,False
185701,6,1.82,5.0,0.0,0.0,10.0,2.0,5.0,4182,,6473,ICC Under-19 World Cup 2020,1,856,Japan U19s,229,India U19 Men,2020-01-21T08:33:15Z,5,False,,,,3968,Akash Singh,4078,Shu Noguchi,4068,Debashish Sahoo,90,48,Left,Wicketkeeper,0,0,0,0,,LengthBall,Null,NotOut,Missed,0,Drive,Null,Round,Fast,Right,Null,NotReferred,Null,False,False,False,False,False,False,85,False,False,True,False,False,False,0,0,0,0,0,False,False
185701,6,1.82,5.0,0.0,0.0,10.0,2.0,5.0,4182,,6473,ICC Under-19 World Cup 2020,1,856,Japan U19s,229,India U19 Men,2020-01-21T08:34:01Z,6,False,,,,3968,Akash Singh,4078,Shu Noguchi,4068,Debashish Sahoo,355,74,Left,Square Leg,1,0,1,1,,LengthBall,Null,NotOut,Played,0,Worked,Null,Round,Fast,Right,Null,NotReferred,Null,False,False,False,False,False,False,85,False,False,True,False,False,False,1,0,0,0,0,False,False
185708,7,2.15,3.0,0.0,2.0,14.0,2.0,3.0,4182,,6473,ICC Under-19 World Cup 2020,1,856,Japan U19s,229,India U19 Men,2020-01-21T08:35:05Z,1,False,,,,3006,Kartik Tyagi,4078,Shu Noguchi,4068,Debashish Sahoo,34,39,Left,Leg Gully,1,0,1,1,,BackOfALength,Null,NotOut,MisTimed,0,Pull,Null,Over,Fast,Left,Null,NotReferred,Null,False,False,False,False,False,False,103,False,False,True,False,False,False,1,0,0,0,0,False,False
185708,7,2.15,3.0,0.0,2.0,14.0,2.0,3.0,4182,,6473,ICC Under-19 World Cup 2020,1,856,Japan U19s,229,India U19 Men,2020-01-21T08:35:48Z,2,False,,,,3006,Kartik Tyagi,4068,Debashish Sahoo,4078,Shu Noguchi,90,48,Left,Wicketkeeper,0,0,0,0,,LengthBall,Null,NotOut,NoShot,0,Leave,Null,Over,Fast,Left,Null,NotReferred,Null,False,False,False,False,False,False,103,False,False,True,False,False,False,0,0,0,0,0,False,False
185708,7,2.15,3.0,0.0,2.0,14.0,2.0,3.0,4182,,6473,ICC Under-19 World Cup 2020,1,856,Japan U19s,229,India U19 Men,2020-01-21T08:36:32Z,3,False,,,,3006,Kartik Tyagi,4068,Debashish Sahoo,4078,Shu Noguchi,90,48,Left,Wicketkeeper,1,1,1,0,,HalfVolley,Null,NotOut,MissedLegSide,0,Worked,Null,Over,Fast,Left,Null,NotReferred,Null,True,False,False,False,False,False,103,False,False,True,False,False,False,0,0,1,0,0,False,False
185708,7,2.15,3.0,0.0,2.0,14.0,2.0,3.0,4182,,6473,ICC Under-19 World Cup 2020,1,856,Japan U19s,229,India U19 Men,2020-01-21T08:37:56Z,3,False,,,,3006,Kartik Tyagi,4068,Debashish Sahoo,4078,Shu Noguchi,270,40,Left,Bowler,0,0,0,0,,LengthBall,Null,NotOut,Played,0,ForwardDefensive,Null,Over,Fast,Left,Null,NotReferred,Null,False,False,False,False,False,False,103,False,False,True,False,False,False,0,0,0,0,0,False,False
185708,7,2.15,3.0,0.0,2.0,14.0,2.0,3.0,4182,,6473,ICC Under-19 World Cup 2020,1,856,Japan U19s,229,India U19 Men,2020-01-21T08:38:38Z,4,False,,,,3006,Kartik Tyagi,4068,Debashish Sahoo,4078,Shu Noguchi,202,22,Left,Silly Point,0,0,0,0,,LengthBall,Null,NotOut,Played,0,BackwardDefensive,Null,Over,Fast,Left,Null,NotReferred,Null,False,False,False,False,False,False,103,False,False,True,False,False,False,0,0,0,0,0,False,False
185708,7,2.15,3.0,0.0,2.0,14.0,2.0,3.0,4182,,6473,ICC Under-19 World Cup 2020,1,856,Japan U19s,229,India U19 Men,2020-01-21T08:39:19Z,5,False,,,,3006,Kartik Tyagi,4068,Debashish Sahoo,4078,Shu Noguchi,90,48,Left,Wicketkeeper,0,0,0,0,,LengthBall,Null,NotOut,NoShot,0,Leave,Null,Over,Fast,Left,Null,NotReferred,Null,False,False,False,False,False,False,103,False,False,True,False,False,False,0,0,0,0,0,False,False
185708,7,2.15,3.0,0.0,2.0,14.0,2.0,3.0,4182,,6473,ICC Under-19 World Cup 2020,1,856,Japan U19s,229,India U19 Men,2020-01-21T08:40:03Z,6,False,,,,3006,Kartik Tyagi,4068,Debashish Sahoo,4078,Shu Noguchi,289,47,Left,Silly Mid On,0,0,0,0,,LengthBall,Null,NotOut,Played,0,Pushed,Null,Over,Fast,Left,Null,NotReferred,Null,False,False,False,False,False,False,103,False,False,True,False,False,False,0,0,0,0,0,False,False
185714,8,1.87,0.0,2.0,0.0,14.0,4.0,,4182,,6473,ICC Under-19 World Cup 2020,1,856,Japan U19s,229,India U19 Men,2020-01-21T08:41:21Z,1,True,Bowled,4078.0,Shu Noguchi,3003,Ravi Bishnoi,4078,Shu Noguchi,4068,Debashish Sahoo,0,0,Left,,0,0,0,0,Bowled,LengthBall,Null,NotOut,NoShot,0,Leave,Null,Over,LegSpin,Left,Out2ndUmpire,NotReferred,Null,False,False,False,False,False,False,85,False,False,True,False,False,False,0,0,0,0,0,False,False
185714,8,1.87,0.0,2.0,0.0,14.0,4.0,,4182,,6473,ICC Under-19 World Cup 2020,1,856,Japan U19s,229,India U19 Men,2020-01-21T08:42:55Z,2,True,Bowled,4070.0,Kazumasa Takahashi,3003,Ravi Bishnoi,4070,Kazumasa Takahashi,4068,Debashish Sahoo,0,0,Left,,0,0,0,0,Bowled,LengthBall,Null,NotOut,Missed,0,ForwardDefensive,Null,Over,LegSpin,Left,Out2ndUmpire,NotReferred,Null,False,False,False,False,False,False,85,False,False,True,False,False,False,0,0,0,0,0,False,False
185714,8,1.87,0.0,2.0,0.0,14.0,4.0,,4182,,6473,ICC Under-19 World Cup 2020,1,856,Japan U19s,229,India U19 Men,2020-01-21T08:44:21Z,3,False,,,,3003,Ravi Bishnoi,4069,Ishaan Fartyal,4068,Debashish Sahoo,186,15,Left,Silly Point,0,0,0,0,,LengthBall,Null,Lbw,HitPad,0,ForwardDefensive,Null,Over,LegSpin,Left,NotOut2ndUmpire,NotReferred,Null,False,False,False,False,False,True,85,False,False,True,False,False,False,0,0,0,0,0,False,False
185714,8,1.87,0.0,2.0,0.0,14.0,4.0,,4182,,6473,ICC Under-19 World Cup 2020,1,856,Japan U19s,229,India U19 Men,2020-01-21T08:44:54Z,4,False,,,,3003,Ravi Bishnoi,4069,Ishaan Fartyal,4068,Debashish Sahoo,211,39,Left,Short Extra Cover,0,0,0,0,,LengthBall,Null,NotOut,Played,0,ForwardDefensive,Null,Over,LegSpin,Left,Null,NotReferred,Null,False,False,False,False,False,False,85,False,False,True,False,False,False,0,0,0,0,0,False,False
185714,8,1.87,0.0,2.0,0.0,14.0,4.0,,4182,,6473,ICC Under-19 World Cup 2020,1,856,Japan U19s,229,India U19 Men,2020-01-21T08:45:15Z,5,False,,,,3003,Ravi Bishnoi,4069,Ishaan Fartyal,4068,Debashish Sahoo,90,48,Left,Wicketkeeper,0,0,0,0,,LengthBall,Null,NotOut,NoShot,0,Leave,Null,Over,LegSpin,Left,Null,NotReferred,Null,False,False,False,False,False,False,85,False,False,True,False,False,False,0,0,0,0,0,False,False
185714,8,1.87,0.0,2.0,0.0,14.0,4.0,,4182,,6473,ICC Under-19 World Cup 2020,1,856,Japan U19s,229,India U19 Men,2020-01-21T08:45:36Z,6,False,,,,3003,Ravi Bishnoi,4069,Ishaan Fartyal,4068,Debashish Sahoo,49,68,Left,Short Fine Leg,0,0,0,0,,LengthBall,Null,NotOut,Played,0,Glance,Null,Over,LegSpin,Left,Null,NotReferred,Null,False,False,False,False,False,False,85,False,False,True,False,False,False,0,0,0,0,0,False,False
185721,9,2.24,1.0,0.0,5.0,19.0,4.0,5.0,4182,,6473,ICC Under-19 World Cup 2020,1,856,Japan U19s,229,India U19 Men,2020-01-21T08:47:00Z,1,False,,,,3001,Vidyadhar Patil,4068,Debashish Sahoo,4069,Ishaan Fartyal,82,165,Left,Fine Leg,0,4,4,0,,LengthBall,Null,NotOut,HitPad,0,Glance,Null,Over,Medium,Left,Null,NotReferred,Null,False,False,False,True,False,False,103,False,False,True,False,False,False,0,0,0,4,0,False,False
185721,9,2.24,1.0,0.0,5.0,19.0,4.0,5.0,4182,,6473,ICC Under-19 World Cup 2020,1,856,Japan U19s,229,India U19 Men,2020-01-21T08:47:46Z,2,False,,,,3001,Vidyadhar Patil,4068,Debashish Sahoo,4069,Ishaan Fartyal,90,48,Left,Wicketkeeper,0,0,0,0,,LengthBall,Null,NotOut,NoShot,0,Leave,Null,Over,Medium,Left,Null,NotReferred,Null,False,False,False,False,False,False,103,False,False,True,False,False,False,0,0,0,0,0,False,False
185721,9,2.24,1.0,0.0,5.0,19.0,4.0,5.0,4182,,6473,ICC Under-19 World Cup 2020,1,856,Japan U19s,229,India U19 Men,2020-01-21T08:48:22Z,3,False,,,,3001,Vidyadhar Patil,4068,Debashish Sahoo,4069,Ishaan Fartyal,270,40,Left,Bowler,0,0,0,0,,LengthBall,Null,NotOut,Played,0,ForwardDefensive,Null,Over,Medium,Left,Null,NotReferred,Null,False,False,False,False,False,False,103,False,False,True,False,False,False,0,0,0,0,0,False,False
185721,9,2.24,1.0,0.0,5.0,19.0,4.0,5.0,4182,,6473,ICC Under-19 World Cup 2020,1,856,Japan U19s,229,India U19 Men,2020-01-21T08:48:54Z,4,False,,,,3001,Vidyadhar Patil,4068,Debashish Sahoo,4069,Ishaan Fartyal,90,48,Left,Wicketkeeper,1,1,1,0,,LengthBall,Null,NotOut,Missed,0,Drive,Null,Over,Medium,Left,Null,NotReferred,Null,True,False,False,False,False,False,103,False,False,True,False,False,False,0,0,1,0,0,False,False
185721,9,2.24,1.0,0.0,5.0,19.0,4.0,5.0,4182,,6473,ICC Under-19 World Cup 2020,1,856,Japan U19s,229,India U19 Men,2020-01-21T08:49:34Z,4,False,,,,3001,Vidyadhar Patil,4068,Debashish Sahoo,4069,Ishaan Fartyal,90,48,Left,Wicketkeeper,0,0,0,0,,BackOfALength,Null,NotOut,NoShot,0,Leave,Null,Over,Medium,Left,Null,NotReferred,Null,False,False,False,False,False,False,103,False,False,True,False,False,False,0,0,0,0,0,False,False
185721,9,2.24,1.0,0.0,5.0,19.0,4.0,5.0,4182,,6473,ICC Under-19 World Cup 2020,1,856,Japan U19s,229,India U19 Men,2020-01-21T08:50:15Z,5,False,,,,3001,Vidyadhar Patil,4068,Debashish Sahoo,4069,Ishaan Fartyal,90,48,Left,Wicketkeeper,0,0,0,0,,LengthBall,Null,NotOut,Missed,0,BackwardDefensive,Null,Over,Medium,Left,Null,NotReferred,Null,False,False,False,False,False,False,103,False,False,True,False,False,False,0,0,0,0,0,False,False
185721,9,2.24,1.0,0.0,5.0,19.0,4.0,5.0,4182,,6473,ICC Under-19 World Cup 2020,1,856,Japan U19s,229,India U19 Men,2020-01-21T08:50:50Z,6,False,,,,3001,Vidyadhar Patil,4068,Debashish Sahoo,4069,Ishaan Fartyal,270,40,Left,Bowler,0,0,0,0,,LengthBall,Null,NotOut,Played,0,Pushed,Null,Over,Medium,Left,Null,NotReferred,Null,False,False,False,False,False,False,103,False,False,True,False,False,False,0,0,0,0,0,False,False
185726,10,2.0,0.0,2.0,0.0,19.0,6.0,,4182,,6473,ICC Under-19 World Cup 2020,1,856,Japan U19s,229,India U19 Men,2020-01-21T08:51:54Z,1,False,,,,3003,Ravi Bishnoi,4069,Ishaan Fartyal,4068,Debashish Sahoo,90,48,Left,Wicketkeeper,0,0,0,0,,LengthBall,Null,NotOut,NoShot,0,Leave,Null,Over,LegSpin,Left,Null,NotReferred,Null,False,False,False,False,False,False,85,False,False,True,False,False,False,0,0,0,0,0,False,False
185726,10,2.0,0.0,2.0,0.0,19.0,6.0,,4182,,6473,ICC Under-19 World Cup 2020,1,856,Japan U19s,229,India U19 Men,2020-01-21T08:52:16Z,2,False,,,,3003,Ravi Bishnoi,4069,Ishaan Fartyal,4068,Debashish Sahoo,90,48,Left,Wicketkeeper,0,0,0,0,,LengthBall,Null,NotOut,NoShot,0,Leave,Null,Over,LegSpin,Left,Null,NotReferred,Null,False,False,False,False,False,False,85,False,False,True,False,False,False,0,0,0,0,0,False,False
185726,10,2.0,0.0,2.0,0.0,19.0,6.0,,4182,,6473,ICC Under-19 World Cup 2020,1,856,Japan U19s,229,India U19 Men,2020-01-21T08:52:36Z,3,True,Lbw,4069.0,Ishaan Fartyal,3003,Ravi Bishnoi,4069,Ishaan Fartyal,4068,Debashish Sahoo,0,0,Left,,0,0,0,0,LBW,LengthBall,Null,NotOut,HitPad,0,ForwardDefensive,Null,Over,LegSpin,Left,Out2ndUmpire,NotReferred,Null,False,False,False,False,False,False,85,False,False,True,False,False,False,0,0,0,0,0,False,False
185726,10,2.0,0.0,2.0,0.0,19.0,6.0,,4182,,6473,ICC Under-19 World Cup 2020,1,856,Japan U19s,229,India U19 Men,2020-01-21T08:54:20Z,4,False,,,,3003,Ravi Bishnoi,4067,Ashley Thurgate,4068,Debashish Sahoo,90,48,Right,Wicketkeeper,0,0,0,0,,LengthBall,Null,NotOut,NoShot,0,ShouldersArms,Null,Over,LegSpin,Left,Null,NotReferred,Null,False,False,False,False,False,False,85,False,False,True,False,False,False,0,0,0,0,0,False,False
185726,10,2.0,0.0,2.0,0.0,19.0,6.0,,4182,,6473,ICC Under-19 World Cup 2020,1,856,Japan U19s,229,India U19 Men,2020-01-21T08:54:45Z,5,True,Caught,4067.0,Ashley Thurgate,3003,Ravi Bishnoi,4067,Ashley Thurgate,4068,Debashish Sahoo,70,28,Right,First Slip,0,0,0,0,Caught,LengthBall,Null,NotOut,Edged,0,ForwardDefensive,Null,Over,LegSpin,Left,Out2ndUmpire,NotReferred,Null,False,False,False,False,False,False,85,False,False,True,False,False,False,0,0,0,0,0,False,False
185726,10,2.0,0.0,2.0,0.0,19.0,6.0,,4182,,6473,ICC Under-19 World Cup 2020,1,856,Japan U19s,229,India U19 Men,2020-01-21T08:56:38Z,6,False,,,,3003,Ravi Bishnoi,4071,Kento Ota-Dobell,4068,Debashish Sahoo,270,40,Left,Bowler,0,0,0,0,,LengthBall,Null,NotOut,Played,0,ForwardDefensive,Null,Over,LegSpin,Left,Null,NotReferred,Null,False,False,False,False,False,False,85,False,False,True,False,False,False,0,0,0,0,0,False,False
185730,11,2.0,2.0,1.0,0.0,21.0,7.0,2.0,4182,,6473,ICC Under-19 World Cup 2020,1,856,Japan U19s,229,India U19 Men,2020-01-21T08:57:47Z,1,False,,,,3001,Vidyadhar Patil,4068,Debashish Sahoo,4071,Kento Ota-Dobell,90,48,Left,Wicketkeeper,0,0,0,0,,LengthBall,Null,NotOut,Missed,0,Pushed,Null,Over,Medium,Left,Null,NotReferred,Null,False,False,False,False,False,False,103,False,False,False,False,False,False,0,0,0,0,0,False,False
185730,11,2.0,2.0,1.0,0.0,21.0,7.0,2.0,4182,,6473,ICC Under-19 World Cup 2020,1,856,Japan U19s,229,India U19 Men,2020-01-21T08:58:19Z,2,True,Caught,4068.0,Debashish Sahoo,3001,Vidyadhar Patil,4068,Debashish Sahoo,4071,Kento Ota-Dobell,215,60,Left,Short Extra Cover,0,0,0,0,Caught,LengthBall,Null,NotOut,Edged,0,Worked,Null,Over,Medium,Left,Out1stUmpire,NotReferred,Null,False,False,False,False,False,False,103,False,False,False,False,False,False,0,0,0,0,0,False,False
185730,11,2.0,2.0,1.0,0.0,21.0,7.0,2.0,4182,,6473,ICC Under-19 World Cup 2020,1,856,Japan U19s,229,India U19 Men,2020-01-21T08:59:53Z,3,False,,,,3001,Vidyadhar Patil,4071,Kento Ota-Dobell,4075,Max Clements,13,84,Left,Backward Square Leg,2,0,2,2,,LengthBall,Null,NotOut,Played,0,Worked,Null,Over,Medium,Left,Null,NotReferred,Null,False,False,False,False,False,False,103,False,False,False,False,False,False,2,0,0,0,0,False,False
185730,11,2.0,2.0,1.0,0.0,21.0,7.0,2.0,4182,,6473,ICC Under-19 World Cup 2020,1,856,Japan U19s,229,India U19 Men,2020-01-21T09:00:35Z,4,False,,,,3001,Vidyadhar Patil,4071,Kento Ota-Dobell,4075,Max Clements,90,48,Left,Wicketkeeper,0,0,0,0,,LengthBall,Null,NotOut,NoShot,0,Leave,Null,Over,Medium,Left,Null,NotReferred,Null,False,False,False,False,False,False,103,False,False,False,False,False,False,0,0,0,0,0,False,False
185730,11,2.0,2.0,1.0,0.0,21.0,7.0,2.0,4182,,6473,ICC Under-19 World Cup 2020,1,856,Japan U19s,229,India U19 Men,2020-01-21T09:01:12Z,5,False,,,,3001,Vidyadhar Patil,4071,Kento Ota-Dobell,4075,Max Clements,218,49,Left,Short Extra Cover,0,0,0,0,,LengthBall,Null,NotOut,Played,0,Pushed,Null,Over,Medium,Left,Null,NotReferred,Null,False,False,False,False,False,False,103,False,False,False,False,False,False,0,0,0,0,0,False,False
185730,11,2.0,2.0,1.0,0.0,21.0,7.0,2.0,4182,,6473,ICC Under-19 World Cup 2020,1,856,Japan U19s,229,India U19 Men,2020-01-21T09:01:48Z,6,False,,,,3001,Vidyadhar Patil,4071,Kento Ota-Dobell,4075,Max Clements,90,48,Left,Wicketkeeper,0,0,0,0,,LengthBall,Null,NotOut,NoShot,0,Leave,Null,Over,Medium,Left,Null,NotReferred,Null,False,False,False,False,False,False,103,False,False,False,False,False,False,0,0,0,0,0,False,False
185734,12,1.91,1.0,0.0,1.0,22.0,7.0,1.0,4182,,6473,ICC Under-19 World Cup 2020,1,856,Japan U19s,229,India U19 Men,2020-01-21T09:02:44Z,1,False,,,,3003,Ravi Bishnoi,4075,Max Clements,4071,Kento Ota-Dobell,90,48,Left,Wicketkeeper,1,1,1,0,,LengthBall,Null,NotOut,NoShot,0,Leave,Null,Over,LegSpin,Left,Null,NotReferred,Null,True,False,False,False,False,False,85,False,False,False,False,False,False,0,0,1,0,0,False,False
185734,12,1.91,1.0,0.0,1.0,22.0,7.0,1.0,4182,,6473,ICC Under-19 World Cup 2020,1,856,Japan U19s,229,India U19 Men,2020-01-21T09:03:05Z,1,False,,,,3003,Ravi Bishnoi,4075,Max Clements,4071,Kento Ota-Dobell,124,19,Left,Silly Point,0,0,0,0,,LengthBall,Null,NotOut,HitPad,0,BackwardDefensive,Null,Over,LegSpin,Left,Null,NotReferred,Null,False,False,False,False,False,False,85,False,False,False,False,False,False,0,0,0,0,0,False,False
185734,12,1.91,1.0,0.0,1.0,22.0,7.0,1.0,4182,,6473,ICC Under-19 World Cup 2020,1,856,Japan U19s,229,India U19 Men,2020-01-21T09:03:25Z,2,False,,,,3003,Ravi Bishnoi,4075,Max Clements,4071,Kento Ota-Dobell,12,18,Left,Short Leg,0,0,0,0,,LengthBall,Null,NotOut,HitPad,0,Worked,Null,Over,LegSpin,Left,Null,NotReferred,Null,False,False,False,False,False,False,85,False,False,False,False,False,False,0,0,0,0,0,False,False
185734,12,1.91,1.0,0.0,1.0,22.0,7.0,1.0,4182,,6473,ICC Under-19 World Cup 2020,1,856,Japan U19s,229,India U19 Men,2020-01-21T09:03:53Z,3,False,,,,3003,Ravi Bishnoi,4075,Max Clements,4071,Kento Ota-Dobell,90,48,Left,Wicketkeeper,0,0,0,0,,LengthBall,Null,NotOut,NoShot,0,Leave,Null,Over,LegSpin,Left,Null,NotReferred,Null,False,False,False,False,False,False,85,False,False,False,False,False,False,0,0,0,0,0,False,False
185734,12,1.91,1.0,0.0,1.0,22.0,7.0,1.0,4182,,6473,ICC Under-19 World Cup 2020,1,856,Japan U19s,229,India U19 Men,2020-01-21T09:04:11Z,4,False,,,,3003,Ravi Bishnoi,4075,Max Clements,4071,Kento Ota-Dobell,270,40,Left,Bowler,0,0,0,0,,LengthBall,Null,NotOut,Played,0,ForwardDefensive,Null,Over,LegSpin,Left,Null,NotReferred,Null,False,False,False,False,False,False,85,False,False,False,False,False,False,0,0,0,0,0,False,False
185734,12,1.91,1.0,0.0,1.0,22.0,7.0,1.0,4182,,6473,ICC Under-19 World Cup 2020,1,856,Japan U19s,229,India U19 Men,2020-01-21T09:04:32Z,5,False,,,,3003,Ravi Bishnoi,4075,Max Clements,4071,Kento Ota-Dobell,298,52,Left,Silly Mid On,0,0,0,0,,LengthBall,Null,NotOut,Played,0,Worked,Null,Over,LegSpin,Left,Null,NotReferred,Null,False,False,False,False,False,False,85,False,False,False,False,False,False,0,0,0,0,0,False,False
185734,12,1.91,1.0,0.0,1.0,22.0,7.0,1.0,4182,,6473,ICC Under-19 World Cup 2020,1,856,Japan U19s,229,India U19 Men,2020-01-21T09:04:53Z,6,False,,,,3003,Ravi Bishnoi,4075,Max Clements,4071,Kento Ota-Dobell,90,48,Left,Wicketkeeper,0,0,0,0,,LengthBall,Null,NotOut,Missed,0,Cut,Null,Over,LegSpin,Left,Null,NotReferred,Null,False,False,False,False,False,False,85,False,False,False,False,False,False,0,0,0,0,0,False,False
185737,13,1.76,0.0,0.0,0.0,22.0,7.0,,4182,,6473,ICC Under-19 World Cup 2020,1,856,Japan U19s,229,India U19 Men,2020-01-21T09:05:44Z,1,False,,,,3001,Vidyadhar Patil,4071,Kento Ota-Dobell,4075,Max Clements,202,33,Left,Silly Point,0,0,0,0,,LengthBall,Null,NotOut,Played,0,ForwardDefensive,Null,Over,Medium,Left,Null,NotReferred,Null,False,False,False,False,False,False,103,False,False,False,False,False,False,0,0,0,0,0,False,False
185737,13,1.76,0.0,0.0,0.0,22.0,7.0,,4182,,6473,ICC Under-19 World Cup 2020,1,856,Japan U19s,229,India U19 Men,2020-01-21T09:06:12Z,2,False,,,,3001,Vidyadhar Patil,4071,Kento Ota-Dobell,4075,Max Clements,291,47,Left,Silly Mid On,0,0,0,0,,LengthBall,Null,NotOut,Played,0,BackwardDefensive,Null,Over,Medium,Left,Null,NotReferred,Null,False,False,False,False,False,False,103,False,False,False,False,False,False,0,0,0,0,0,False,False
185737,13,1.76,0.0,0.0,0.0,22.0,7.0,,4182,,6473,ICC Under-19 World Cup 2020,1,856,Japan U19s,229,India U19 Men,2020-01-21T09:06:47Z,3,False,,,,3001,Vidyadhar Patil,4071,Kento Ota-Dobell,4075,Max Clements,159,28,Left,Silly Point,0,0,0,0,,LengthBall,Null,NotOut,HitPad,0,Worked,Null,Over,Medium,Left,Null,NotReferred,Null,False,False,False,False,False,False,103,False,False,False,False,False,False,0,0,0,0,0,False,False
185737,13,1.76,0.0,0.0,0.0,22.0,7.0,,4182,,6473,ICC Under-19 World Cup 2020,1,856,Japan U19s,229,India U19 Men,2020-01-21T09:07:24Z,4,False,,,,3001,Vidyadhar Patil,4071,Kento Ota-Dobell,4075,Max Clements,90,48,Left,Wicketkeeper,0,0,0,0,,LengthBall,Null,NotOut,NoShot,0,Leave,Null,Over,Medium,Left,Null,NotReferred,Null,False,False,False,False,False,False,103,False,False,False,False,False,False,0,0,0,0,0,False,False
185737,13,1.76,0.0,0.0,0.0,22.0,7.0,,4182,,6473,ICC Under-19 World Cup 2020,1,856,Japan U19s,229,India U19 Men,2020-01-21T09:07:58Z,5,False,,,,3001,Vidyadhar Patil,4071,Kento Ota-Dobell,4075,Max Clements,90,48,Left,Wicketkeeper,0,0,0,0,,LengthBall,Null,NotOut,Missed,0,Drive,Null,Over,Medium,Left,Null,NotReferred,Null,False,False,False,False,False,False,103,False,False,False,False,False,False,0,0,0,0,0,False,False
185737,13,1.76,0.0,0.0,0.0,22.0,7.0,,4182,,6473,ICC Under-19 World Cup 2020,1,856,Japan U19s,229,India U19 Men,2020-01-21T09:08:33Z,6,False,,,,3001,Vidyadhar Patil,4071,Kento Ota-Dobell,4075,Max Clements,90,48,Left,Wicketkeeper,0,0,0,0,,LengthBall,Null,NotOut,Missed,0,Drive,Null,Over,Medium,Left,Null,NotReferred,Null,False,False,False,False,False,False,103,False,False,False,False,False,False,0,0,0,0,0,False,False
185742,14,1.7,1.0,0.0,0.0,23.0,7.0,1.0,4182,,6473,ICC Under-19 World Cup 2020,1,856,Japan U19s,229,India U19 Men,2020-01-21T09:09:20Z,1,False,,,,3003,Ravi Bishnoi,4075,Max Clements,4071,Kento Ota-Dobell,90,48,Left,Wicketkeeper,0,0,0,0,,LengthBall,Null,NotOut,NoShot,0,Leave,Null,Over,LegSpin,Left,Null,NotReferred,Null,False,False,False,False,False,False,85,False,False,False,False,False,False,0,0,0,0,0,False,False
185742,14,1.7,1.0,0.0,0.0,23.0,7.0,1.0,4182,,6473,ICC Under-19 World Cup 2020,1,856,Japan U19s,229,India U19 Men,2020-01-21T09:09:39Z,2,False,,,,3003,Ravi Bishnoi,4075,Max Clements,4071,Kento Ota-Dobell,124,140,Left,Third Man,1,0,1,1,,LengthBall,Null,NotOut,Edged,0,Drive,Null,Over,LegSpin,Left,Null,NotReferred,Null,False,False,False,False,False,False,85,False,False,False,False,False,False,1,0,0,0,0,False,False
185742,14,1.7,1.0,0.0,0.0,23.0,7.0,1.0,4182,,6473,ICC Under-19 World Cup 2020,1,856,Japan U19s,229,India U19 Men,2020-01-21T09:10:17Z,3,False,,,,3003,Ravi Bishnoi,4075,Max Clements,4071,Kento Ota-Dobell,299,38,Left,Silly Mid On,0,0,0,0,,LengthBall,Null,NotOut,Played,0,ForwardDefensive,Null,Over,LegSpin,Left,Null,NotReferred,Null,False,False,False,False,False,False,85,False,False,False,False,False,False,0,0,0,0,0,False,False
185742,14,1.7,1.0,0.0,0.0,23.0,7.0,1.0,4182,,6473,ICC Under-19 World Cup 2020,1,856,Japan U19s,229,India U19 Men,2020-01-21T09:10:55Z,4,False,,,,3003,Ravi Bishnoi,4075,Max Clements,4071,Kento Ota-Dobell,90,48,Left,Wicketkeeper,0,0,0,0,,LengthBall,Null,NotOut,NoShot,0,Leave,Null,Over,LegSpin,Left,Null,NotReferred,Null,False,False,False,False,False,False,85,False,False,False,False,False,False,0,0,0,0,0,False,False
185742,14,1.7,1.0,0.0,0.0,23.0,7.0,1.0,4182,,6473,ICC Under-19 World Cup 2020,1,856,Japan U19s,229,India U19 Men,2020-01-21T09:11:15Z,5,False,,,,3003,Ravi Bishnoi,4075,Max Clements,4071,Kento Ota-Dobell,187,82,Left,Point,0,0,0,0,,LengthBall,Null,NotOut,Played,0,Drive,Null,Over,LegSpin,Left,Null,NotReferred,Null,False,False,False,False,False,False,85,False,False,False,False,False,False,0,0,0,0,0,False,False
185742,14,1.7,1.0,0.0,0.0,23.0,7.0,1.0,4182,,6473,ICC Under-19 World Cup 2020,1,856,Japan U19s,229,India U19 Men,2020-01-21T09:11:36Z,6,False,,,,3003,Ravi Bishnoi,4075,Max Clements,4071,Kento Ota-Dobell,188,58,Left,Point,0,0,0,0,,LengthBall,Null,NotOut,Played,0,BackwardDefensive,Null,Over,LegSpin,Left,Null,NotReferred,Null,False,False,False,False,False,False,85,False,False,False,False,False,False,0,0,0,0,0,False,False
185748,15,2.0,5.0,0.0,2.0,29.0,7.0,6.0,4182,,6473,ICC Under-19 World Cup 2020,1,856,Japan U19s,229,India U19 Men,2020-01-21T09:15:25Z,1,False,,,,3001,Vidyadhar Patil,4071,Kento Ota-Dobell,4075,Max Clements,356,58,Left,Mid Wicket,0,1,1,0,,LengthBall,Null,NotOut,HitPad,0,Worked,Null,Over,Medium,Left,Null,NotReferred,Null,False,False,False,True,False,False,103,False,False,False,False,False,False,0,0,0,1,0,False,False
185748,15,2.0,5.0,0.0,2.0,29.0,7.0,6.0,4182,,6473,ICC Under-19 World Cup 2020,1,856,Japan U19s,229,India U19 Men,2020-01-21T09:16:16Z,2,False,,,,3001,Vidyadhar Patil,4075,Max Clements,4071,Kento Ota-Dobell,242,59,Left,Silly Mid Off,0,0,0,0,,LengthBall,Null,NotOut,Played,0,BackwardDefensive,Null,Over,Medium,Left,Null,NotReferred,Null,False,False,False,False,False,False,103,False,False,False,False,False,False,0,0,0,0,0,False,False
185748,15,2.0,5.0,0.0,2.0,29.0,7.0,6.0,4182,,6473,ICC Under-19 World Cup 2020,1,856,Japan U19s,229,India U19 Men,2020-01-21T09:16:49Z,3,False,,,,3001,Vidyadhar Patil,4075,Max Clements,4071,Kento Ota-Dobell,169,59,Left,Gully,0,0,0,0,,LengthBall,Null,NotOut,Edged,0,ForwardDefensive,Null,Over,Medium,Left,Null,NotReferred,Null,False,False,False,False,False,False,103,False,False,False,False,False,False,0,0,0,0,0,False,False
185748,15,2.0,5.0,0.0,2.0,29.0,7.0,6.0,4182,,6473,ICC Under-19 World Cup 2020,1,856,Japan U19s,229,India U19 Men,2020-01-21T09:17:25Z,4,False,,,,3001,Vidyadhar Patil,4075,Max Clements,4071,Kento Ota-Dobell,90,48,Left,Wicketkeeper,1,1,1,0,,Short,Null,NotOut,NoShot,0,Leave,Null,Over,Medium,Left,Null,NotReferred,Null,True,False,False,False,False,False,103,False,False,False,False,False,False,0,0,1,0,0,False,False
185748,15,2.0,5.0,0.0,2.0,29.0,7.0,6.0,4182,,6473,ICC Under-19 World Cup 2020,1,856,Japan U19s,229,India U19 Men,2020-01-21T09:18:02Z,4,False,,,,3001,Vidyadhar Patil,4075,Max Clements,4071,Kento Ota-Dobell,188,178,Left,Deep Point,4,0,4,4,,LengthBall,Null,NotOut,Played,0,Drive,Null,Over,Medium,Left,Null,NotReferred,Null,False,False,False,False,False,False,103,False,False,False,False,False,False,4,0,0,0,0,False,False
185748,15,2.0,5.0,0.0,2.0,29.0,7.0,6.0,4182,,6473,ICC Under-19 World Cup 2020,1,856,Japan U19s,229,India U19 Men,2020-01-21T09:18:53Z,5,False,,,,3001,Vidyadhar Patil,4075,Max Clements,4071,Kento Ota-Dobell,289,77,Left,Mid On,0,0,0,0,,LengthBall,Null,NotOut,Played,0,ForwardDefensive,Null,Over,Medium,Left,Null,NotReferred,Null,False,False,False,False,False,False,103,False,False,False,False,False,False,0,0,0,0,0,False,False
185748,15,2.0,5.0,0.0,2.0,29.0,7.0,6.0,4182,,6473,ICC Under-19 World Cup 2020,1,856,Japan U19s,229,India U19 Men,2020-01-21T09:19:27Z,6,False,,,,3001,Vidyadhar Patil,4075,Max Clements,4071,Kento Ota-Dobell,236,36,Left,Silly Mid Off,0,0,0,0,,LengthBall,Null,NotOut,Played,0,BackwardDefensive,Null,Over,Medium,Left,Null,NotReferred,Null,False,False,False,False,False,False,103,False,False,False,False,False,False,0,0,0,0,0,False,False
185752,16,2.0,1.0,0.0,1.0,31.0,7.0,2.0,4182,,6473,ICC Under-19 World Cup 2020,1,856,Japan U19s,229,India U19 Men,2020-01-21T09:20:13Z,1,False,,,,3003,Ravi Bishnoi,4071,Kento Ota-Dobell,4075,Max Clements,270,40,Left,Bowler,0,0,0,0,,LengthBall,Null,NotOut,Played,0,ForwardDefensive,Null,Over,LegSpin,Left,Null,NotReferred,Null,False,False,False,False,False,False,85,False,False,False,False,False,False,0,0,0,0,0,False,False
185752,16,2.0,1.0,0.0,1.0,31.0,7.0,2.0,4182,,6473,ICC Under-19 World Cup 2020,1,856,Japan U19s,229,India U19 Men,2020-01-21T09:20:33Z,2,False,,,,3003,Ravi Bishnoi,4071,Kento Ota-Dobell,4075,Max Clements,218,49,Left,Short Extra Cover,0,0,0,0,,LengthBall,Null,NotOut,Played,0,Pushed,Null,Over,LegSpin,Left,Null,NotReferred,Null,False,False,False,False,False,False,85,False,False,False,False,False,False,0,0,0,0,0,False,False
185752,16,2.0,1.0,0.0,1.0,31.0,7.0,2.0,4182,,6473,ICC Under-19 World Cup 2020,1,856,Japan U19s,229,India U19 Men,2020-01-21T09:20:52Z,3,False,,,,3003,Ravi Bishnoi,4071,Kento Ota-Dobell,4075,Max Clements,41,65,Left,Short Fine Leg,1,0,1,1,,LengthBall,Null,NotOut,Played,0,Worked,Null,Over,LegSpin,Left,Null,NotReferred,Null,False,False,False,False,False,False,85,False,False,False,False,False,False,1,0,0,0,0,False,False
185752,16,2.0,1.0,0.0,1.0,31.0,7.0,2.0,4182,,6473,ICC Under-19 World Cup 2020,1,856,Japan U19s,229,India U19 Men,2020-01-21T09:21:20Z,4,False,,,,3003,Ravi Bishnoi,4075,Max Clements,4071,Kento Ota-Dobell,38,63,Left,Leg Gully,0,1,1,0,,LengthBall,Null,NotOut,HitPad,0,Worked,Null,Over,LegSpin,Left,Null,NotReferred,Null,False,False,False,True,False,False,85,False,False,False,False,False,False,0,0,0,1,0,False,False
185752,16,2.0,1.0,0.0,1.0,31.0,7.0,2.0,4182,,6473,ICC Under-19 World Cup 2020,1,856,Japan U19s,229,India U19 Men,2020-01-21T09:21:52Z,5,False,,,,3003,Ravi Bishnoi,4071,Kento Ota-Dobell,4075,Max Clements,90,48,Left,Wicketkeeper,0,0,0,0,,LengthBall,Null,NotOut,NoShot,0,Leave,Null,Over,LegSpin,Left,Null,NotReferred,Null,False,False,False,False,False,False,85,False,False,False,False,False,False,0,0,0,0,0,False,False
185752,16,2.0,1.0,0.0,1.0,31.0,7.0,2.0,4182,,6473,ICC Under-19 World Cup 2020,1,856,Japan U19s,229,India U19 Men,2020-01-21T09:22:15Z,6,False,,,,3003,Ravi Bishnoi,4071,Kento Ota-Dobell,4075,Max Clements,221,42,Left,Short Extra Cover,0,0,0,0,,LengthBall,Null,NotOut,Played,0,Pushed,Null,Over,LegSpin,Left,Null,NotReferred,Null,False,False,False,False,False,False,85,False,False,False,False,False,False,0,0,0,0,0,False,False
185755,17,1.94,1.0,1.0,1.0,32.0,8.0,1.0,4182,,6473,ICC Under-19 World Cup 2020,1,856,Japan U19s,229,India U19 Men,2020-01-21T09:23:31Z,1,False,,,,3006,Kartik Tyagi,4075,Max Clements,4071,Kento Ota-Dobell,90,48,Left,Wicketkeeper,1,1,1,0,,LengthBall,Null,NotOut,NoShot,0,Leave,Null,Over,Fast,Left,Null,NotReferred,Null,True,False,False,False,False,False,103,False,False,False,False,False,False,0,0,1,0,0,False,False
185755,17,1.94,1.0,1.0,1.0,32.0,8.0,1.0,4182,,6473,ICC Under-19 World Cup 2020,1,856,Japan U19s,229,India U19 Men,2020-01-21T09:24:07Z,1,False,,,,3006,Kartik Tyagi,4075,Max Clements,4071,Kento Ota-Dobell,90,48,Left,Wicketkeeper,0,0,0,0,,LengthBall,Null,NotOut,Missed,0,BackwardDefensive,Null,Over,Fast,Left,Null,NotReferred,Null,False,False,False,False,False,False,103,False,False,False,False,False,False,0,0,0,0,0,False,False
185755,17,1.94,1.0,1.0,1.0,32.0,8.0,1.0,4182,,6473,ICC Under-19 World Cup 2020,1,856,Japan U19s,229,India U19 Men,2020-01-21T09:24:45Z,2,False,,,,3006,Kartik Tyagi,4075,Max Clements,4071,Kento Ota-Dobell,216,49,Left,Short Extra Cover,0,0,0,0,,Yorker,Null,NotOut,Played,0,Pushed,Null,Over,Fast,Left,Null,NotReferred,Null,False,False,False,False,False,False,103,False,False,False,False,False,False,0,0,0,0,0,False,False
185755,17,1.94,1.0,1.0,1.0,32.0,8.0,1.0,4182,,6473,ICC Under-19 World Cup 2020,1,856,Japan U19s,229,India U19 Men,2020-01-21T09:25:25Z,3,True,Lbw,4075.0,Max Clements,3006,Kartik Tyagi,4075,Max Clements,4071,Kento Ota-Dobell,0,0,Left,,0,0,0,0,LBW,Yorker,Null,NotOut,HitPad,0,Worked,Null,Over,Fast,Left,Out1stUmpire,NotReferred,Null,False,False,False,False,False,False,103,False,False,False,False,False,False,0,0,0,0,0,False,False
185755,17,1.94,1.0,1.0,1.0,32.0,8.0,1.0,4182,,6473,ICC Under-19 World Cup 2020,1,856,Japan U19s,229,India U19 Men,2020-01-21T09:27:00Z,4,False,,,,3006,Kartik Tyagi,4081,Yugandhar Rethareka,4071,Kento Ota-Dobell,169,55,Left,Gully,0,0,0,0,,LengthBall,Null,NotOut,Played,0,Drive,Null,Over,Fast,Left,Null,NotReferred,Null,False,False,False,False,False,False,103,False,False,False,False,False,False,0,0,0,0,0,False,False
185755,17,1.94,1.0,1.0,1.0,32.0,8.0,1.0,4182,,6473,ICC Under-19 World Cup 2020,1,856,Japan U19s,229,India U19 Men,2020-01-21T09:27:37Z,5,False,,,,3006,Kartik Tyagi,4081,Yugandhar Rethareka,4071,Kento Ota-Dobell,90,48,Left,Wicketkeeper,0,0,0,0,,LengthBall,Null,NotOut,HitPad,0,Worked,Null,Over,Fast,Left,Null,NotReferred,Null,False,False,False,False,False,False,103,False,False,False,False,False,False,0,0,0,0,0,False,False
185755,17,1.94,1.0,1.0,1.0,32.0,8.0,1.0,4182,,6473,ICC Under-19 World Cup 2020,1,856,Japan U19s,229,India U19 Men,2020-01-21T09:28:23Z,6,False,,,,3006,Kartik Tyagi,4081,Yugandhar Rethareka,4071,Kento Ota-Dobell,313,46,Left,Short Mid Wicket,0,0,0,0,,LengthBall,Null,NotOut,MisTimed,0,Drive,Null,Over,Fast,Left,Null,NotReferred,Null,False,False,False,False,False,False,103,False,False,False,False,False,False,0,0,0,0,0,False,False
185762,18,1.89,1.0,0.0,0.0,33.0,8.0,1.0,4182,,6473,ICC Under-19 World Cup 2020,1,856,Japan U19s,229,India U19 Men,2020-01-21T09:29:13Z,1,False,,,,3003,Ravi Bishnoi,4071,Kento Ota-Dobell,4081,Yugandhar Rethareka,90,48,Left,Wicketkeeper,0,0,0,0,,LengthBall,Null,NotOut,NoShot,0,Leave,Null,Over,LegSpin,Left,Null,NotReferred,Null,False,False,False,False,False,False,85,False,False,False,False,False,False,0,0,0,0,0,False,False
185762,18,1.89,1.0,0.0,0.0,33.0,8.0,1.0,4182,,6473,ICC Under-19 World Cup 2020,1,856,Japan U19s,229,India U19 Men,2020-01-21T09:29:40Z,2,False,,,,3003,Ravi Bishnoi,4071,Kento Ota-Dobell,4081,Yugandhar Rethareka,183,63,Left,Point,0,0,0,0,,LengthBall,Null,NotOut,Played,0,Pushed,Null,Over,LegSpin,Left,Null,NotReferred,Null,False,False,False,False,False,False,85,False,False,False,False,False,False,0,0,0,0,0,False,False
185762,18,1.89,1.0,0.0,0.0,33.0,8.0,1.0,4182,,6473,ICC Under-19 World Cup 2020,1,856,Japan U19s,229,India U19 Men,2020-01-21T09:30:04Z,3,False,,,,3003,Ravi Bishnoi,4071,Kento Ota-Dobell,4081,Yugandhar Rethareka,90,48,Left,Wicketkeeper,0,0,0,0,,LengthBall,Null,NotOut,NoShot,0,Leave,Null,Over,LegSpin,Left,Null,NotReferred,Null,False,False,False,False,False,False,85,False,False,False,False,False,False,0,0,0,0,0,False,False
185762,18,1.89,1.0,0.0,0.0,33.0,8.0,1.0,4182,,6473,ICC Under-19 World Cup 2020,1,856,Japan U19s,229,India U19 Men,2020-01-21T09:30:22Z,4,False,,,,3003,Ravi Bishnoi,4071,Kento Ota-Dobell,4081,Yugandhar Rethareka,90,48,Left,Wicketkeeper,0,0,0,0,,LengthBall,Null,NotOut,NoShot,0,Leave,Null,Over,LegSpin,Left,Null,NotReferred,Null,False,False,False,False,False,False,85,False,False,False,False,False,False,0,0,0,0,0,False,False
185762,18,1.89,1.0,0.0,0.0,33.0,8.0,1.0,4182,,6473,ICC Under-19 World Cup 2020,1,856,Japan U19s,229,India U19 Men,2020-01-21T09:30:43Z,5,False,,,,3003,Ravi Bishnoi,4071,Kento Ota-Dobell,4081,Yugandhar Rethareka,229,89,Left,Mid Off,1,0,1,1,,LengthBall,Null,NotOut,Played,0,Drive,Null,Over,LegSpin,Left,Null,NotReferred,Null,False,False,False,False,False,False,85,False,False,False,False,False,False,1,0,0,0,0,False,False
185762,18,1.89,1.0,0.0,0.0,33.0,8.0,1.0,4182,,6473,ICC Under-19 World Cup 2020,1,856,Japan U19s,229,India U19 Men,2020-01-21T09:31:17Z,6,False,,,,3003,Ravi Bishnoi,4081,Yugandhar Rethareka,4071,Kento Ota-Dobell,324,43,Left,Short Mid Wicket,0,0,0,0,,LengthBall,Null,NotOut,Played,0,BackwardDefensive,Null,Over,LegSpin,Left,Null,NotReferred,Null,False,False,False,False,False,False,85,False,False,False,False,False,False,0,0,0,0,0,False,False
185764,19,1.95,2.0,0.0,3.0,36.0,8.0,3.0,4182,,6473,ICC Under-19 World Cup 2020,1,856,Japan U19s,229,India U19 Men,2020-01-21T09:32:07Z,1,False,,,,3006,Kartik Tyagi,4071,Kento Ota-Dobell,4081,Yugandhar Rethareka,54,98,Left,Short Fine Leg,0,1,1,0,,LengthBall,Null,NotOut,HitPad,0,Worked,Null,Over,Fast,Left,Null,NotReferred,Null,False,False,False,True,False,False,103,False,False,False,False,False,False,0,0,0,1,0,False,False
185764,19,1.95,2.0,0.0,3.0,36.0,8.0,3.0,4182,,6473,ICC Under-19 World Cup 2020,1,856,Japan U19s,229,India U19 Men,2020-01-21T09:32:49Z,2,False,,,,3006,Kartik Tyagi,4081,Yugandhar Rethareka,4071,Kento Ota-Dobell,90,48,Left,Wicketkeeper,0,0,0,0,,LengthBall,Null,NotOut,Missed,0,Drive,Null,Over,Fast,Left,Null,NotReferred,Null,False,False,False,False,False,False,103,False,False,False,False,False,False,0,0,0,0,0,False,False
185764,19,1.95,2.0,0.0,3.0,36.0,8.0,3.0,4182,,6473,ICC Under-19 World Cup 2020,1,856,Japan U19s,229,India U19 Men,2020-01-21T09:33:28Z,3,False,,,,3006,Kartik Tyagi,4081,Yugandhar Rethareka,4071,Kento Ota-Dobell,90,48,Left,Wicketkeeper,1,1,1,0,,Short,Null,NotOut,NoShot,0,Leave,Null,Over,Fast,Left,Null,NotReferred,Null,True,False,False,False,False,False,103,False,False,False,False,False,False,0,0,1,0,0,False,False
185764,19,1.95,2.0,0.0,3.0,36.0,8.0,3.0,4182,,6473,ICC Under-19 World Cup 2020,1,856,Japan U19s,229,India U19 Men,2020-01-21T09:34:09Z,3,False,,,,3006,Kartik Tyagi,4081,Yugandhar Rethareka,4071,Kento Ota-Dobell,301,75,Left,Mid On,0,0,0,0,,LengthBall,Null,NotOut,MisTimed,0,Drive,Null,Over,Fast,Left,Null,NotReferred,Null,False,False,False,False,False,False,103,False,False,False,False,False,False,0,0,0,0,0,False,False
185764,19,1.95,2.0,0.0,3.0,36.0,8.0,3.0,4182,,6473,ICC Under-19 World Cup 2020,1,856,Japan U19s,229,India U19 Men,2020-01-21T09:34:50Z,4,False,,,,3006,Kartik Tyagi,4081,Yugandhar Rethareka,4071,Kento Ota-Dobell,289,49,Left,Silly Mid On,0,0,0,0,,Yorker,Null,NotOut,Played,0,Worked,Null,Over,Fast,Left,Null,NotReferred,Null,False,False,False,False,False,False,103,False,False,False,False,False,False,0,0,0,0,0,False,False
185764,19,1.95,2.0,0.0,3.0,36.0,8.0,3.0,4182,,6473,ICC Under-19 World Cup 2020,1,856,Japan U19s,229,India U19 Men,2020-01-21T09:35:33Z,5,False,,,,3006,Kartik Tyagi,4081,Yugandhar Rethareka,4071,Kento Ota-Dobell,90,48,Left,Wicketkeeper,1,1,1,0,,LengthBall,Null,NotOut,MissedLegSide,0,Worked,Null,Over,Fast,Left,Null,NotReferred,Null,True,False,False,False,False,False,103,False,False,False,False,False,False,0,0,1,0,0,False,False
185764,19,1.95,2.0,0.0,3.0,36.0,8.0,3.0,4182,,6473,ICC Under-19 World Cup 2020,1,856,Japan U19s,229,India U19 Men,2020-01-21T09:36:20Z,5,False,,,,3006,Kartik Tyagi,4081,Yugandhar Rethareka,4071,Kento Ota-Dobell,301,81,Left,Mid On,0,0,0,0,,LengthBall,Null,NotOut,Played,0,Pushed,Null,Over,Fast,Left,Null,NotReferred,Null,False,False,False,False,False,False,103,False,False,False,False,False,False,0,0,0,0,0,False,False
185764,19,1.95,2.0,0.0,3.0,36.0,8.0,3.0,4182,,6473,ICC Under-19 World Cup 2020,1,856,Japan U19s,229,India U19 Men,2020-01-21T09:37:04Z,6,False,,,,3006,Kartik Tyagi,4081,Yugandhar Rethareka,4071,Kento Ota-Dobell,209,11,Left,Silly Point,0,0,0,0,,Yorker,Null,NotOut,Played,0,ForwardDefensive,Null,Over,Fast,Left,Null,NotReferred,Null,False,False,False,False,False,False,103,False,False,False,False,False,False,0,0,0,0,0,False,False
185768,20,1.85,0.0,0.0,0.0,36.0,8.0,,4182,,6473,ICC Under-19 World Cup 2020,1,856,Japan U19s,229,India U19 Men,2020-01-21T09:38:00Z,1,False,,,,3003,Ravi Bishnoi,4071,Kento Ota-Dobell,4081,Yugandhar Rethareka,248,31,Left,Silly Mid Off,0,0,0,0,,LengthBall,Null,NotOut,Played,0,ForwardDefensive,Null,Over,LegSpin,Left,Null,NotReferred,Null,False,False,False,False,False,False,85,False,False,False,False,False,False,0,0,0,0,0,False,False
185768,20,1.85,0.0,0.0,0.0,36.0,8.0,,4182,,6473,ICC Under-19 World Cup 2020,1,856,Japan U19s,229,India U19 Men,2020-01-21T09:38:21Z,2,False,,,,3003,Ravi Bishnoi,4071,Kento Ota-Dobell,4081,Yugandhar Rethareka,40,54,Left,Leg Gully,0,0,0,0,,LengthBall,Null,Lbw,HitPad,0,Worked,Null,Over,LegSpin,Left,NotOut2ndUmpire,NotReferred,Null,False,False,False,False,False,True,85,False,False,False,False,False,False,0,0,0,0,0,False,False
185768,20,1.85,0.0,0.0,0.0,36.0,8.0,,4182,,6473,ICC Under-19 World Cup 2020,1,856,Japan U19s,229,India U19 Men,2020-01-21T09:38:46Z,3,False,,,,3003,Ravi Bishnoi,4071,Kento Ota-Dobell,4081,Yugandhar Rethareka,270,40,Left,Bowler,0,0,0,0,,LengthBall,Null,NotOut,Played,0,ForwardDefensive,Null,Over,LegSpin,Left,Null,NotReferred,Null,False,False,False,False,False,False,85,False,False,False,False,False,False,0,0,0,0,0,False,False
185768,20,1.85,0.0,0.0,0.0,36.0,8.0,,4182,,6473,ICC Under-19 World Cup 2020,1,856,Japan U19s,229,India U19 Men,2020-01-21T09:39:24Z,4,False,,,,3003,Ravi Bishnoi,4071,Kento Ota-Dobell,4081,Yugandhar Rethareka,136,17,Left,Silly Point,0,0,0,0,,LengthBall,Null,NotOut,Edged,0,ForwardDefensive,Null,Over,LegSpin,Left,Null,NotReferred,Null,False,False,False,False,False,False,85,False,False,False,False,False,False,0,0,0,0,0,False,False
185768,20,1.85,0.0,0.0,0.0,36.0,8.0,,4182,,6473,ICC Under-19 World Cup 2020,1,856,Japan U19s,229,India U19 Men,2020-01-21T09:39:41Z,5,False,,,,3003,Ravi Bishnoi,4071,Kento Ota-Dobell,4081,Yugandhar Rethareka,245,21,Left,Silly Point,0,0,0,0,,FullToss,Null,NotOut,HitPad,0,Worked,Null,Over,LegSpin,Left,Null,NotReferred,Null,False,False,False,False,False,False,85,False,False,False,False,False,False,0,0,0,0,0,False,False
185768,20,1.85,0.0,0.0,0.0,36.0,8.0,,4182,,6473,ICC Under-19 World Cup 2020,1,856,Japan U19s,229,India U19 Men,2020-01-21T09:40:02Z,6,False,,,,3003,Ravi Bishnoi,4071,Kento Ota-Dobell,4081,Yugandhar Rethareka,270,40,Left,Bowler,0,0,0,0,,LengthBall,Null,NotOut,Played,0,ForwardDefensive,Null,Over,LegSpin,Left,Null,NotReferred,Null,False,False,False,False,False,False,85,False,False,False,False,False,False,0,0,0,0,0,False,False
185771,21,1.85,2.0,1.0,0.0,38.0,9.0,2.0,4182,,6473,ICC Under-19 World Cup 2020,1,856,Japan U19s,229,India U19 Men,2020-01-21T09:41:11Z,1,False,,,,3968,Akash Singh,4081,Yugandhar Rethareka,4071,Kento Ota-Dobell,204,97,Left,Cover,1,0,1,1,,LengthBall,Null,NotOut,MisTimed,0,Pushed,Null,Round,Fast,Right,Null,NotReferred,Null,False,False,False,False,False,False,103,False,False,False,False,False,False,1,0,0,0,0,False,False
185771,21,1.85,2.0,1.0,0.0,38.0,9.0,2.0,4182,,6473,ICC Under-19 World Cup 2020,1,856,Japan U19s,229,India U19 Men,2020-01-21T09:41:47Z,2,False,,,,3968,Akash Singh,4071,Kento Ota-Dobell,4081,Yugandhar Rethareka,90,48,Left,Wicketkeeper,0,0,0,0,,LengthBall,Null,NotOut,NoShot,0,Leave,Null,Round,Fast,Right,Null,NotReferred,Null,False,False,False,False,False,False,103,False,False,False,False,False,False,0,0,0,0,0,False,False
185771,21,1.85,2.0,1.0,0.0,38.0,9.0,2.0,4182,,6473,ICC Under-19 World Cup 2020,1,856,Japan U19s,229,India U19 Men,2020-01-21T09:42:25Z,3,False,,,,3968,Akash Singh,4071,Kento Ota-Dobell,4081,Yugandhar Rethareka,314,42,Left,Short Mid Wicket,0,0,0,0,,LengthBall,Null,NotOut,Played,0,Worked,Null,Round,Fast,Right,Null,NotReferred,Null,False,False,False,False,False,False,103,False,False,False,False,False,False,0,0,0,0,0,False,False
185771,21,1.85,2.0,1.0,0.0,38.0,9.0,2.0,4182,,6473,ICC Under-19 World Cup 2020,1,856,Japan U19s,229,India U19 Men,2020-01-21T09:43:06Z,4,False,,,,3968,Akash Singh,4071,Kento Ota-Dobell,4081,Yugandhar Rethareka,347,102,Left,Mid Wicket,1,0,1,1,,LengthBall,Null,NotOut,Played,0,Worked,Null,Round,Fast,Right,Null,NotReferred,Null,False,False,False,False,False,False,103,False,False,False,False,False,False,1,0,0,0,0,False,False
185771,21,1.85,2.0,1.0,0.0,38.0,9.0,2.0,4182,,6473,ICC Under-19 World Cup 2020,1,856,Japan U19s,229,India U19 Men,2020-01-21T09:43:58Z,5,True,Caught,4081.0,Yugandhar Rethareka,3968,Akash Singh,4081,Yugandhar Rethareka,4071,Kento Ota-Dobell,294,99,Left,Mid On,0,0,0,0,Caught,LengthBall,Null,NotOut,MisTimed,0,Worked,SlowerBall,Round,Fast,Right,Out1stUmpire,NotReferred,Null,False,False,False,False,False,False,103,False,False,False,False,False,False,0,0,0,0,0,False,False
185771,21,1.85,2.0,1.0,0.0,38.0,9.0,2.0,4182,,6473,ICC Under-19 World Cup 2020,1,856,Japan U19s,229,India U19 Men,2020-01-21T09:46:01Z,6,False,,,,3968,Akash Singh,4079,Sora Ichiki,4071,Kento Ota-Dobell,286,11,Right,Silly Point,0,0,0,0,,FullToss,Null,NotOut,Played,0,ForwardDefensive,Null,Over,Fast,Right,Null,NotReferred,Null,False,False,False,False,False,False,103,False,False,False,False,False,False,0,0,0,0,0,False,False
185774,22,1.81,1.0,0.0,0.0,39.0,9.0,1.0,4182,,6473,ICC Under-19 World Cup 2020,1,856,Japan U19s,229,India U19 Men,2020-01-21T09:46:50Z,1,False,,,,3003,Ravi Bishnoi,4071,Kento Ota-Dobell,4079,Sora Ichiki,90,48,Left,Wicketkeeper,0,0,0,0,,LengthBall,Null,NotOut,NoShot,0,Leave,Null,Over,LegSpin,Left,Null,NotReferred,Null,False,False,False,False,False,False,85,False,False,False,False,False,False,0,0,0,0,0,False,False
185774,22,1.81,1.0,0.0,0.0,39.0,9.0,1.0,4182,,6473,ICC Under-19 World Cup 2020,1,856,Japan U19s,229,India U19 Men,2020-01-21T09:47:08Z,2,False,,,,3003,Ravi Bishnoi,4071,Kento Ota-Dobell,4079,Sora Ichiki,216,50,Left,Short Extra Cover,0,0,0,0,,LengthBall,Null,NotOut,Played,0,Drive,Null,Over,LegSpin,Left,Null,NotReferred,Null,False,False,False,False,False,False,85,False,False,False,False,False,False,0,0,0,0,0,False,False
185774,22,1.81,1.0,0.0,0.0,39.0,9.0,1.0,4182,,6473,ICC Under-19 World Cup 2020,1,856,Japan U19s,229,India U19 Men,2020-01-21T09:47:26Z,3,False,,,,3003,Ravi Bishnoi,4071,Kento Ota-Dobell,4079,Sora Ichiki,247,51,Left,Silly Mid Off,0,0,0,0,,LengthBall,Null,NotOut,Played,0,Pushed,Null,Over,LegSpin,Left,Null,NotReferred,Null,False,False,False,False,False,False,85,False,False,False,False,False,False,0,0,0,0,0,False,False
185774,22,1.81,1.0,0.0,0.0,39.0,9.0,1.0,4182,,6473,ICC Under-19 World Cup 2020,1,856,Japan U19s,229,India U19 Men,2020-01-21T09:47:51Z,4,False,,,,3003,Ravi Bishnoi,4071,Kento Ota-Dobell,4079,Sora Ichiki,34,65,Left,Leg Gully,1,0,1,1,,LengthBall,Null,NotOut,Played,0,Worked,Null,Over,LegSpin,Left,Null,NotReferred,Null,False,False,False,False,False,False,85,False,False,False,False,False,False,1,0,0,0,0,False,False
185774,22,1.81,1.0,0.0,0.0,39.0,9.0,1.0,4182,,6473,ICC Under-19 World Cup 2020,1,856,Japan U19s,229,India U19 Men,2020-01-21T09:48:25Z,5,False,,,,3003,Ravi Bishnoi,4079,Sora Ichiki,4071,Kento Ota-Dobell,301,36,Right,Silly Mid Off,0,0,0,0,,LengthBall,Null,NotOut,Played,0,ForwardDefensive,Null,Over,LegSpin,Left,Null,NotReferred,Null,False,False,False,False,False,False,85,False,False,False,False,False,False,0,0,0,0,0,False,False
185774,22,1.81,1.0,0.0,0.0,39.0,9.0,1.0,4182,,6473,ICC Under-19 World Cup 2020,1,856,Japan U19s,229,India U19 Men,2020-01-21T09:48:45Z,6,False,,,,3003,Ravi Bishnoi,4079,Sora Ichiki,4071,Kento Ota-Dobell,90,48,Right,Wicketkeeper,0,0,0,0,,LengthBall,Null,NotOut,Missed,0,ForwardDefensive,Null,Over,LegSpin,Left,Null,NotReferred,Null,False,False,False,False,False,False,85,False,False,False,False,False,False,0,0,0,0,0,False,False
185777,23,1.82,2.0,1.0,0.0,41.0,10.0,2.0,4182,,6473,ICC Under-19 World Cup 2020,1,856,Japan U19s,229,India U19 Men,2020-01-21T09:49:40Z,1,False,,,,3968,Akash Singh,4071,Kento Ota-Dobell,4079,Sora Ichiki,90,48,Left,Wicketkeeper,0,0,0,0,,Short,Null,NotOut,NoShot,0,Leave,Null,Round,Fast,Right,Null,NotReferred,Null,False,False,False,False,False,False,103,False,False,False,False,False,False,0,0,0,0,0,False,False
185777,23,1.82,2.0,1.0,0.0,41.0,10.0,2.0,4182,,6473,ICC Under-19 World Cup 2020,1,856,Japan U19s,229,India U19 Men,2020-01-21T09:50:16Z,2,False,,,,3968,Akash Singh,4071,Kento Ota-Dobell,4079,Sora Ichiki,129,122,Left,Third Man,1,0,1,1,,BackOfALength,Null,NotOut,Edged,0,BackwardDefensive,Null,Round,Fast,Right,Null,NotReferred,Null,False,False,False,False,False,False,103,False,False,False,False,False,False,1,0,0,0,0,False,False
185777,23,1.82,2.0,1.0,0.0,41.0,10.0,2.0,4182,,6473,ICC Under-19 World Cup 2020,1,856,Japan U19s,229,India U19 Men,2020-01-21T09:51:02Z,3,False,,,,3968,Akash Singh,4079,Sora Ichiki,4071,Kento Ota-Dobell,233,5,Right,Short Leg,0,0,0,0,,LengthBall,Null,NotOut,Played,0,ForwardDefensive,Null,Over,Fast,Right,Null,NotReferred,Null,False,False,False,False,False,False,103,False,False,False,False,False,False,0,0,0,0,0,False,False
185777,23,1.82,2.0,1.0,0.0,41.0,10.0,2.0,4182,,6473,ICC Under-19 World Cup 2020,1,856,Japan U19s,229,India U19 Men,2020-01-21T09:51:41Z,4,False,,,,3968,Akash Singh,4079,Sora Ichiki,4071,Kento Ota-Dobell,331,60,Right,Short Extra Cover,1,0,1,1,,LengthBall,Null,NotOut,Played,0,Pushed,Null,Over,Fast,Right,Null,NotReferred,Null,False,False,False,False,False,False,103,False,False,False,False,False,False,1,0,0,0,0,False,False
185777,23,1.82,2.0,1.0,0.0,41.0,10.0,2.0,4182,,6473,ICC Under-19 World Cup 2020,1,856,Japan U19s,229,India U19 Men,2020-01-21T09:52:31Z,5,True,Caught,4071.0,Kento Ota-Dobell,3968,Akash Singh,4071,Kento Ota-Dobell,4079,Sora Ichiki,289,91,Left,Mid On,0,0,0,0,Caught,LengthBall,Null,NotOut,MisTimed,0,Drive,Null,Round,Fast,Right,Out1stUmpire,NotReferred,Null,False,False,False,False,False,False,103,False,False,False,False,False,False,0,0,0,0,0,False,False
185793,1,8.0,4.0,0.0,0.0,4.0,0.0,4.0,4185,,6473,ICC Under-19 World Cup 2020,2,229,India U19 Men,856,Japan U19s,2020-01-21T10:23:13Z,1,False,,,,4081,Yugandhar Rethareka,2993,Yashasvi Jaiswal,3957,Kumar Kushagra,270,40,Right,Bowler,0,0,0,0,,HalfVolley,Null,NotOut,Played,0,ForwardDefensive,Null,Round,OffSpin,Left,Null,NotReferred,Null,False,False,False,False,False,False,85,False,True,True,False,False,False,0,0,0,0,0,False,False
185793,1,8.0,4.0,0.0,0.0,4.0,0.0,4.0,4185,,6473,ICC Under-19 World Cup 2020,2,229,India U19 Men,856,Japan U19s,2020-01-21T10:23:33Z,2,False,,,,4081,Yugandhar Rethareka,2993,Yashasvi Jaiswal,3957,Kumar Kushagra,210,191,Right,Deep Mid Wicket,4,0,4,4,,FullToss,Null,NotOut,Played,0,Flick,Null,Round,OffSpin,Left,Null,NotReferred,Null,False,False,False,False,True,False,85,False,False,True,False,False,False,4,0,0,0,0,False,True
185793,1,8.0,4.0,0.0,0.0,4.0,0.0,4.0,4185,,6473,ICC Under-19 World Cup 2020,2,229,India U19 Men,856,Japan U19s,2020-01-21T10:24:07Z,3,False,,,,4081,Yugandhar Rethareka,2993,Yashasvi Jaiswal,3957,Kumar Kushagra,325,32,Right,Silly Point,0,0,0,0,,Yorker,Null,NotOut,MisTimed,0,Drive,Null,Round,OffSpin,Left,Null,NotReferred,Null,False,False,False,False,False,False,85,False,False,True,False,False,False,0,0,0,0,0,False,False
185793,1,8.0,4.0,0.0,0.0,4.0,0.0,4.0,4185,,6473,ICC Under-19 World Cup 2020,2,229,India U19 Men,856,Japan U19s,2020-01-21T10:24:27Z,4,False,,,,4081,Yugandhar Rethareka,2993,Yashasvi Jaiswal,3957,Kumar Kushagra,270,40,Right,Bowler,0,0,0,0,,LengthBall,Null,NotOut,Played,0,ForwardDefensive,Null,Round,OffSpin,Left,Null,NotReferred,Null,False,False,False,False,False,False,85,False,False,True,False,False,False,0,0,0,0,0,False,False
185793,1,8.0,4.0,0.0,0.0,4.0,0.0,4.0,4185,,6473,ICC Under-19 World Cup 2020,2,229,India U19 Men,856,Japan U19s,2020-01-21T10:24:44Z,5,False,,,,4081,Yugandhar Rethareka,2993,Yashasvi Jaiswal,3957,Kumar Kushagra,324,56,Right,Short Extra Cover,0,0,0,0,,LengthBall,Null,NotOut,Played,0,Drive,Null,Round,OffSpin,Left,Null,NotReferred,Null,False,False,False,False,False,False,85,False,False,True,False,False,False,0,0,0,0,0,False,False
185793,1,8.0,4.0,0.0,0.0,4.0,0.0,4.0,4185,,6473,ICC Under-19 World Cup 2020,2,229,India U19 Men,856,Japan U19s,2020-01-21T10:25:02Z,6,False,,,,4081,Yugandhar Rethareka,2993,Yashasvi Jaiswal,3957,Kumar Kushagra,312,40,Right,Short Extra Cover,0,0,0,0,,LengthBall,Null,NotOut,Played,0,Pushed,Null,Round,OffSpin,Left,Null,NotReferred,Null,False,False,False,False,False,False,85,False,False,True,False,False,False,0,0,0,0,0,False,False
185794,2,6.67,6.0,0.0,0.0,10.0,0.0,6.0,4185,,6473,ICC Under-19 World Cup 2020,2,229,India U19 Men,856,Japan U19s,2020-01-21T10:26:15Z,1,False,,,,4071,Kento Ota-Dobell,3957,Kumar Kushagra,2993,Yashasvi Jaiswal,270,40,Left,Bowler,0,0,0,0,,Yorker,Null,NotOut,Played,0,ForwardDefensive,Null,Over,Medium,Left,Null,NotReferred,Null,False,False,False,False,False,False,103,False,True,True,False,False,False,0,0,0,0,0,False,False
185794,2,6.67,6.0,0.0,0.0,10.0,0.0,6.0,4185,,6473,ICC Under-19 World Cup 2020,2,229,India U19 Men,856,Japan U19s,2020-01-21T10:26:42Z,2,False,,,,4071,Kento Ota-Dobell,3957,Kumar Kushagra,2993,Yashasvi Jaiswal,90,48,Left,Wicketkeeper,0,0,0,0,,BackOfALength,Null,NotOut,NoShot,0,Leave,Null,Over,Medium,Left,Null,NotReferred,Null,False,False,False,False,False,False,103,False,False,True,False,False,False,0,0,0,0,0,False,False
185794,2,6.67,6.0,0.0,0.0,10.0,0.0,6.0,4185,,6473,ICC Under-19 World Cup 2020,2,229,India U19 Men,856,Japan U19s,2020-01-21T10:27:12Z,3,False,,,,4071,Kento Ota-Dobell,3957,Kumar Kushagra,2993,Yashasvi Jaiswal,355,176,Left,Deep Square Leg,4,0,4,4,,Short,Null,NotOut,Played,0,Hook,Null,Over,Medium,Left,Null,NotReferred,Null,False,False,False,False,False,False,103,False,False,True,False,False,False,4,0,0,0,0,False,True
185794,2,6.67,6.0,0.0,0.0,10.0,0.0,6.0,4185,,6473,ICC Under-19 World Cup 2020,2,229,India U19 Men,856,Japan U19s,2020-01-21T10:27:50Z,4,False,,,,4071,Kento Ota-Dobell,3957,Kumar Kushagra,2993,Yashasvi Jaiswal,352,18,Left,Short Leg,1,0,1,1,,LengthBall,Null,NotOut,Played,0,Dropped,Null,Over,Medium,Left,Null,NotReferred,Null,False,False,False,False,False,False,103,False,False,True,False,False,False,1,0,0,0,0,False,False
185794,2,6.67,6.0,0.0,0.0,10.0,0.0,6.0,4185,,6473,ICC Under-19 World Cup 2020,2,229,India U19 Men,856,Japan U19s,2020-01-21T10:28:38Z,5,False,,,,4071,Kento Ota-Dobell,2993,Yashasvi Jaiswal,3957,Kumar Kushagra,186,144,Right,Deep Square Leg,1,0,1,1,,BackOfALength,Null,NotOut,Played,0,Pull,Null,Over,Medium,Left,Null,NotReferred,Null,False,False,False,False,False,False,103,False,False,True,False,False,False,1,0,0,0,0,False,False
185794,2,6.67,6.0,0.0,0.0,10.0,0.0,6.0,4185,,6473,ICC Under-19 World Cup 2020,2,229,India U19 Men,856,Japan U19s,2020-01-21T10:29:17Z,6,False,,,,4071,Kento Ota-Dobell,3957,Kumar Kushagra,2993,Yashasvi Jaiswal,185,39,Left,Point,0,0,0,0,,BackOfALength,Null,NotOut,Played,0,Pushed,Null,Over,Medium,Left,Null,NotReferred,Null,False,False,False,False,False,False,103,False,False,True,False,False,False,0,0,0,0,0,False,False
185796,3,9.6,15.0,0.0,0.0,24.0,0.0,15.0,4185,,6473,ICC Under-19 World Cup 2020,2,229,India U19 Men,856,Japan U19s,2020-01-21T10:30:08Z,1,False,,,,4081,Yugandhar Rethareka,2993,Yashasvi Jaiswal,3957,Kumar Kushagra,249,70,Right,Silly Mid On,0,0,0,0,,LengthBall,Null,NotOut,Played,0,Pushed,Null,Round,OffSpin,Left,Null,NotReferred,Null,False,False,False,False,False,False,85,False,False,True,False,False,False,0,0,0,0,0,False,False
185796,3,9.6,15.0,0.0,0.0,24.0,0.0,15.0,4185,,6473,ICC Under-19 World Cup 2020,2,229,India U19 Men,856,Japan U19s,2020-01-21T10:30:26Z,2,False,,,,4081,Yugandhar Rethareka,2993,Yashasvi Jaiswal,3957,Kumar Kushagra,297,87,Right,Mid Off,0,0,0,0,,LengthBall,Null,NotOut,Played,0,Pushed,Null,Round,OffSpin,Left,Null,NotReferred,Null,False,False,False,False,False,False,85,False,False,True,False,False,False,0,0,0,0,0,False,False
185796,3,9.6,15.0,0.0,0.0,24.0,0.0,15.0,4185,,6473,ICC Under-19 World Cup 2020,2,229,India U19 Men,856,Japan U19s,2020-01-21T10:30:40Z,3,False,,,,4081,Yugandhar Rethareka,2993,Yashasvi Jaiswal,3957,Kumar Kushagra,223,196,Right,Long On,4,0,4,4,,BackOfALength,Null,NotOut,Played,0,Pull,Null,Round,OffSpin,Left,Null,NotReferred,Null,False,False,False,False,True,False,85,False,False,True,False,False,False,4,0,0,0,0,False,True
185796,3,9.6,15.0,0.0,0.0,24.0,0.0,15.0,4185,,6473,ICC Under-19 World Cup 2020,2,229,India U19 Men,856,Japan U19s,2020-01-21T10:31:13Z,4,False,,,,4081,Yugandhar Rethareka,2993,Yashasvi Jaiswal,3957,Kumar Kushagra,290,207,Right,Long Off,6,0,6,6,,LengthBall,Null,NotOut,HitHard,0,Drive,Null,Round,OffSpin,Left,Null,NotReferred,Null,False,False,False,False,True,False,85,False,False,True,False,False,False,6,0,0,0,0,False,True
185796,3,9.6,15.0,0.0,0.0,24.0,0.0,15.0,4185,,6473,ICC Under-19 World Cup 2020,2,229,India U19 Men,856,Japan U19s,2020-01-21T10:31:54Z,5,False,,,,4081,Yugandhar Rethareka,2993,Yashasvi Jaiswal,3957,Kumar Kushagra,244,189,Right,Long On,4,0,4,4,,LengthBall,Null,NotOut,Played,0,SlogSweep,Null,Round,OffSpin,Left,Null,NotReferred,Null,False,False,False,False,True,False,85,False,False,True,False,False,False,4,0,0,0,0,False,True
185796,3,9.6,15.0,0.0,0.0,24.0,0.0,15.0,4185,,6473,ICC Under-19 World Cup 2020,2,229,India U19 Men,856,Japan U19s,2020-01-21T10:32:36Z,6,False,,,,4081,Yugandhar Rethareka,2993,Yashasvi Jaiswal,3957,Kumar Kushagra,251,134,Right,Long On,1,0,1,1,,LengthBall,Null,NotOut,Played,0,Worked,Null,Round,OffSpin,Left,Null,NotReferred,Null,False,False,False,False,False,False,85,False,False,True,False,False,False,1,0,0,0,0,False,False
185798,4,10.0,10.0,0.0,0.0,35.0,0.0,10.0,4185,,6473,ICC Under-19 World Cup 2020,2,229,India U19 Men,856,Japan U19s,2020-01-21T10:33:33Z,1,False,,,,4071,Kento Ota-Dobell,2993,Yashasvi Jaiswal,3957,Kumar Kushagra,273,197,Right,Long Off,4,0,4,4,,LengthBall,Null,NotOut,Played,0,Pushed,Null,Over,Medium,Left,Null,NotReferred,Null,False,False,False,False,False,False,103,False,False,True,False,False,False,4,0,0,0,0,False,True
185798,4,10.0,10.0,0.0,0.0,35.0,0.0,10.0,4185,,6473,ICC Under-19 World Cup 2020,2,229,India U19 Men,856,Japan U19s,2020-01-21T10:34:19Z,2,False,,,,4071,Kento Ota-Dobell,2993,Yashasvi Jaiswal,3957,Kumar Kushagra,16,173,Right,Deep Backward Point,4,0,4,4,,LengthBall,Null,NotOut,Played,0,LateCut,Null,Over,Medium,Left,Null,NotReferred,Null,False,False,False,False,False,False,103,False,False,True,False,False,False,4,0,0,0,0,False,True
185798,4,10.0,10.0,0.0,0.0,35.0,0.0,10.0,4185,,6473,ICC Under-19 World Cup 2020,2,229,India U19 Men,856,Japan U19s,2020-01-21T10:34:58Z,3,False,,,,4071,Kento Ota-Dobell,2993,Yashasvi Jaiswal,3957,Kumar Kushagra,231,42,Right,Silly Mid On,0,0,0,0,,LengthBall,Null,NotOut,Played,0,Pushed,Null,Over,Medium,Left,Null,NotReferred,Null,False,False,False,False,False,False,103,False,False,True,False,False,False,0,0,0,0,0,False,False
185798,4,10.0,10.0,0.0,0.0,35.0,0.0,10.0,4185,,6473,ICC Under-19 World Cup 2020,2,229,India U19 Men,856,Japan U19s,2020-01-21T10:35:30Z,4,False,,,,4071,Kento Ota-Dobell,2993,Yashasvi Jaiswal,3957,Kumar Kushagra,185,110,Right,Square Leg,1,0,1,1,,LengthBall,Null,NotOut,Played,0,Worked,Null,Over,Medium,Left,Null,NotReferred,Null,False,False,False,False,False,False,103,False,False,True,False,False,False,1,0,0,0,0,False,False
185798,4,10.0,10.0,0.0,0.0,35.0,0.0,10.0,4185,,6473,ICC Under-19 World Cup 2020,2,229,India U19 Men,856,Japan U19s,2020-01-21T10:36:05Z,5,False,,,,4071,Kento Ota-Dobell,3957,Kumar Kushagra,2993,Yashasvi Jaiswal,203,117,Left,Cover,1,0,1,1,,LengthBall,Null,NotOut,Played,0,Pushed,Null,Over,Medium,Left,Null,NotReferred,Null,False,False,False,False,False,False,103,False,False,True,False,False,False,1,0,0,0,0,False,False
185798,4,10.0,10.0,0.0,0.0,35.0,0.0,10.0,4185,,6473,ICC Under-19 World Cup 2020,2,229,India U19 Men,856,Japan U19s,2020-01-21T10:36:41Z,6,False,,,,4071,Kento Ota-Dobell,2993,Yashasvi Jaiswal,3957,Kumar Kushagra,46,69,Right,Short Third Man,0,0,0,0,,LengthBall,Null,NotOut,Played,0,Steer,Null,Over,Medium,Left,Null,NotReferred,Null,False,False,False,False,False,False,103,False,False,True,False,False,False,0,0,0,0,0,False,False
185800,5,9.33,7.0,0.0,0.0,42.0,0.0,7.0,4185,,6473,ICC Under-19 World Cup 2020,2,229,India U19 Men,856,Japan U19s,2020-01-21T10:38:03Z,1,False,,,,4067,Ashley Thurgate,3957,Kumar Kushagra,2993,Yashasvi Jaiswal,18,172,Left,Deep Backward Square Leg,4,0,4,4,,BackOfALength,Null,NotOut,HitHard,0,Pull,Null,Over,OffSpin,Left,Null,NotReferred,Null,False,False,False,False,False,False,85,False,False,True,False,False,False,4,0,0,0,0,False,True
185800,5,9.33,7.0,0.0,0.0,42.0,0.0,7.0,4185,,6473,ICC Under-19 World Cup 2020,2,229,India U19 Men,856,Japan U19s,2020-01-21T10:38:31Z,2,False,,,,4067,Ashley Thurgate,3957,Kumar Kushagra,2993,Yashasvi Jaiswal,311,46,Left,Short Mid Wicket,0,0,0,0,,LengthBall,Null,NotOut,Played,0,Worked,Null,Over,OffSpin,Left,Null,NotReferred,Null,False,False,False,False,False,False,85,False,False,True,False,False,False,0,0,0,0,0,False,False
185800,5,9.33,7.0,0.0,0.0,42.0,0.0,7.0,4185,,6473,ICC Under-19 World Cup 2020,2,229,India U19 Men,856,Japan U19s,2020-01-21T10:38:49Z,3,False,,,,4067,Ashley Thurgate,3957,Kumar Kushagra,2993,Yashasvi Jaiswal,287,22,Left,Short Leg,0,0,0,0,,LengthBall,Null,NotOut,Played,0,ForwardDefensive,Null,Over,OffSpin,Left,Null,NotReferred,Null,False,False,False,False,False,False,85,False,False,True,False,False,False,0,0,0,0,0,False,False
185800,5,9.33,7.0,0.0,0.0,42.0,0.0,7.0,4185,,6473,ICC Under-19 World Cup 2020,2,229,India U19 Men,856,Japan U19s,2020-01-21T10:39:07Z,4,False,,,,4067,Ashley Thurgate,3957,Kumar Kushagra,2993,Yashasvi Jaiswal,320,134,Left,Mid On,2,0,2,2,,HalfVolley,Null,NotOut,Played,0,Worked,Null,Over,OffSpin,Left,Null,NotReferred,Null,False,False,False,False,False,False,85,False,False,True,False,False,False,2,0,0,0,0,False,False
185800,5,9.33,7.0,0.0,0.0,42.0,0.0,7.0,4185,,6473,ICC Under-19 World Cup 2020,2,229,India U19 Men,856,Japan U19s,2020-01-21T10:39:32Z,5,False,,,,4067,Ashley Thurgate,3957,Kumar Kushagra,2993,Yashasvi Jaiswal,199,132,Left,Deep Cover,1,0,1,1,,LengthBall,Null,NotOut,Played,0,Pushed,Null,Over,OffSpin,Left,Null,NotReferred,Null,False,False,False,False,False,False,85,False,False,True,False,False,False,1,0,0,0,0,False,False
