over_id,over_overNumber,over_runrate,over_runsConceded,over_wickets,over_runsExtras,over_totalInningRuns,over_totalInningWickets,over_totalRuns,id,matchName,fixtureId,fixtureName,inningNumber,battingTeamId,battingTeamName,bowlingTeamId,bowlingTeamName,ballDateTime,ballNumber,isWicket,dismissalTypeId,dismissalPlayerId,dismissalPlayerName,bowlerPlayerId,bowlerPlayerName,battingPlayerId,battingPlayerName,nonStrikeBattingPlayerId,nonStrikeBattingPlayerName,shotAngle,shotMagnitude,fieldingPosition,runsConceded,extras,runs,runsScored,dismissalType,lengthTypeId,lineTypeId,appealDismissalTypeId,battingConnectionId,battingFeetId,battingShotTypeId,bowlingDetailId,bowlingFromId,bowlingTypeId,bowlingHandId,outcomeId,referralOutcomeId,noBallReasonId,isWide,isNoBall,isByes,isLegByes,isAirControlled,isAppeal,decisionOfficialId,isFreeHit,isNewBall,isPowerPlay,isBattingPowerPlay,isFloodLit,isReferred,teamRuns,runsByes,runsWide,runsLegByes,noBallsCount,isBoundry,isAirNotControlled,catchDifficulty
1095526,1,11.0,11.0,0.0,0.0,11.0,0.0,11.0,39681,,23367,T20I Tri-Series in Zimbabwe - Men,1,22,Zimbabwe Men,25,New Zealand Men,2025-07-18T16:29:45Z,1,False,,,,463,Matt Henry,3098,Wessley Madhevere,8600,Brian Bennett,75,189,Fine Leg,4,0,4,4,,LengthBall,MiddleStump,NotOut,WellTimed,BackFoot,Glance,InSwinger,Over,Fast,Right,Null,NotReferred,Null,False,False,False,False,False,False,895,False,True,True,False,False,False,4,0,0,0,0,False,True,0.0
1095526,1,11.0,11.0,0.0,0.0,11.0,0.0,11.0,39681,,23367,T20I Tri-Series in Zimbabwe - Men,1,22,Zimbabwe Men,25,New Zealand Men,2025-07-18T16:30:12Z,2,False,,,,463,Matt Henry,3098,Wessley Madhevere,8600,Brian Bennett,251,99,Mid Off,0,0,0,0,,LengthBall,OutsideOff,NotOut,None,FrontFoot,Drive,AwaySwinger,Over,Fast,Right,Null,NotReferred,Null,False,False,False,False,False,False,895,False,False,True,False,False,False,0,0,0,0,0,False,False,0.0
1095526,1,11.0,11.0,0.0,0.0,11.0,0.0,11.0,39681,,23367,T20I Tri-Series in Zimbabwe - Men,1,22,Zimbabwe Men,25,New Zealand Men,2025-07-18T16:30:32Z,3,False,,,,463,Matt Henry,3098,Wessley Madhevere,8600,Brian Bennett,66,141,Fine Leg,2,0,2,2,,BackOfALength,OutsideOff,NotOut,None,BackFoot,Glance,SeamIn,Over,Fast,Right,Null,NotReferred,Null,False,False,False,False,True,False,895,False,False,True,False,False,False,2,0,0,0,0,False,False,0.0
1095526,1,11.0,11.0,0.0,0.0,11.0,0.0,11.0,39681,,23367,T20I Tri-Series in Zimbabwe - Men,1,22,Zimbabwe Men,25,New Zealand Men,2025-07-18T16:31:07Z,4,False,,,,463,Matt Henry,3098,Wessley Madhevere,8600,Brian Bennett,18,196,Deep Backward Square Leg,4,0,4,4,,LengthBall,LegStump,NotOut,WellTimed,DownTheTrack,Flick,NoMovement,Over,Fast,Right,Null,NotReferred,Null,False,False,False,False,True,False,895,False,False,True,False,False,False,4,0,0,0,0,False,True,0.0
1095526,1,11.0,11.0,0.0,0.0,11.0,0.0,11.0,39681,,23367,T20I Tri-Series in Zimbabwe - Men,1,22,Zimbabwe Men,25,New Zealand Men,2025-07-18T16:31:52Z,5,False,,,,463,Matt Henry,3098,Wessley Madhevere,8600,Brian Bennett,18,141,Deep Backward Square Leg,1,0,1,1,,BackOfALength,OutsideOff,NotOut,None,BackFoot,Pull,NoMovement,Over,Fast,Right,Null,NotReferred,Null,False,False,False,False,True,False,895,False,False,True,False,False,False,1,0,0,0,0,False,False,0.0
1095526,1,11.0,11.0,0.0,0.0,11.0,0.0,11.0,39681,,23367,T20I Tri-Series in Zimbabwe - Men,1,22,Zimbabwe Men,25,New Zealand Men,2025-07-18T16:32:40Z,6,False,,,,463,Matt Henry,8600,Brian Bennett,3098,Wessley Madhevere,225,50,Short Extra Cover,0,0,0,0,,BackOfALength,OutsideOff,NotOut,None,BackFoot,Pushed,AwaySwinger,Over,Fast,Right,Null,NotReferred,Null,False,False,False,False,False,False,895,False,False,True,False,False,False,0,0,0,0,0,False,False,0.0
1095527,2,7.5,4.0,0.0,0.0,15.0,0.0,4.0,39681,,23367,T20I Tri-Series in Zimbabwe - Men,1,22,Zimbabwe Men,25,New Zealand Men,2025-07-18T16:33:54Z,1,False,,,,3705,Jacob Duffy,3098,Wessley Madhevere,8600,Brian Bennett,124,135,Third Man,1,0,1,1,,LengthBall,OutsideOff,NotOut,LeadingEdge,FrontFoot,Worked,InSwinger,Over,Fast,Right,Null,NotReferred,Null,False,False,False,False,False,False,215,False,False,True,False,False,False,1,0,0,0,0,False,False,0.0
1095527,2,7.5,4.0,0.0,0.0,15.0,0.0,4.0,39681,,23367,T20I Tri-Series in Zimbabwe - Men,1,22,Zimbabwe Men,25,New Zealand Men,2025-07-18T16:34:35Z,2,False,,,,3705,Jacob Duffy,8600,Brian Bennett,3098,Wessley Madhevere,218,86,Extra Cover,1,0,1,1,,LengthBall,OutsideOff,NotOut,None,FrontFoot,Drive,AwaySwinger,Over,Fast,Right,Null,NotReferred,Null,False,False,False,False,False,False,215,False,False,True,False,False,False,1,0,0,0,0,False,False,0.0
1095527,2,7.5,4.0,0.0,0.0,15.0,0.0,4.0,39681,,23367,T20I Tri-Series in Zimbabwe - Men,1,22,Zimbabwe Men,25,New Zealand Men,2025-07-18T16:35:05Z,3,False,,,,3705,Jacob Duffy,3098,Wessley Madhevere,8600,Brian Bennett,90,48,Wicketkeeper,0,0,0,0,,BackOfALength,OutsideOff,NotOut,Missed,DownTheTrack,Slog,AwaySwinger,Over,Fast,Right,Null,NotReferred,Null,False,False,False,False,False,False,215,False,False,True,False,False,False,0,0,0,0,0,False,False,0.0
1095527,2,7.5,4.0,0.0,0.0,15.0,0.0,4.0,39681,,23367,T20I Tri-Series in Zimbabwe - Men,1,22,Zimbabwe Men,25,New Zealand Men,2025-07-18T16:35:35Z,4,False,,,,3705,Jacob Duffy,3098,Wessley Madhevere,8600,Brian Bennett,316,106,Mid On,1,0,1,1,,BackOfALength,OutsideOff,NotOut,None,BacksAway,Pull,AwaySwinger,Over,Fast,Right,Null,NotReferred,Null,False,False,False,False,True,False,215,False,False,True,False,False,False,1,0,0,0,0,False,False,0.0
1095527,2,7.5,4.0,0.0,0.0,15.0,0.0,4.0,39681,,23367,T20I Tri-Series in Zimbabwe - Men,1,22,Zimbabwe Men,25,New Zealand Men,2025-07-18T16:36:14Z,5,False,,,,3705,Jacob Duffy,8600,Brian Bennett,3098,Wessley Madhevere,14,142,Deep Backward Square Leg,1,0,1,1,,BackOfALength,OutsideOff,NotOut,TopEdge,BackFoot,Pull,AwaySwinger,Over,Fast,Right,Null,NotReferred,Null,False,False,False,False,False,False,215,False,False,True,False,False,False,1,0,0,0,0,False,False,0.0
1095527,2,7.5,4.0,0.0,0.0,15.0,0.0,4.0,39681,,23367,T20I Tri-Series in Zimbabwe - Men,1,22,Zimbabwe Men,25,New Zealand Men,2025-07-18T16:36:46Z,6,False,,,,3705,Jacob Duffy,3098,Wessley Madhevere,8600,Brian Bennett,90,48,Wicketkeeper,0,0,0,0,,LengthBall,OutsideOff,Caught,Missed,MovesInfront,Scoop,AwaySwinger,Over,Fast,Right,NotOut2ndUmpire,NotReferred,Null,False,False,False,False,False,True,215,False,False,True,False,False,False,0,0,0,0,0,False,False,0.0
1095528,3,8.0,9.0,0.0,0.0,24.0,0.0,9.0,39681,,23367,T20I Tri-Series in Zimbabwe - Men,1,22,Zimbabwe Men,25,New Zealand Men,2025-07-18T16:37:54Z,1,False,,,,323,Adam Milne,8600,Brian Bennett,3098,Wessley Madhevere,90,48,Wicketkeeper,0,0,0,0,,LengthBall,Wide,NotOut,Missed,FrontFoot,Drive,AwaySwinger,Over,Fast,Right,Null,NotReferred,Null,False,False,False,False,False,False,895,False,False,True,False,False,False,0,0,0,0,0,False,False,0.0
1095528,3,8.0,9.0,0.0,0.0,24.0,0.0,9.0,39681,,23367,T20I Tri-Series in Zimbabwe - Men,1,22,Zimbabwe Men,25,New Zealand Men,2025-07-18T16:38:29Z,2,False,,,,323,Adam Milne,8600,Brian Bennett,3098,Wessley Madhevere,90,48,Wicketkeeper,0,0,0,0,,LengthBall,Wide,Caught,Missed,FrontFoot,Drive,AwaySwinger,Over,Fast,Right,NotOut1stUmpire,NotReferred,Null,False,False,False,False,False,True,895,False,False,True,False,False,False,0,0,0,0,0,False,False,0.0
1095528,3,8.0,9.0,0.0,0.0,24.0,0.0,9.0,39681,,23367,T20I Tri-Series in Zimbabwe - Men,1,22,Zimbabwe Men,25,New Zealand Men,2025-07-18T16:39:10Z,3,False,,,,323,Adam Milne,8600,Brian Bennett,3098,Wessley Madhevere,339,155,Deep Mid Wicket,2,0,2,2,,BackOfALength,OutsideOff,NotOut,None,BackFoot,Pull,AwaySwinger,Over,Fast,Right,Null,NotReferred,Null,False,False,False,False,True,False,895,False,False,True,False,False,False,2,0,0,0,0,False,False,0.0
1095528,3,8.0,9.0,0.0,0.0,24.0,0.0,9.0,39681,,23367,T20I Tri-Series in Zimbabwe - Men,1,22,Zimbabwe Men,25,New Zealand Men,2025-07-18T16:39:52Z,4,False,,,,323,Adam Milne,8600,Brian Bennett,3098,Wessley Madhevere,90,48,Wicketkeeper,0,0,0,0,,LengthBall,OutsideOff,NotOut,Missed,FrontFoot,Drive,AwaySwinger,Over,Fast,Right,Null,NotReferred,Null,False,False,False,False,False,False,895,False,False,True,False,False,False,0,0,0,0,0,False,False,0.0
1095528,3,8.0,9.0,0.0,0.0,24.0,0.0,9.0,39681,,23367,T20I Tri-Series in Zimbabwe - Men,1,22,Zimbabwe Men,25,New Zealand Men,2025-07-18T16:40:33Z,5,False,,,,323,Adam Milne,8600,Brian Bennett,3098,Wessley Madhevere,344,191,Deep Mid Wicket,6,0,6,6,,LengthBall,OutsideOff,NotOut,WellTimed,FrontFoot,Slog,InSwinger,Over,Fast,Right,Null,NotReferred,Null,False,False,False,False,True,False,895,False,False,True,False,False,False,6,0,0,0,0,False,True,0.0
1095528,3,8.0,9.0,0.0,0.0,24.0,0.0,9.0,39681,,23367,T20I Tri-Series in Zimbabwe - Men,1,22,Zimbabwe Men,25,New Zealand Men,2025-07-18T16:41:12Z,6,False,,,,323,Adam Milne,8600,Brian Bennett,3098,Wessley Madhevere,334,111,Mid Wicket,1,0,1,1,,LengthBall,OutsideOff,NotOut,MisTimed,FrontFoot,Drive,AwaySwinger,Over,Fast,Right,Null,NotReferred,Null,False,False,False,False,False,False,895,False,False,True,False,False,False,1,0,0,0,0,False,False,0.0
1095529,4,7.5,6.0,0.0,1.0,30.0,0.0,6.0,39681,,23367,T20I Tri-Series in Zimbabwe - Men,1,22,Zimbabwe Men,25,New Zealand Men,2025-07-18T16:42:05Z,1,False,,,,3705,Jacob Duffy,8600,Brian Bennett,3098,Wessley Madhevere,90,48,Wicketkeeper,0,0,0,0,,LengthBall,OutsideOff,NotOut,Missed,BackFoot,Drive,AwaySwinger,Over,Fast,Right,Null,NotReferred,Null,False,False,False,False,False,False,215,False,False,True,False,False,False,0,0,0,0,0,False,False,0.0
1095529,4,7.5,6.0,0.0,1.0,30.0,0.0,6.0,39681,,23367,T20I Tri-Series in Zimbabwe - Men,1,22,Zimbabwe Men,25,New Zealand Men,2025-07-18T16:42:38Z,2,False,,,,3705,Jacob Duffy,8600,Brian Bennett,3098,Wessley Madhevere,90,48,Wicketkeeper,0,0,0,0,,LengthBall,OutsideOff,NotOut,Missed,BackFoot,Pushed,AwaySwinger,Over,Fast,Right,Null,NotReferred,Null,False,False,False,False,False,False,215,False,False,True,False,False,False,0,0,0,0,0,False,False,0.0
1095529,4,7.5,6.0,0.0,1.0,30.0,0.0,6.0,39681,,23367,T20I Tri-Series in Zimbabwe - Men,1,22,Zimbabwe Men,25,New Zealand Men,2025-07-18T16:43:11Z,3,False,,,,3705,Jacob Duffy,8600,Brian Bennett,3098,Wessley Madhevere,90,48,Wicketkeeper,1,1,1,0,,HalfTracker,OutsideOff,NotOut,Left,BackFoot,Leave,NoMovement,Over,Fast,Right,Null,NotReferred,Null,True,False,False,False,False,False,215,False,False,True,False,False,False,1,0,1,0,0,False,False,0.0
1095529,4,7.5,6.0,0.0,1.0,30.0,0.0,6.0,39681,,23367,T20I Tri-Series in Zimbabwe - Men,1,22,Zimbabwe Men,25,New Zealand Men,2025-07-18T16:43:46Z,3,False,,,,3705,Jacob Duffy,8600,Brian Bennett,3098,Wessley Madhevere,90,48,Wicketkeeper,0,0,0,0,,LengthBall,OutsideOff,NotOut,Missed,BackFoot,Drive,AwaySwinger,Over,Fast,Right,Null,NotReferred,Null,False,False,False,False,False,False,215,False,False,True,False,False,False,0,0,0,0,0,False,False,0.0
1095529,4,7.5,6.0,0.0,1.0,30.0,0.0,6.0,39681,,23367,T20I Tri-Series in Zimbabwe - Men,1,22,Zimbabwe Men,25,New Zealand Men,2025-07-18T16:44:19Z,4,False,,,,3705,Jacob Duffy,8600,Brian Bennett,3098,Wessley Madhevere,143,137,Third Man,2,0,2,2,,LengthBall,OutsideOff,NotOut,ThickEdge,DownTheTrack,Slog,AwaySwinger,Over,Fast,Right,Null,NotReferred,Null,False,False,False,False,False,False,215,False,False,True,False,False,False,2,0,0,0,0,False,False,0.0
1095529,4,7.5,6.0,0.0,1.0,30.0,0.0,6.0,39681,,23367,T20I Tri-Series in Zimbabwe - Men,1,22,Zimbabwe Men,25,New Zealand Men,2025-07-18T16:45:01Z,5,False,,,,3705,Jacob Duffy,8600,Brian Bennett,3098,Wessley Madhevere,276,155,Long On,3,0,3,3,,BackOfALength,OutsideOff,NotOut,MisTimed,DownTheTrack,Slog,AwaySwinger,Over,Fast,Right,Null,NotReferred,Null,False,False,False,False,False,False,215,False,False,True,False,False,False,3,0,0,0,0,False,False,0.0
1095529,4,7.5,6.0,0.0,1.0,30.0,0.0,6.0,39681,,23367,T20I Tri-Series in Zimbabwe - Men,1,22,Zimbabwe Men,25,New Zealand Men,2025-07-18T16:45:58Z,6,False,,,,3705,Jacob Duffy,3098,Wessley Madhevere,8600,Brian Bennett,270,40,Bowler,0,0,0,0,,HalfVolley,OutsideOff,NotOut,MisTimed,FrontFoot,Drive,AwaySwinger,Over,Fast,Right,Null,NotReferred,Null,False,False,False,False,False,False,215,False,False,True,False,False,False,0,0,0,0,0,False,False,0.0
1095530,5,7.2,6.0,0.0,0.0,36.0,0.0,6.0,39681,,23367,T20I Tri-Series in Zimbabwe - Men,1,22,Zimbabwe Men,25,New Zealand Men,2025-07-18T16:46:54Z,1,False,,,,323,Adam Milne,8600,Brian Bennett,3098,Wessley Madhevere,249,95,Mid Off,1,0,1,1,,FullToss,OffStump,NotOut,MisTimed,FrontFoot,Drive,InSwinger,Over,Fast,Right,Null,NotReferred,Null,False,False,False,False,False,False,895,False,False,True,False,False,False,1,0,0,0,0,False,False,0.0
1095530,5,7.2,6.0,0.0,0.0,36.0,0.0,6.0,39681,,23367,T20I Tri-Series in Zimbabwe - Men,1,22,Zimbabwe Men,25,New Zealand Men,2025-07-18T16:47:42Z,2,False,,,,323,Adam Milne,3098,Wessley Madhevere,8600,Brian Bennett,178,82,Point,1,0,1,1,,LengthBall,OutsideOff,NotOut,MisTimed,FrontFoot,Drive,AwaySwinger,Over,Fast,Right,Null,NotReferred,Null,False,False,False,False,False,False,895,False,False,True,False,False,False,1,0,0,0,0,False,False,0.0
1095530,5,7.2,6.0,0.0,0.0,36.0,0.0,6.0,39681,,23367,T20I Tri-Series in Zimbabwe - Men,1,22,Zimbabwe Men,25,New Zealand Men,2025-07-18T16:48:15Z,3,False,,,,323,Adam Milne,8600,Brian Bennett,3098,Wessley Madhevere,70,195,Fine Leg,4,0,4,4,,LengthBall,Wide,NotOut,WellTimed,MovesInfront,Scoop,AwaySwinger,Over,Fast,Right,Null,NotReferred,Null,False,False,False,False,True,False,895,False,False,True,False,False,False,4,0,0,0,0,False,True,0.0
1095530,5,7.2,6.0,0.0,0.0,36.0,0.0,6.0,39681,,23367,T20I Tri-Series in Zimbabwe - Men,1,22,Zimbabwe Men,25,New Zealand Men,2025-07-18T16:49:04Z,4,False,,,,323,Adam Milne,8600,Brian Bennett,3098,Wessley Madhevere,90,48,Wicketkeeper,0,0,0,0,,LengthBall,Wide,NotOut,Missed,FrontFoot,Slog,AwaySwinger,Over,Fast,Right,Null,NotReferred,Null,False,False,False,False,False,False,895,False,False,True,False,False,False,0,0,0,0,0,False,False,0.0
1095530,5,7.2,6.0,0.0,0.0,36.0,0.0,6.0,39681,,23367,T20I Tri-Series in Zimbabwe - Men,1,22,Zimbabwe Men,25,New Zealand Men,2025-07-18T16:49:48Z,5,False,,,,323,Adam Milne,8600,Brian Bennett,3098,Wessley Madhevere,270,40,Bowler,0,0,0,0,,BackOfALength,OutsideOff,NotOut,BottomEdge,BackFoot,Pull,SeamIn,Over,Fast,Right,Null,NotReferred,Null,False,False,False,False,False,False,895,False,False,True,False,False,False,0,0,0,0,0,False,False,0.0
1095530,5,7.2,6.0,0.0,0.0,36.0,0.0,6.0,39681,,23367,T20I Tri-Series in Zimbabwe - Men,1,22,Zimbabwe Men,25,New Zealand Men,2025-07-18T16:50:26Z,6,False,,,,323,Adam Milne,8600,Brian Bennett,3098,Wessley Madhevere,203,81,Cover,0,0,0,0,,LengthBall,OutsideOff,NotOut,None,FrontFoot,Drive,SeamIn,Over,Fast,Right,Null,NotReferred,Null,False,False,False,False,False,False,895,False,False,True,False,False,False,0,0,0,0,0,False,False,0.0
1095531,6,6.5,3.0,1.0,0.0,39.0,1.0,3.0,39681,,23367,T20I Tri-Series in Zimbabwe - Men,1,22,Zimbabwe Men,25,New Zealand Men,2025-07-18T16:51:32Z,1,False,,,,463,Matt Henry,3098,Wessley Madhevere,8600,Brian Bennett,339,149,Deep Mid Wicket,1,0,1,1,,BackOfALength,OutsideOff,NotOut,None,BacksAway,Pull,NoMovement,Over,Fast,Right,Null,NotReferred,Null,False,False,False,False,True,False,215,False,False,True,False,False,False,1,0,0,0,0,False,False,0.0
1095531,6,6.5,3.0,1.0,0.0,39.0,1.0,3.0,39681,,23367,T20I Tri-Series in Zimbabwe - Men,1,22,Zimbabwe Men,25,New Zealand Men,2025-07-18T16:52:19Z,2,True,Caught,8600.0,Brian Bennett,463,Matt Henry,8600,Brian Bennett,3098,Wessley Madhevere,17,142,Deep Backward Square Leg,0,0,0,0,Caught,BackOfALength,OutsideOff,NotOut,TopEdge,BackFoot,Pull,NoMovement,Over,Fast,Right,Out2ndUmpire,NotReferred,Null,False,False,False,False,False,False,215,False,False,True,False,False,False,0,0,0,0,0,False,False,2.0
1095531,6,6.5,3.0,1.0,0.0,39.0,1.0,3.0,39681,,23367,T20I Tri-Series in Zimbabwe - Men,1,22,Zimbabwe Men,25,New Zealand Men,2025-07-18T16:54:13Z,3,False,,,,463,Matt Henry,8646,Clive Madande,3098,Wessley Madhevere,162,136,Deep Backward Point,1,0,1,1,,BackOfALength,OutsideOff,NotOut,None,BackFoot,Steer,NoMovement,Over,Fast,Right,Null,NotReferred,Null,False,False,False,False,False,False,215,False,False,True,False,False,False,1,0,0,0,0,False,False,0.0
1095531,6,6.5,3.0,1.0,0.0,39.0,1.0,3.0,39681,,23367,T20I Tri-Series in Zimbabwe - Men,1,22,Zimbabwe Men,25,New Zealand Men,2025-07-18T16:54:46Z,4,False,,,,463,Matt Henry,3098,Wessley Madhevere,8646,Clive Madande,14,138,Deep Backward Square Leg,1,0,1,1,,BackOfALength,OutsideOff,NotOut,None,BacksAway,Pull,NoMovement,Over,Fast,Right,Null,NotReferred,Null,False,False,False,False,True,False,215,False,False,True,False,False,False,1,0,0,0,0,False,False,0.0
1095531,6,6.5,3.0,1.0,0.0,39.0,1.0,3.0,39681,,23367,T20I Tri-Series in Zimbabwe - Men,1,22,Zimbabwe Men,25,New Zealand Men,2025-07-18T16:55:25Z,5,False,,,,463,Matt Henry,8646,Clive Madande,3098,Wessley Madhevere,90,48,Wicketkeeper,0,0,0,0,,LengthBall,OutsideOff,NotOut,Missed,BackFoot,Steer,NoMovement,Over,Fast,Right,Null,NotReferred,Null,False,False,False,False,False,False,215,False,False,True,False,False,False,0,0,0,0,0,False,False,0.0
1095531,6,6.5,3.0,1.0,0.0,39.0,1.0,3.0,39681,,23367,T20I Tri-Series in Zimbabwe - Men,1,22,Zimbabwe Men,25,New Zealand Men,2025-07-18T16:55:52Z,6,False,,,,463,Matt Henry,8646,Clive Madande,3098,Wessley Madhevere,327,62,Short Mid Wicket,0,0,0,0,,Short,OutsideOff,NotOut,MisTimed,BackFoot,Pull,NoMovement,Over,Fast,Right,Null,NotReferred,Null,False,False,False,False,False,False,215,False,False,True,False,False,False,0,0,0,0,0,False,False,0.0
1095532,7,6.0,3.0,0.0,0.0,42.0,1.0,3.0,39681,,23367,T20I Tri-Series in Zimbabwe - Men,1,22,Zimbabwe Men,25,New Zealand Men,2025-07-18T16:56:54Z,1,False,,,,1027,Mitchell Santner,3098,Wessley Madhevere,8646,Clive Madande,226,18,Silly Point,0,0,0,0,,HalfVolley,DownLeg,NotOut,InsideEdge,BacksAway,Drive,StockBall,Round,Orthodox,Left,Null,NotReferred,Null,False,False,False,False,False,False,895,False,False,False,False,False,False,0,0,0,0,0,False,False,0.0
1095532,7,6.0,3.0,0.0,0.0,42.0,1.0,3.0,39681,,23367,T20I Tri-Series in Zimbabwe - Men,1,22,Zimbabwe Men,25,New Zealand Men,2025-07-18T16:57:16Z,2,False,,,,1027,Mitchell Santner,3098,Wessley Madhevere,8646,Clive Madande,21,145,Deep Backward Square Leg,1,0,1,1,,LengthBall,OutsideOff,NotOut,None,FrontFoot,Sweep,StockBall,Round,Orthodox,Left,Null,NotReferred,Null,False,False,False,False,True,False,895,False,False,False,False,False,False,1,0,0,0,0,False,False,0.0
1095532,7,6.0,3.0,0.0,0.0,42.0,1.0,3.0,39681,,23367,T20I Tri-Series in Zimbabwe - Men,1,22,Zimbabwe Men,25,New Zealand Men,2025-07-18T16:57:42Z,3,False,,,,1027,Mitchell Santner,8646,Clive Madande,3098,Wessley Madhevere,166,44,Gully,0,0,0,0,,HalfVolley,OutsideOff,NotOut,InsideEdge,FrontFoot,Slog,StockBall,Round,Orthodox,Left,Null,NotReferred,Null,False,False,False,False,False,False,895,False,False,False,False,False,False,0,0,0,0,0,False,False,0.0
1095532,7,6.0,3.0,0.0,0.0,42.0,1.0,3.0,39681,,23367,T20I Tri-Series in Zimbabwe - Men,1,22,Zimbabwe Men,25,New Zealand Men,2025-07-18T16:58:10Z,4,False,,,,1027,Mitchell Santner,8646,Clive Madande,3098,Wessley Madhevere,224,52,Short Extra Cover,0,0,0,0,,LengthBall,OutsideOff,NotOut,None,BackFoot,Drive,StockBall,Round,Orthodox,Left,Null,NotReferred,Null,False,False,False,False,False,False,895,False,False,False,False,False,False,0,0,0,0,0,False,False,0.0
1095532,7,6.0,3.0,0.0,0.0,42.0,1.0,3.0,39681,,23367,T20I Tri-Series in Zimbabwe - Men,1,22,Zimbabwe Men,25,New Zealand Men,2025-07-18T16:58:26Z,5,False,,,,1027,Mitchell Santner,8646,Clive Madande,3098,Wessley Madhevere,223,143,Deep Extra Cover,2,0,2,2,,LengthBall,OutsideOff,NotOut,None,FrontFoot,Drive,StockBall,Round,Orthodox,Left,Null,NotReferred,Null,False,False,False,False,False,False,895,False,False,False,False,False,False,2,0,0,0,0,False,False,0.0
1095532,7,6.0,3.0,0.0,0.0,42.0,1.0,3.0,39681,,23367,T20I Tri-Series in Zimbabwe - Men,1,22,Zimbabwe Men,25,New Zealand Men,2025-07-18T16:58:43Z,6,False,,,,1027,Mitchell Santner,8646,Clive Madande,3098,Wessley Madhevere,270,40,Bowler,0,0,0,0,,LengthBall,OutsideOff,NotOut,None,FrontFoot,Drive,StockBall,Round,Orthodox,Left,Null,NotReferred,Null,False,False,False,False,False,False,895,False,False,False,False,False,False,0,0,0,0,0,False,False,0.0
1095533,8,6.38,9.0,0.0,0.0,51.0,1.0,9.0,39681,,23367,T20I Tri-Series in Zimbabwe - Men,1,22,Zimbabwe Men,25,New Zealand Men,2025-07-18T16:59:43Z,1,False,,,,3693,Michael Bracewell,3098,Wessley Madhevere,8646,Clive Madande,122,139,Third Man,2,0,2,2,,LengthBall,OutsideOff,NotOut,Gloved,FrontFoot,ReverseSweep,OffBreak,Over,OffSpin,Right,Null,NotReferred,Null,False,False,False,False,False,False,215,False,False,False,False,False,False,2,0,0,0,0,False,False,0.0
1095533,8,6.38,9.0,0.0,0.0,51.0,1.0,9.0,39681,,23367,T20I Tri-Series in Zimbabwe - Men,1,22,Zimbabwe Men,25,New Zealand Men,2025-07-18T17:00:23Z,2,False,,,,3693,Michael Bracewell,3098,Wessley Madhevere,8646,Clive Madande,90,48,Wicketkeeper,0,0,0,0,,LengthBall,OutsideOff,Stumped,Missed,BacksAway,Drive,OffBreak,Over,OffSpin,Right,NotOut2ndUmpire,NotReferred,Null,False,False,False,False,False,True,215,False,False,False,False,False,False,0,0,0,0,0,False,False,0.0
1095533,8,6.38,9.0,0.0,0.0,51.0,1.0,9.0,39681,,23367,T20I Tri-Series in Zimbabwe - Men,1,22,Zimbabwe Men,25,New Zealand Men,2025-07-18T17:01:37Z,3,False,,,,3693,Michael Bracewell,3098,Wessley Madhevere,8646,Clive Madande,314,29,Short Leg,0,0,0,0,,LengthBall,OutsideOff,NotOut,InsideEdge,BackFoot,Flick,OffBreak,Over,OffSpin,Right,Null,NotReferred,Null,False,False,False,False,False,False,215,False,False,False,False,False,False,0,0,0,0,0,False,False,0.0
1095533,8,6.38,9.0,0.0,0.0,51.0,1.0,9.0,39681,,23367,T20I Tri-Series in Zimbabwe - Men,1,22,Zimbabwe Men,25,New Zealand Men,2025-07-18T17:01:58Z,4,False,,,,3693,Michael Bracewell,3098,Wessley Madhevere,8646,Clive Madande,154,143,Third Man,2,0,2,2,,LengthBall,OutsideOff,NotOut,None,FrontFoot,ReverseSweep,OffBreak,Over,OffSpin,Right,Null,NotReferred,Null,False,False,False,False,False,False,215,False,False,False,False,False,False,2,0,0,0,0,False,False,0.0
1095533,8,6.38,9.0,0.0,0.0,51.0,1.0,9.0,39681,,23367,T20I Tri-Series in Zimbabwe - Men,1,22,Zimbabwe Men,25,New Zealand Men,2025-07-18T17:02:36Z,5,False,,,,3693,Michael Bracewell,3098,Wessley Madhevere,8646,Clive Madande,204,202,Deep Cover,4,0,4,4,,HalfVolley,OutsideOff,NotOut,WellTimed,BacksAway,Drive,OffBreak,Over,OffSpin,Right,Null,NotReferred,Null,False,False,False,False,True,False,215,False,False,False,False,False,False,4,0,0,0,0,False,True,0.0
1095533,8,6.38,9.0,0.0,0.0,51.0,1.0,9.0,39681,,23367,T20I Tri-Series in Zimbabwe - Men,1,22,Zimbabwe Men,25,New Zealand Men,2025-07-18T17:03:11Z,6,False,,,,3693,Michael Bracewell,3098,Wessley Madhevere,8646,Clive Madande,22,149,Deep Backward Square Leg,1,0,1,1,,LengthBall,OutsideOff,NotOut,MisTimed,FrontFoot,SlogSweep,OffBreak,Over,OffSpin,Right,Null,NotReferred,Null,False,False,False,False,False,False,215,False,False,False,False,False,False,1,0,0,0,0,False,False,0.0
1095534,9,6.33,6.0,0.0,0.0,57.0,1.0,6.0,39681,,23367,T20I Tri-Series in Zimbabwe - Men,1,22,Zimbabwe Men,25,New Zealand Men,2025-07-18T17:04:24Z,1,False,,,,1027,Mitchell Santner,3098,Wessley Madhevere,8646,Clive Madande,18,144,Deep Backward Square Leg,1,0,1,1,,LengthBall,DownLeg,NotOut,None,BacksAway,Worked,StockBall,Round,Orthodox,Left,Null,NotReferred,Null,False,False,False,False,False,False,895,False,False,False,False,False,False,1,0,0,0,0,False,False,0.0
1095534,9,6.33,6.0,0.0,0.0,57.0,1.0,6.0,39681,,23367,T20I Tri-Series in Zimbabwe - Men,1,22,Zimbabwe Men,25,New Zealand Men,2025-07-18T17:04:49Z,2,False,,,,1027,Mitchell Santner,8646,Clive Madande,3098,Wessley Madhevere,283,41,Silly Mid On,0,0,0,0,,LengthBall,OffStump,NotOut,MisTimed,BacksAway,Drive,StockBall,Round,Orthodox,Left,Null,NotReferred,Null,False,False,False,False,False,False,895,False,False,False,False,False,False,0,0,0,0,0,False,False,3.0
1095534,9,6.33,6.0,0.0,0.0,57.0,1.0,6.0,39681,,23367,T20I Tri-Series in Zimbabwe - Men,1,22,Zimbabwe Men,25,New Zealand Men,2025-07-18T17:05:23Z,3,False,,,,1027,Mitchell Santner,8646,Clive Madande,3098,Wessley Madhevere,76,141,Fine Leg,3,0,3,3,,LengthBall,OffStump,NotOut,InsideEdge,FrontFoot,Slog,StockBall,Round,Orthodox,Left,Null,NotReferred,Null,False,False,False,False,False,False,895,False,False,False,False,False,False,3,0,0,0,0,False,False,0.0
1095534,9,6.33,6.0,0.0,0.0,57.0,1.0,6.0,39681,,23367,T20I Tri-Series in Zimbabwe - Men,1,22,Zimbabwe Men,25,New Zealand Men,2025-07-18T17:06:09Z,4,False,,,,1027,Mitchell Santner,3098,Wessley Madhevere,8646,Clive Madande,163,45,Gully,0,0,0,0,,LengthBall,OutsideOff,Lbw,HitPad,BacksAway,Sweep,StockBall,Round,Orthodox,Left,NotOut1stUmpire,NotReferred,Null,False,False,False,False,False,True,895,False,False,False,False,False,False,0,0,0,0,0,False,False,0.0
1095534,9,6.33,6.0,0.0,0.0,57.0,1.0,6.0,39681,,23367,T20I Tri-Series in Zimbabwe - Men,1,22,Zimbabwe Men,25,New Zealand Men,2025-07-18T17:06:50Z,5,False,,,,1027,Mitchell Santner,3098,Wessley Madhevere,8646,Clive Madande,254,150,Long Off,1,0,1,1,,HalfVolley,OutsideOff,NotOut,None,FrontFoot,Drive,StockBall,Round,Orthodox,Left,Null,NotReferred,Null,False,False,False,False,True,False,895,False,False,False,False,False,False,1,0,0,0,0,False,False,0.0
1095534,9,6.33,6.0,0.0,0.0,57.0,1.0,6.0,39681,,23367,T20I Tri-Series in Zimbabwe - Men,1,22,Zimbabwe Men,25,New Zealand Men,2025-07-18T17:07:03Z,6,False,,,,1027,Mitchell Santner,8646,Clive Madande,3098,Wessley Madhevere,162,44,Gully,1,0,1,1,,LengthBall,OutsideOff,NotOut,InsideEdge,BacksAway,Flick,StockBall,Round,Orthodox,Left,Null,NotReferred,Null,False,False,False,False,False,False,895,False,False,False,False,False,False,1,0,0,0,0,False,False,0.0
1095535,10,6.1,2.0,1.0,2.0,61.0,2.0,4.0,39681,,23367,T20I Tri-Series in Zimbabwe - Men,1,22,Zimbabwe Men,25,New Zealand Men,2025-07-18T17:08:24Z,1,False,,,,3154,Rachin Ravindra,8646,Clive Madande,3098,Wessley Madhevere,16,104,Backward Square Leg,0,2,2,0,,HalfVolley,WideDownLeg,NotOut,HitPad,BacksAway,Slog,StockBall,Round,Orthodox,Left,Null,NotReferred,Null,False,False,False,True,False,False,215,False,False,False,False,False,False,2,0,0,2,0,False,False,
1095535,10,6.1,2.0,1.0,2.0,61.0,2.0,4.0,39681,,23367,T20I Tri-Series in Zimbabwe - Men,1,22,Zimbabwe Men,25,New Zealand Men,2025-07-18T17:09:06Z,2,False,,,,3154,Rachin Ravindra,8646,Clive Madande,3098,Wessley Madhevere,358,108,Square Leg,1,0,1,1,,LengthBall,OutsideOff,NotOut,None,BackFoot,Worked,StockBall,Round,Orthodox,Left,Null,NotReferred,Null,False,False,False,False,False,False,215,False,False,False,False,False,False,1,0,0,0,0,False,False,
1095535,10,6.1,2.0,1.0,2.0,61.0,2.0,4.0,39681,,23367,T20I Tri-Series in Zimbabwe - Men,1,22,Zimbabwe Men,25,New Zealand Men,2025-07-18T17:09:21Z,3,False,,,,3154,Rachin Ravindra,3098,Wessley Madhevere,8646,Clive Madande,280,157,Long On,1,0,1,1,,LengthBall,DownLeg,NotOut,MisTimed,DownTheTrack,Slog,StockBall,Round,Orthodox,Left,Null,NotReferred,Null,False,False,False,False,False,False,215,False,False,False,False,False,False,1,0,0,0,0,False,False,
1095535,10,6.1,2.0,1.0,2.0,61.0,2.0,4.0,39681,,23367,T20I Tri-Series in Zimbabwe - Men,1,22,Zimbabwe Men,25,New Zealand Men,2025-07-18T17:09:47Z,4,True,Stumped,8646.0,Clive Madande,3154,Rachin Ravindra,8646,Clive Madande,3098,Wessley Madhevere,90,48,Wicketkeeper,0,0,0,0,Stumped,LengthBall,OffStump,NotOut,Missed,FrontFoot,Drive,StockBall,Round,Orthodox,Left,Out2ndUmpire,NotReferred,Null,False,False,False,False,False,False,215,False,False,False,False,False,False,0,0,0,0,0,False,False,
1095535,10,6.1,2.0,1.0,2.0,61.0,2.0,4.0,39681,,23367,T20I Tri-Series in Zimbabwe - Men,1,22,Zimbabwe Men,25,New Zealand Men,2025-07-18T17:11:39Z,5,False,,,,3154,Rachin Ravindra,1186,Sikandar Raza,3098,Wessley Madhevere,190,50,Point,0,0,0,0,,LengthBall,OutsideOff,Lbw,HitPad,FrontFoot,Sweep,StockBall,Round,Orthodox,Left,NotOut2ndUmpire,NotReferred,Null,False,False,False,False,False,True,215,False,False,False,False,False,False,0,0,0,0,0,False,False,
1095535,10,6.1,2.0,1.0,2.0,61.0,2.0,4.0,39681,,23367,T20I Tri-Series in Zimbabwe - Men,1,22,Zimbabwe Men,25,New Zealand Men,2025-07-18T17:12:17Z,6,False,,,,3154,Rachin Ravindra,1186,Sikandar Raza,3098,Wessley Madhevere,90,48,Wicketkeeper,0,0,0,0,,LengthBall,OutsideOff,NotOut,Left,BackFoot,Leave,StockBall,Round,Orthodox,Left,Null,NotReferred,Null,False,False,False,False,False,False,215,False,False,False,False,False,False,0,0,0,0,0,False,False,
1095536,11,6.27,8.0,0.0,0.0,69.0,2.0,8.0,39681,,23367,T20I Tri-Series in Zimbabwe - Men,1,22,Zimbabwe Men,25,New Zealand Men,2025-07-18T17:13:05Z,1,False,,,,1027,Mitchell Santner,3098,Wessley Madhevere,1186,Sikandar Raza,285,155,Long On,1,0,1,1,,LengthBall,OutsideOff,NotOut,None,BacksAway,Pull,StockBall,Round,Orthodox,Left,Null,NotReferred,Null,False,False,False,False,True,False,895,False,False,False,False,False,False,1,0,0,0,0,False,False,
1095536,11,6.27,8.0,0.0,0.0,69.0,2.0,8.0,39681,,23367,T20I Tri-Series in Zimbabwe - Men,1,22,Zimbabwe Men,25,New Zealand Men,2025-07-18T17:13:38Z,2,False,,,,1027,Mitchell Santner,1186,Sikandar Raza,3098,Wessley Madhevere,284,158,Long On,1,0,1,1,,LengthBall,OutsideOff,NotOut,None,BackFoot,Worked,StockBall,Round,Orthodox,Left,Null,NotReferred,Null,False,False,False,False,True,False,895,False,False,False,False,False,False,1,0,0,0,0,False,False,
1095536,11,6.27,8.0,0.0,0.0,69.0,2.0,8.0,39681,,23367,T20I Tri-Series in Zimbabwe - Men,1,22,Zimbabwe Men,25,New Zealand Men,2025-07-18T17:14:06Z,3,False,,,,1027,Mitchell Santner,3098,Wessley Madhevere,1186,Sikandar Raza,206,134,Deep Cover,1,0,1,1,,LengthBall,OutsideOff,NotOut,None,BacksAway,Cut,StockBall,Round,Orthodox,Left,Null,NotReferred,Null,False,False,False,False,True,False,895,False,False,False,False,False,False,1,0,0,0,0,False,False,
1095536,11,6.27,8.0,0.0,0.0,69.0,2.0,8.0,39681,,23367,T20I Tri-Series in Zimbabwe - Men,1,22,Zimbabwe Men,25,New Zealand Men,2025-07-18T17:14:43Z,4,False,,,,1027,Mitchell Santner,1186,Sikandar Raza,3098,Wessley Madhevere,300,108,Mid On,1,0,1,1,,LengthBall,OutsideOff,NotOut,None,BackFoot,Worked,StockBall,Round,Orthodox,Left,Null,NotReferred,Null,False,False,False,False,False,False,895,False,False,False,False,False,False,1,0,0,0,0,False,False,
1095536,11,6.27,8.0,0.0,0.0,69.0,2.0,8.0,39681,,23367,T20I Tri-Series in Zimbabwe - Men,1,22,Zimbabwe Men,25,New Zealand Men,2025-07-18T17:15:08Z,5,False,,,,1027,Mitchell Santner,3098,Wessley Madhevere,1186,Sikandar Raza,123,192,Third Man,4,0,4,4,,LengthBall,OutsideOff,NotOut,WellTimed,FrontFoot,ReverseSweep,StockBall,Round,Orthodox,Left,Null,NotReferred,Null,False,False,False,False,True,False,895,False,False,False,False,False,False,4,0,0,0,0,False,True,
1095536,11,6.27,8.0,0.0,0.0,69.0,2.0,8.0,39681,,23367,T20I Tri-Series in Zimbabwe - Men,1,22,Zimbabwe Men,25,New Zealand Men,2025-07-18T17:15:40Z,6,False,,,,1027,Mitchell Santner,3098,Wessley Madhevere,1186,Sikandar Raza,157,78,Backward Point,0,0,0,0,,LengthBall,OffStump,NotOut,None,BackFoot,Steer,StockBall,Round,Orthodox,Left,Null,NotReferred,Null,False,False,False,False,False,False,895,False,False,False,False,False,False,0,0,0,0,0,False,False,
1095537,12,5.92,2.0,0.0,0.0,71.0,2.0,2.0,39681,,23367,T20I Tri-Series in Zimbabwe - Men,1,22,Zimbabwe Men,25,New Zealand Men,2025-07-18T17:16:35Z,1,False,,,,3154,Rachin Ravindra,1186,Sikandar Raza,3098,Wessley Madhevere,359,106,Square Leg,1,0,1,1,,LengthBall,MiddleStump,NotOut,None,BackFoot,Worked,StockBall,Round,Orthodox,Left,Null,NotReferred,Null,False,False,False,False,False,False,215,False,False,False,False,False,False,1,0,0,0,0,False,False,0.0
1095537,12,5.92,2.0,0.0,0.0,71.0,2.0,2.0,39681,,23367,T20I Tri-Series in Zimbabwe - Men,1,22,Zimbabwe Men,25,New Zealand Men,2025-07-18T17:17:06Z,2,False,,,,3154,Rachin Ravindra,3098,Wessley Madhevere,1186,Sikandar Raza,228,19,Silly Point,0,0,0,0,,LengthBall,DownLeg,NotOut,BottomEdge,FrontFoot,Sweep,StockBall,Round,Orthodox,Left,Null,NotReferred,Null,False,False,False,False,False,False,215,False,False,False,False,False,False,0,0,0,0,0,False,False,0.0
1095537,12,5.92,2.0,0.0,0.0,71.0,2.0,2.0,39681,,23367,T20I Tri-Series in Zimbabwe - Men,1,22,Zimbabwe Men,25,New Zealand Men,2025-07-18T17:17:29Z,3,False,,,,3154,Rachin Ravindra,3098,Wessley Madhevere,1186,Sikandar Raza,18,136,Deep Backward Square Leg,1,0,1,1,,FullToss,DownLeg,NotOut,MisTimed,FrontFoot,Sweep,StockBall,Round,Orthodox,Left,Null,NotReferred,Null,False,False,False,False,False,False,215,False,False,False,False,False,False,1,0,0,0,0,False,False,0.0
1095537,12,5.92,2.0,0.0,0.0,71.0,2.0,2.0,39681,,23367,T20I Tri-Series in Zimbabwe - Men,1,22,Zimbabwe Men,25,New Zealand Men,2025-07-18T17:18:01Z,4,False,,,,3154,Rachin Ravindra,1186,Sikandar Raza,3098,Wessley Madhevere,90,48,Wicketkeeper,0,0,0,0,,LengthBall,OutsideOff,Caught,Missed,BackFoot,Drive,StockBall,Round,Orthodox,Left,NotOut2ndUmpire,NotReferred,Null,False,False,False,False,False,True,215,False,False,False,False,False,False,0,0,0,0,0,False,False,0.0
1095537,12,5.92,2.0,0.0,0.0,71.0,2.0,2.0,39681,,23367,T20I Tri-Series in Zimbabwe - Men,1,22,Zimbabwe Men,25,New Zealand Men,2025-07-18T17:18:29Z,5,False,,,,3154,Rachin Ravindra,1186,Sikandar Raza,3098,Wessley Madhevere,90,48,Wicketkeeper,0,0,0,0,,LengthBall,OutsideOff,NotOut,Missed,BackFoot,Pushed,StockBall,Round,Orthodox,Left,Null,NotReferred,Null,False,False,False,False,False,False,215,False,False,False,False,False,False,0,0,0,0,0,False,False,0.0
1095537,12,5.92,2.0,0.0,0.0,71.0,2.0,2.0,39681,,23367,T20I Tri-Series in Zimbabwe - Men,1,22,Zimbabwe Men,25,New Zealand Men,2025-07-18T17:18:50Z,6,False,,,,3154,Rachin Ravindra,1186,Sikandar Raza,3098,Wessley Madhevere,323,58,Short Mid Wicket,0,0,0,0,,LengthBall,OffStump,NotOut,None,BackFoot,Worked,StockBall,Round,Orthodox,Left,Null,NotReferred,Null,False,False,False,False,False,False,215,False,False,False,False,False,False,0,0,0,0,0,False,False,0.0
1095538,13,6.0,7.0,1.0,0.0,78.0,3.0,7.0,39681,,23367,T20I Tri-Series in Zimbabwe - Men,1,22,Zimbabwe Men,25,New Zealand Men,2025-07-18T17:20:03Z,1,True,Bowled,3098.0,Wessley Madhevere,323,Adam Milne,3098,Wessley Madhevere,1186,Sikandar Raza,0,0,,0,0,0,0,Bowled,LengthBall,OutsideOff,NotOut,Missed,BacksAway,Cut,NoMovement,Over,Fast,Right,Out1stUmpire,NotReferred,Null,False,False,False,False,False,False,895,False,False,False,False,False,False,0,0,0,0,0,False,False,0.0
1095538,13,6.0,7.0,1.0,0.0,78.0,3.0,7.0,39681,,23367,T20I Tri-Series in Zimbabwe - Men,1,22,Zimbabwe Men,25,New Zealand Men,2025-07-18T17:21:48Z,2,False,,,,323,Adam Milne,2663,Ryan Burl,1186,Sikandar Raza,322,212,Deep Extra Cover,4,0,4,4,,LengthBall,Wide,NotOut,WellTimed,FrontFoot,Drive,NoMovement,Round,Fast,Right,Null,NotReferred,Null,False,False,False,False,True,False,895,False,False,False,False,False,False,4,0,0,0,0,False,True,0.0
1095538,13,6.0,7.0,1.0,0.0,78.0,3.0,7.0,39681,,23367,T20I Tri-Series in Zimbabwe - Men,1,22,Zimbabwe Men,25,New Zealand Men,2025-07-18T17:22:29Z,3,False,,,,323,Adam Milne,2663,Ryan Burl,1186,Sikandar Raza,198,141,Deep Mid Wicket,2,0,2,2,,LengthBall,OutsideOff,NotOut,None,MovesInfront,Worked,NoMovement,Round,Fast,Right,Null,NotReferred,Null,False,False,False,False,False,False,895,False,False,False,False,False,False,2,0,0,0,0,False,False,0.0
1095538,13,6.0,7.0,1.0,0.0,78.0,3.0,7.0,39681,,23367,T20I Tri-Series in Zimbabwe - Men,1,22,Zimbabwe Men,25,New Zealand Men,2025-07-18T17:23:04Z,4,False,,,,323,Adam Milne,2663,Ryan Burl,1186,Sikandar Raza,223,52,Short Mid Wicket,0,0,0,0,,LengthBall,OutsideOff,NotOut,None,MovesInfront,Worked,NoMovement,Round,Fast,Right,Null,NotReferred,Null,False,False,False,False,False,False,895,False,False,False,False,False,False,0,0,0,0,0,False,False,0.0
1095538,13,6.0,7.0,1.0,0.0,78.0,3.0,7.0,39681,,23367,T20I Tri-Series in Zimbabwe - Men,1,22,Zimbabwe Men,25,New Zealand Men,2025-07-18T17:23:37Z,5,False,,,,323,Adam Milne,2663,Ryan Burl,1186,Sikandar Raza,16,97,Backward Point,0,0,0,0,,LengthBall,OutsideOff,NotOut,None,FrontFoot,Pushed,NoMovement,Round,Fast,Right,Null,NotReferred,Null,False,False,False,False,False,False,895,False,False,False,False,False,False,0,0,0,0,0,False,False,0.0
1095538,13,6.0,7.0,1.0,0.0,78.0,3.0,7.0,39681,,23367,T20I Tri-Series in Zimbabwe - Men,1,22,Zimbabwe Men,25,New Zealand Men,2025-07-18T17:24:21Z,6,False,,,,323,Adam Milne,2663,Ryan Burl,1186,Sikandar Raza,18,95,Backward Point,1,0,1,1,,BackOfALength,Wide,NotOut,MisTimed,MovesInfront,Cut,NoMovement,Round,Fast,Right,Null,NotReferred,Null,False,False,False,False,False,False,895,False,False,False,False,False,False,1,0,0,0,0,False,False,0.0
1095539,14,6.0,6.0,1.0,0.0,84.0,4.0,6.0,39681,,23367,T20I Tri-Series in Zimbabwe - Men,1,22,Zimbabwe Men,25,New Zealand Men,2025-07-18T17:25:33Z,1,False,,,,3693,Michael Bracewell,2663,Ryan Burl,1186,Sikandar Raza,329,207,Deep Extra Cover,4,0,4,4,,LengthBall,OutsideOff,NotOut,WellTimed,BacksAway,Cut,OffBreak,Round,OffSpin,Right,Null,NotReferred,Null,False,False,False,False,False,False,215,False,False,False,False,False,False,4,0,0,0,0,False,True,0.0
1095539,14,6.0,6.0,1.0,0.0,84.0,4.0,6.0,39681,,23367,T20I Tri-Series in Zimbabwe - Men,1,22,Zimbabwe Men,25,New Zealand Men,2025-07-18T17:26:05Z,2,False,,,,3693,Michael Bracewell,2663,Ryan Burl,1186,Sikandar Raza,90,48,Wicketkeeper,0,0,0,0,,LengthBall,OutsideOff,NotOut,Missed,BacksAway,Cut,OffBreak,Round,OffSpin,Right,Null,NotReferred,Null,False,False,False,False,False,False,215,False,False,False,False,False,False,0,0,0,0,0,False,False,0.0
1095539,14,6.0,6.0,1.0,0.0,84.0,4.0,6.0,39681,,23367,T20I Tri-Series in Zimbabwe - Men,1,22,Zimbabwe Men,25,New Zealand Men,2025-07-18T17:26:27Z,3,False,,,,3693,Michael Bracewell,2663,Ryan Burl,1186,Sikandar Raza,0,146,Deep Point,1,0,1,1,,LengthBall,OutsideOff,NotOut,None,BacksAway,Cut,OffBreak,Round,OffSpin,Right,Null,NotReferred,Null,False,False,False,False,False,False,215,False,False,False,False,False,False,1,0,0,0,0,False,False,0.0
1095539,14,6.0,6.0,1.0,0.0,84.0,4.0,6.0,39681,,23367,T20I Tri-Series in Zimbabwe - Men,1,22,Zimbabwe Men,25,New Zealand Men,2025-07-18T17:26:55Z,4,False,,,,3693,Michael Bracewell,1186,Sikandar Raza,2663,Ryan Burl,342,118,Mid Wicket,1,0,1,1,,LengthBall,OutsideOff,NotOut,None,BackFoot,Worked,OffBreak,Over,OffSpin,Right,Null,NotReferred,Null,False,False,False,False,False,False,215,False,False,False,False,False,False,1,0,0,0,0,False,False,0.0
1095539,14,6.0,6.0,1.0,0.0,84.0,4.0,6.0,39681,,23367,T20I Tri-Series in Zimbabwe - Men,1,22,Zimbabwe Men,25,New Zealand Men,2025-07-18T17:27:22Z,5,True,Caught,2663.0,Ryan Burl,3693,Michael Bracewell,2663,Ryan Burl,1186,Sikandar Raza,16,92,Backward Point,0,0,0,0,Caught,LengthBall,OutsideOff,NotOut,MisTimed,FrontFoot,ReverseSweep,OffBreak,Round,OffSpin,Right,Out1stUmpire,NotReferred,Null,False,False,False,False,False,False,895,False,False,False,False,False,False,0,0,0,0,0,False,False,2.0
1095539,14,6.0,6.0,1.0,0.0,84.0,4.0,6.0,39681,,23367,T20I Tri-Series in Zimbabwe - Men,1,22,Zimbabwe Men,25,New Zealand Men,2025-07-18T17:29:04Z,6,False,,,,3693,Michael Bracewell,2653,Tony Munyonga,1186,Sikandar Raza,159,45,Gully,0,0,0,0,,LengthBall,OutsideOff,NotOut,None,BackFoot,Pushed,OffBreak,Over,OffSpin,Right,Null,NotReferred,Null,False,False,False,False,False,False,215,False,False,False,False,False,False,0,0,0,0,0,False,False,0.0
1095540,15,6.07,7.0,0.0,0.0,91.0,4.0,7.0,39681,,23367,T20I Tri-Series in Zimbabwe - Men,1,22,Zimbabwe Men,25,New Zealand Men,2025-07-18T17:30:11Z,1,False,,,,3705,Jacob Duffy,1186,Sikandar Raza,2653,Tony Munyonga,90,48,Wicketkeeper,0,0,0,0,,LengthBall,Wide,NotOut,Missed,FrontFoot,Slog,NoMovement,Over,Fast,Right,Null,NotReferred,Null,False,False,False,False,False,False,895,False,False,False,False,False,False,0,0,0,0,0,False,False,0.0
1095540,15,6.07,7.0,0.0,0.0,91.0,4.0,7.0,39681,,23367,T20I Tri-Series in Zimbabwe - Men,1,22,Zimbabwe Men,25,New Zealand Men,2025-07-18T17:30:48Z,2,False,,,,3705,Jacob Duffy,1186,Sikandar Raza,2653,Tony Munyonga,212,213,Deep Extra Cover,4,0,4,4,,LengthBall,Wide,NotOut,WellTimed,BackFoot,Cut,OffCutter,Over,Fast,Right,Null,NotReferred,Null,False,False,False,False,True,False,895,False,False,False,False,False,False,4,0,0,0,0,False,True,0.0
1095540,15,6.07,7.0,0.0,0.0,91.0,4.0,7.0,39681,,23367,T20I Tri-Series in Zimbabwe - Men,1,22,Zimbabwe Men,25,New Zealand Men,2025-07-18T17:31:22Z,3,False,,,,3705,Jacob Duffy,1186,Sikandar Raza,2653,Tony Munyonga,229,18,Silly Point,0,0,0,0,,BackOfALength,OutsideOff,NotOut,HitPad,BackFoot,Pull,NoMovement,Over,Fast,Right,Null,NotReferred,Null,False,False,False,False,False,False,895,False,False,False,False,False,False,0,0,0,0,0,False,False,0.0
1095540,15,6.07,7.0,0.0,0.0,91.0,4.0,7.0,39681,,23367,T20I Tri-Series in Zimbabwe - Men,1,22,Zimbabwe Men,25,New Zealand Men,2025-07-18T17:31:58Z,4,False,,,,3705,Jacob Duffy,1186,Sikandar Raza,2653,Tony Munyonga,90,48,Wicketkeeper,0,0,0,0,,Short,OutsideOff,NotOut,Left,BackFoot,Leave,NoMovement,Over,Fast,Right,Null,NotReferred,Null,False,False,False,False,False,False,895,False,False,False,False,False,False,0,0,0,0,0,False,False,0.0
1095540,15,6.07,7.0,0.0,0.0,91.0,4.0,7.0,39681,,23367,T20I Tri-Series in Zimbabwe - Men,1,22,Zimbabwe Men,25,New Zealand Men,2025-07-18T17:32:33Z,5,False,,,,3705,Jacob Duffy,1186,Sikandar Raza,2653,Tony Munyonga,284,149,Long On,2,0,2,2,,BackOfALength,OutsideOff,NotOut,MisTimed,DownTheTrack,Slog,NoMovement,Over,Fast,Right,Null,NotReferred,Null,False,False,False,False,False,False,895,False,False,False,False,False,False,2,0,0,0,0,False,False,0.0
1095540,15,6.07,7.0,0.0,0.0,91.0,4.0,7.0,39681,,23367,T20I Tri-Series in Zimbabwe - Men,1,22,Zimbabwe Men,25,New Zealand Men,2025-07-18T17:33:19Z,6,False,,,,3705,Jacob Duffy,1186,Sikandar Raza,2653,Tony Munyonga,137,128,Third Man,1,0,1,1,,BackOfALength,OutsideOff,NotOut,None,BackFoot,Cut,NoMovement,Over,Fast,Right,Null,NotReferred,Null,False,False,False,False,True,False,895,False,False,False,False,False,False,1,0,0,0,0,False,False,0.0
1095541,16,5.81,1.0,1.0,1.0,93.0,5.0,2.0,39681,,23367,T20I Tri-Series in Zimbabwe - Men,1,22,Zimbabwe Men,25,New Zealand Men,2025-07-18T17:34:19Z,1,False,,,,1027,Mitchell Santner,1186,Sikandar Raza,2653,Tony Munyonga,293,145,Long On,1,0,1,1,,LengthBall,OutsideOff,NotOut,None,BackFoot,Worked,StockBall,Round,Orthodox,Left,Null,NotReferred,Null,False,False,False,False,False,False,215,False,False,False,False,False,False,1,0,0,0,0,False,False,0.0
1095541,16,5.81,1.0,1.0,1.0,93.0,5.0,2.0,39681,,23367,T20I Tri-Series in Zimbabwe - Men,1,22,Zimbabwe Men,25,New Zealand Men,2025-07-18T17:34:51Z,2,False,,,,1027,Mitchell Santner,2653,Tony Munyonga,1186,Sikandar Raza,90,48,Wicketkeeper,0,0,0,0,,HalfVolley,OutsideOff,NotOut,Missed,FrontFoot,Sweep,StockBall,Round,Orthodox,Left,Null,NotReferred,Null,False,False,False,False,False,False,215,False,False,False,False,False,False,0,0,0,0,0,False,False,0.0
1095541,16,5.81,1.0,1.0,1.0,93.0,5.0,2.0,39681,,23367,T20I Tri-Series in Zimbabwe - Men,1,22,Zimbabwe Men,25,New Zealand Men,2025-07-18T17:35:11Z,3,False,,,,1027,Mitchell Santner,2653,Tony Munyonga,1186,Sikandar Raza,166,50,Gully,0,0,0,0,,LengthBall,OutsideOff,NotOut,HitPad,FrontFoot,Sweep,StockBall,Round,Orthodox,Left,Null,NotReferred,Null,False,False,False,False,False,False,215,False,False,False,False,False,False,0,0,0,0,0,False,False,0.0
1095541,16,5.81,1.0,1.0,1.0,93.0,5.0,2.0,39681,,23367,T20I Tri-Series in Zimbabwe - Men,1,22,Zimbabwe Men,25,New Zealand Men,2025-07-18T17:35:30Z,4,False,,,,1027,Mitchell Santner,2653,Tony Munyonga,1186,Sikandar Raza,71,63,Leg Slip,0,1,1,0,,LengthBall,OutsideOff,Lbw,HitPad,FrontFoot,Sweep,StockBall,Round,Orthodox,Left,NotOut2ndUmpire,NotReferred,Null,False,False,False,True,False,True,215,False,False,False,False,False,False,1,0,0,1,0,False,False,0.0
1095541,16,5.81,1.0,1.0,1.0,93.0,5.0,2.0,39681,,23367,T20I Tri-Series in Zimbabwe - Men,1,22,Zimbabwe Men,25,New Zealand Men,2025-07-18T17:36:06Z,5,False,,,,1027,Mitchell Santner,1186,Sikandar Raza,2653,Tony Munyonga,270,40,Bowler,0,0,0,0,,HalfVolley,Wide,NotOut,MisTimed,FrontFoot,Drive,StockBall,Round,Orthodox,Left,Null,NotReferred,Null,False,False,False,False,False,False,215,False,False,False,False,False,False,0,0,0,0,0,False,False,0.0
1095541,16,5.81,1.0,1.0,1.0,93.0,5.0,2.0,39681,,23367,T20I Tri-Series in Zimbabwe - Men,1,22,Zimbabwe Men,25,New Zealand Men,2025-07-18T17:36:23Z,6,True,Caught,1186.0,Sikandar Raza,1027,Mitchell Santner,1186,Sikandar Raza,2653,Tony Munyonga,201,80,Cover,0,0,0,0,Caught,LengthBall,OutsideOff,NotOut,LeadingEdge,BackFoot,Worked,StockBall,Round,Orthodox,Left,Out2ndUmpire,NotReferred,Null,False,False,False,False,False,False,215,False,False,False,False,False,False,0,0,0,0,0,False,False,2.0
1095542,17,5.82,6.0,1.0,0.0,99.0,6.0,6.0,39681,,23367,T20I Tri-Series in Zimbabwe - Men,1,22,Zimbabwe Men,25,New Zealand Men,2025-07-18T17:38:00Z,1,False,,,,463,Matt Henry,2653,Tony Munyonga,15597,Tashinga Musekiwa,327,59,Short Mid Wicket,0,0,0,0,,LengthBall,OutsideOff,NotOut,None,BackFoot,Worked,NoMovement,Over,Fast,Right,Null,NotReferred,Null,False,False,False,False,False,False,895,False,False,False,False,False,False,0,0,0,0,0,False,False,0.0
1095542,17,5.82,6.0,1.0,0.0,99.0,6.0,6.0,39681,,23367,T20I Tri-Series in Zimbabwe - Men,1,22,Zimbabwe Men,25,New Zealand Men,2025-07-18T17:38:29Z,2,False,,,,463,Matt Henry,2653,Tony Munyonga,15597,Tashinga Musekiwa,158,85,Backward Point,1,0,1,1,,BackOfALength,OutsideOff,NotOut,ThickEdge,BackFoot,Pushed,NoMovement,Over,Fast,Right,Null,NotReferred,Null,False,False,False,False,False,False,895,False,False,False,False,False,False,1,0,0,0,0,False,False,0.0
1095542,17,5.82,6.0,1.0,0.0,99.0,6.0,6.0,39681,,23367,T20I Tri-Series in Zimbabwe - Men,1,22,Zimbabwe Men,25,New Zealand Men,2025-07-18T17:39:07Z,3,False,,,,463,Matt Henry,15597,Tashinga Musekiwa,2653,Tony Munyonga,23,190,Deep Backward Square Leg,4,0,4,4,,Short,OutsideOff,NotOut,WellTimed,BackFoot,Pull,NoMovement,Over,Fast,Right,Null,NotReferred,Null,False,False,False,False,True,False,895,False,False,False,False,False,False,4,0,0,0,0,False,True,0.0
1095542,17,5.82,6.0,1.0,0.0,99.0,6.0,6.0,39681,,23367,T20I Tri-Series in Zimbabwe - Men,1,22,Zimbabwe Men,25,New Zealand Men,2025-07-18T17:39:34Z,4,True,Caught,15597.0,Tashinga Musekiwa,463,Matt Henry,15597,Tashinga Musekiwa,2653,Tony Munyonga,73,141,Fine Leg,0,0,0,0,Caught,BackOfALength,OutsideOff,NotOut,TopEdge,BackFoot,Pull,NoMovement,Over,Fast,Right,Out1stUmpire,NotReferred,Null,False,False,False,False,False,False,895,False,False,False,False,False,False,0,0,0,0,0,False,False,2.0
1095542,17,5.82,6.0,1.0,0.0,99.0,6.0,6.0,39681,,23367,T20I Tri-Series in Zimbabwe - Men,1,22,Zimbabwe Men,25,New Zealand Men,2025-07-18T17:41:28Z,5,False,,,,463,Matt Henry,15596,Tinotenda Maposa,2653,Tony Munyonga,8,126,Backward Square Leg,1,0,1,1,,BackOfALength,OutsideOff,NotOut,Gloved,DownTheTrack,Fended,NoMovement,Over,Fast,Right,Null,NotReferred,Null,False,False,False,False,False,False,895,False,False,False,False,False,False,1,0,0,0,0,False,False,0.0
1095542,17,5.82,6.0,1.0,0.0,99.0,6.0,6.0,39681,,23367,T20I Tri-Series in Zimbabwe - Men,1,22,Zimbabwe Men,25,New Zealand Men,2025-07-18T17:42:17Z,6,False,,,,463,Matt Henry,2653,Tony Munyonga,15596,Tinotenda Maposa,90,48,Wicketkeeper,0,0,0,0,,Short,OutsideOff,NotOut,Missed,BackFoot,Pull,NoMovement,Over,Fast,Right,Null,NotReferred,Null,False,False,False,False,False,False,895,False,False,False,False,False,False,0,0,0,0,0,False,False,0.0
1095543,18,5.89,6.0,0.0,1.0,106.0,6.0,7.0,39681,,23367,T20I Tri-Series in Zimbabwe - Men,1,22,Zimbabwe Men,25,New Zealand Men,2025-07-18T17:43:06Z,1,False,,,,3154,Rachin Ravindra,15596,Tinotenda Maposa,2653,Tony Munyonga,127,69,Short Third Man,0,1,1,0,,HalfVolley,DownLeg,NotOut,HitPad,FrontFoot,Slog,StockBall,Round,Orthodox,Left,Null,NotReferred,Null,False,False,False,True,False,False,215,False,False,False,False,False,False,1,0,0,1,0,False,False,0.0
1095543,18,5.89,6.0,0.0,1.0,106.0,6.0,7.0,39681,,23367,T20I Tri-Series in Zimbabwe - Men,1,22,Zimbabwe Men,25,New Zealand Men,2025-07-18T17:43:37Z,2,False,,,,3154,Rachin Ravindra,2653,Tony Munyonga,15596,Tinotenda Maposa,90,48,Wicketkeeper,0,0,0,0,,LengthBall,OutsideOff,NotOut,Missed,BackFoot,Pushed,StockBall,Round,Orthodox,Left,Null,NotReferred,Null,False,False,False,False,False,False,215,False,False,False,False,False,False,0,0,0,0,0,False,False,0.0
1095543,18,5.89,6.0,0.0,1.0,106.0,6.0,7.0,39681,,23367,T20I Tri-Series in Zimbabwe - Men,1,22,Zimbabwe Men,25,New Zealand Men,2025-07-18T17:43:57Z,3,False,,,,3154,Rachin Ravindra,2653,Tony Munyonga,15596,Tinotenda Maposa,37,227,Fine Leg,4,0,4,4,,LengthBall,MiddleStump,NotOut,WellTimed,FrontFoot,Sweep,StockBall,Round,Orthodox,Left,Null,NotReferred,Null,False,False,False,False,True,False,215,False,False,False,False,False,False,4,0,0,0,0,False,True,0.0
1095543,18,5.89,6.0,0.0,1.0,106.0,6.0,7.0,39681,,23367,T20I Tri-Series in Zimbabwe - Men,1,22,Zimbabwe Men,25,New Zealand Men,2025-07-18T17:44:27Z,4,False,,,,3154,Rachin Ravindra,2653,Tony Munyonga,15596,Tinotenda Maposa,90,48,Wicketkeeper,0,0,0,0,,LengthBall,Wide,NotOut,Missed,BackFoot,Cut,StockBall,Round,Orthodox,Left,Null,NotReferred,Null,False,False,False,False,False,False,215,False,False,False,False,False,False,0,0,0,0,0,False,False,0.0
1095543,18,5.89,6.0,0.0,1.0,106.0,6.0,7.0,39681,,23367,T20I Tri-Series in Zimbabwe - Men,1,22,Zimbabwe Men,25,New Zealand Men,2025-07-18T17:44:45Z,5,False,,,,3154,Rachin Ravindra,2653,Tony Munyonga,15596,Tinotenda Maposa,165,84,Backward Point,0,0,0,0,,LengthBall,OutsideOff,NotOut,None,FrontFoot,Pushed,StockBall,Round,Orthodox,Left,Null,NotReferred,Null,False,False,False,False,False,False,215,False,False,False,False,False,False,0,0,0,0,0,False,False,0.0
1095543,18,5.89,6.0,0.0,1.0,106.0,6.0,7.0,39681,,23367,T20I Tri-Series in Zimbabwe - Men,1,22,Zimbabwe Men,25,New Zealand Men,2025-07-18T17:45:25Z,6,False,,,,3154,Rachin Ravindra,2653,Tony Munyonga,15596,Tinotenda Maposa,337,152,Deep Mid Wicket,2,0,2,2,,LengthBall,Wide,NotOut,MisTimed,BackFoot,Pull,StockBall,Round,Orthodox,Left,Null,NotReferred,Null,False,False,False,False,False,False,215,False,False,False,False,False,False,2,0,0,0,0,False,False,0.0
1095544,19,6.0,8.0,0.0,0.0,114.0,6.0,8.0,39681,,23367,T20I Tri-Series in Zimbabwe - Men,1,22,Zimbabwe Men,25,New Zealand Men,2025-07-18T17:46:35Z,1,False,,,,323,Adam Milne,15596,Tinotenda Maposa,2653,Tony Munyonga,289,103,Mid On,1,0,1,1,,Short,Wide,NotOut,MisTimed,BackFoot,Pull,NoMovement,Over,Fast,Right,Null,NotReferred,Null,False,False,False,False,False,False,895,False,False,False,False,False,False,1,0,0,0,0,False,False,0.0
1095544,19,6.0,8.0,0.0,0.0,114.0,6.0,8.0,39681,,23367,T20I Tri-Series in Zimbabwe - Men,1,22,Zimbabwe Men,25,New Zealand Men,2025-07-18T17:47:24Z,2,False,,,,323,Adam Milne,2653,Tony Munyonga,15596,Tinotenda Maposa,159,48,Gully,1,0,1,1,,Yorker,OffStump,NotOut,None,BackFoot,Steer,ReverseSwingIn,Over,Fast,Right,Null,NotReferred,Null,False,False,False,False,False,False,895,False,False,False,False,False,False,1,0,0,0,0,False,False,0.0
1095544,19,6.0,8.0,0.0,0.0,114.0,6.0,8.0,39681,,23367,T20I Tri-Series in Zimbabwe - Men,1,22,Zimbabwe Men,25,New Zealand Men,2025-07-18T17:48:06Z,3,False,,,,323,Adam Milne,15596,Tinotenda Maposa,2653,Tony Munyonga,90,48,Wicketkeeper,0,0,0,0,,Short,OutsideOff,NotOut,Missed,BackFoot,Pull,NoMovement,Over,Fast,Right,Null,NotReferred,Null,False,False,False,False,False,False,895,False,False,False,False,False,False,0,0,0,0,0,False,False,0.0
1095544,19,6.0,8.0,0.0,0.0,114.0,6.0,8.0,39681,,23367,T20I Tri-Series in Zimbabwe - Men,1,22,Zimbabwe Men,25,New Zealand Men,2025-07-18T17:48:41Z,4,False,,,,323,Adam Milne,15596,Tinotenda Maposa,2653,Tony Munyonga,256,89,Mid Off,1,0,1,1,,LengthBall,OutsideOff,NotOut,None,FrontFoot,Drive,ReverseSwingIn,Over,Fast,Right,Null,NotReferred,Null,False,False,False,False,False,False,895,False,False,False,False,False,False,1,0,0,0,0,False,False,0.0
1095544,19,6.0,8.0,0.0,0.0,114.0,6.0,8.0,39681,,23367,T20I Tri-Series in Zimbabwe - Men,1,22,Zimbabwe Men,25,New Zealand Men,2025-07-18T17:49:16Z,5,False,,,,323,Adam Milne,2653,Tony Munyonga,15596,Tinotenda Maposa,341,138,Deep Mid Wicket,1,0,1,1,,BackOfALength,Wide,NotOut,MisTimed,BackFoot,Pull,NoMovement,Over,Fast,Right,Null,NotReferred,Null,False,False,False,False,False,False,895,False,False,False,False,False,False,1,0,0,0,0,False,False,0.0
1095544,19,6.0,8.0,0.0,0.0,114.0,6.0,8.0,39681,,23367,T20I Tri-Series in Zimbabwe - Men,1,22,Zimbabwe Men,25,New Zealand Men,2025-07-18T17:49:51Z,6,False,,,,323,Adam Milne,15596,Tinotenda Maposa,2653,Tony Munyonga,220,215,Deep Extra Cover,4,0,4,4,,LengthBall,OutsideOff,NotOut,WellTimed,FrontFoot,Drive,ReverseSwingIn,Over,Fast,Right,Null,NotReferred,Null,False,False,False,False,True,False,895,False,False,False,False,False,False,4,0,0,0,0,False,True,0.0
1095545,20,6.0,6.0,1.0,0.0,120.0,7.0,6.0,39681,,23367,T20I Tri-Series in Zimbabwe - Men,1,22,Zimbabwe Men,25,New Zealand Men,2025-07-18T17:50:57Z,1,False,,,,463,Matt Henry,2653,Tony Munyonga,15596,Tinotenda Maposa,340,145,Deep Mid Wicket,1,0,1,1,,BackOfALength,OutsideOff,NotOut,MisTimed,BacksAway,Pull,OffCutter,Over,Fast,Right,Null,NotReferred,Null,False,False,False,False,False,False,215,False,False,False,False,False,False,1,0,0,0,0,False,False,0.0
1095545,20,6.0,6.0,1.0,0.0,120.0,7.0,6.0,39681,,23367,T20I Tri-Series in Zimbabwe - Men,1,22,Zimbabwe Men,25,New Zealand Men,2025-07-18T17:51:40Z,2,False,,,,463,Matt Henry,15596,Tinotenda Maposa,2653,Tony Munyonga,90,48,Wicketkeeper,1,0,1,1,,BackOfALength,Wide,NotOut,BottomEdge,BackFoot,Pull,OffCutter,Over,Fast,Right,Null,NotReferred,Null,False,False,False,False,False,False,215,False,False,False,False,False,False,1,0,0,0,0,False,False,0.0
1095545,20,6.0,6.0,1.0,0.0,120.0,7.0,6.0,39681,,23367,T20I Tri-Series in Zimbabwe - Men,1,22,Zimbabwe Men,25,New Zealand Men,2025-07-18T17:52:11Z,3,False,,,,463,Matt Henry,2653,Tony Munyonga,15596,Tinotenda Maposa,270,40,Bowler,0,0,0,0,,Yorker,OffStump,NotOut,None,BackFoot,Pushed,ReverseSwingIn,Over,Fast,Right,Null,NotReferred,Null,False,False,False,False,False,False,215,False,False,False,False,False,False,0,0,0,0,0,False,False,0.0
1095545,20,6.0,6.0,1.0,0.0,120.0,7.0,6.0,39681,,23367,T20I Tri-Series in Zimbabwe - Men,1,22,Zimbabwe Men,25,New Zealand Men,2025-07-18T17:52:40Z,4,False,,,,463,Matt Henry,2653,Tony Munyonga,15596,Tinotenda Maposa,261,159,Long Off,3,0,3,3,,BackOfALength,Wide,NotOut,MisTimed,BackFoot,Pull,OffCutter,Over,Fast,Right,Null,NotReferred,Null,False,False,False,False,False,False,215,False,False,False,False,False,False,3,0,0,0,0,False,False,3.0
1095545,20,6.0,6.0,1.0,0.0,120.0,7.0,6.0,39681,,23367,T20I Tri-Series in Zimbabwe - Men,1,22,Zimbabwe Men,25,New Zealand Men,2025-07-18T17:53:36Z,5,False,,,,463,Matt Henry,15596,Tinotenda Maposa,2653,Tony Munyonga,246,97,Mid Off,1,0,1,1,,BackOfALength,Wide,NotOut,MisTimed,BackFoot,Pull,NoMovement,Over,Fast,Right,Null,NotReferred,Null,False,False,False,False,False,False,215,False,False,False,False,False,False,1,0,0,0,0,False,False,0.0
1095545,20,6.0,6.0,1.0,0.0,120.0,7.0,6.0,39681,,23367,T20I Tri-Series in Zimbabwe - Men,1,22,Zimbabwe Men,25,New Zealand Men,2025-07-18T17:53:57Z,6,True,Caught,2653.0,Tony Munyonga,463,Matt Henry,2653,Tony Munyonga,15596,Tinotenda Maposa,355,140,Deep Square Leg,0,0,0,0,Caught,BackOfALength,OutsideOff,NotOut,MisTimed,BackFoot,Pull,OffCutter,Over,Fast,Right,Out2ndUmpire,NotReferred,Null,False,False,False,False,False,False,215,False,False,False,False,False,False,0,0,0,0,0,False,False,2.0
1095546,1,5.0,5.0,0.0,0.0,5.0,0.0,5.0,39682,,23367,T20I Tri-Series in Zimbabwe - Men,2,25,New Zealand Men,22,Zimbabwe Men,2025-07-18T18:13:56Z,1,False,,,,1827,Richard Ngarava,1838,Tim Seifert,3692,Devon Conway,105,50,First Slip,0,0,0,0,,LengthBall,OffStump,NotOut,OutsideEdge,BackFoot,Drive,InSwinger,Over,Fast,Left,Null,NotReferred,Null,False,False,False,False,False,False,895,False,True,True,False,False,False,0,0,0,0,0,False,False,
1095546,1,5.0,5.0,0.0,0.0,5.0,0.0,5.0,39682,,23367,T20I Tri-Series in Zimbabwe - Men,2,25,New Zealand Men,22,Zimbabwe Men,2025-07-18T18:14:46Z,2,False,,,,1827,Richard Ngarava,1838,Tim Seifert,3692,Devon Conway,20,143,Deep Backward Square Leg,1,0,1,1,,BackOfALength,MiddleStump,NotOut,None,BackFoot,Pull,InSwinger,Over,Fast,Left,Null,NotReferred,Null,False,False,False,False,False,False,895,False,False,True,False,False,False,1,0,0,0,0,False,False,
1095546,1,5.0,5.0,0.0,0.0,5.0,0.0,5.0,39682,,23367,T20I Tri-Series in Zimbabwe - Men,2,25,New Zealand Men,22,Zimbabwe Men,2025-07-18T18:15:31Z,3,False,,,,1827,Richard Ngarava,3692,Devon Conway,1838,Tim Seifert,180,103,Square Leg,1,0,1,1,,BackOfALength,OutsideOff,NotOut,MisTimed,BackFoot,Pull,AwaySwinger,Over,Fast,Left,Null,NotReferred,Null,False,False,False,False,False,False,895,False,False,True,False,False,False,1,0,0,0,0,False,False,
1095546,1,5.0,5.0,0.0,0.0,5.0,0.0,5.0,39682,,23367,T20I Tri-Series in Zimbabwe - Men,2,25,New Zealand Men,22,Zimbabwe Men,2025-07-18T18:16:14Z,4,False,,,,1827,Richard Ngarava,1838,Tim Seifert,3692,Devon Conway,166,144,Deep Backward Point,1,0,1,1,,LengthBall,OutsideOff,NotOut,None,BackFoot,Drive,InSwinger,Over,Fast,Left,Null,NotReferred,Null,False,False,False,False,False,False,895,False,False,True,False,False,False,1,0,0,0,0,False,False,
1095546,1,5.0,5.0,0.0,0.0,5.0,0.0,5.0,39682,,23367,T20I Tri-Series in Zimbabwe - Men,2,25,New Zealand Men,22,Zimbabwe Men,2025-07-18T18:16:55Z,5,False,,,,1827,Richard Ngarava,3692,Devon Conway,1838,Tim Seifert,16,97,Backward Point,1,0,1,1,,LengthBall,OutsideOff,NotOut,ThickEdge,BackFoot,Drive,AwaySwinger,Over,Fast,Left,Null,NotReferred,Null,False,False,False,False,False,False,895,False,False,True,False,False,False,1,0,0,0,0,False,False,
1095546,1,5.0,5.0,0.0,0.0,5.0,0.0,5.0,39682,,23367,T20I Tri-Series in Zimbabwe - Men,2,25,New Zealand Men,22,Zimbabwe Men,2025-07-18T18:17:44Z,6,False,,,,1827,Richard Ngarava,1838,Tim Seifert,3692,Devon Conway,296,94,Mid On,1,0,1,1,,LengthBall,MiddleStump,NotOut,None,BackFoot,Worked,InSwinger,Over,Fast,Left,Null,NotReferred,Null,False,False,False,False,False,False,895,False,False,True,False,False,False,1,0,0,0,0,False,False,
1095547,2,4.0,3.0,1.0,0.0,8.0,1.0,3.0,39682,,23367,T20I Tri-Series in Zimbabwe - Men,2,25,New Zealand Men,22,Zimbabwe Men,2025-07-18T18:18:43Z,1,True,Caught,1838.0,Tim Seifert,2572,Blessing Muzarabani,1838,Tim Seifert,3692,Devon Conway,200,79,Cover,0,0,0,0,Caught,BackOfALength,Wide,NotOut,MisTimed,BackFoot,Cut,NoMovement,Over,Fast,Right,Out2ndUmpire,NotReferred,Null,False,False,False,False,False,False,215,False,False,True,False,False,False,0,0,0,0,0,False,False,2.0
1095547,2,4.0,3.0,1.0,0.0,8.0,1.0,3.0,39682,,23367,T20I Tri-Series in Zimbabwe - Men,2,25,New Zealand Men,22,Zimbabwe Men,2025-07-18T18:20:50Z,2,False,,,,2572,Blessing Muzarabani,3154,Rachin Ravindra,3692,Devon Conway,90,48,Wicketkeeper,0,0,0,0,,LengthBall,DownLeg,Caught,Missed,BackFoot,Pushed,InSwinger,Over,Fast,Right,NotOut2ndUmpire,NotReferred,Null,False,False,False,False,False,True,215,False,False,True,False,False,False,0,0,0,0,0,False,False,0.0
1095547,2,4.0,3.0,1.0,0.0,8.0,1.0,3.0,39682,,23367,T20I Tri-Series in Zimbabwe - Men,2,25,New Zealand Men,22,Zimbabwe Men,2025-07-18T18:21:50Z,3,False,,,,2572,Blessing Muzarabani,3154,Rachin Ravindra,3692,Devon Conway,250,96,Mid On,1,0,1,1,,LengthBall,DownLeg,NotOut,None,BackFoot,Worked,InSwinger,Over,Fast,Right,Null,NotReferred,Null,False,False,False,False,False,False,215,False,False,True,False,False,False,1,0,0,0,0,False,False,0.0
1095547,2,4.0,3.0,1.0,0.0,8.0,1.0,3.0,39682,,23367,T20I Tri-Series in Zimbabwe - Men,2,25,New Zealand Men,22,Zimbabwe Men,2025-07-18T18:22:38Z,4,False,,,,2572,Blessing Muzarabani,3692,Devon Conway,3154,Rachin Ravindra,90,48,Wicketkeeper,0,0,0,0,,LengthBall,DownLeg,NotOut,Left,SwayedAway,Leave,SeamAway,Over,Fast,Right,Null,NotReferred,Null,False,False,False,False,False,False,215,False,False,True,False,False,False,0,0,0,0,0,False,False,0.0
1095547,2,4.0,3.0,1.0,0.0,8.0,1.0,3.0,39682,,23367,T20I Tri-Series in Zimbabwe - Men,2,25,New Zealand Men,22,Zimbabwe Men,2025-07-18T18:23:30Z,5,False,,,,2572,Blessing Muzarabani,3692,Devon Conway,3154,Rachin Ravindra,270,40,Bowler,0,0,0,0,,LengthBall,DownLeg,NotOut,None,BackFoot,Worked,NoMovement,Over,Fast,Right,Null,NotReferred,Null,False,False,False,False,False,False,215,False,False,True,False,False,False,0,0,0,0,0,False,False,0.0
1095547,2,4.0,3.0,1.0,0.0,8.0,1.0,3.0,39682,,23367,T20I Tri-Series in Zimbabwe - Men,2,25,New Zealand Men,22,Zimbabwe Men,2025-07-18T18:23:58Z,6,False,,,,2572,Blessing Muzarabani,3692,Devon Conway,3154,Rachin Ravindra,204,82,Mid Wicket,2,0,2,2,,LengthBall,DownLeg,NotOut,None,BackFoot,Worked,AwaySwinger,Over,Fast,Right,Null,NotReferred,Null,False,False,False,False,False,False,215,False,False,True,False,False,False,2,0,0,0,0,False,False,0.0
1095548,3,4.67,6.0,0.0,0.0,14.0,1.0,6.0,39682,,23367,T20I Tri-Series in Zimbabwe - Men,2,25,New Zealand Men,22,Zimbabwe Men,2025-07-18T18:25:09Z,1,False,,,,1827,Richard Ngarava,3154,Rachin Ravindra,3692,Devon Conway,90,48,Wicketkeeper,0,0,0,0,,LengthBall,OutsideOff,NotOut,Missed,FrontFoot,Flick,AwaySwinger,Over,Fast,Left,Null,NotReferred,Null,False,False,False,False,False,False,895,False,False,True,False,False,False,0,0,0,0,0,False,False,
1095548,3,4.67,6.0,0.0,0.0,14.0,1.0,6.0,39682,,23367,T20I Tri-Series in Zimbabwe - Men,2,25,New Zealand Men,22,Zimbabwe Men,2025-07-18T18:25:48Z,2,False,,,,1827,Richard Ngarava,3154,Rachin Ravindra,3692,Devon Conway,260,115,Mid On,1,0,1,1,,LengthBall,OffStump,NotOut,None,FrontFoot,Worked,InSwinger,Over,Fast,Left,Null,NotReferred,Null,False,False,False,False,True,False,895,False,False,True,False,False,False,1,0,0,0,0,False,False,
1095548,3,4.67,6.0,0.0,0.0,14.0,1.0,6.0,39682,,23367,T20I Tri-Series in Zimbabwe - Men,2,25,New Zealand Men,22,Zimbabwe Men,2025-07-18T18:26:32Z,3,False,,,,1827,Richard Ngarava,3692,Devon Conway,3154,Rachin Ravindra,90,48,Wicketkeeper,0,0,0,0,,BackOfALength,OutsideOff,Caught,Missed,DownTheTrack,Pushed,AwaySwinger,Over,Fast,Left,NotOut1stUmpire,NotReferred,Null,False,False,False,False,False,True,895,False,False,True,False,False,False,0,0,0,0,0,False,False,
1095548,3,4.67,6.0,0.0,0.0,14.0,1.0,6.0,39682,,23367,T20I Tri-Series in Zimbabwe - Men,2,25,New Zealand Men,22,Zimbabwe Men,2025-07-18T18:27:17Z,4,False,,,,1827,Richard Ngarava,3692,Devon Conway,3154,Rachin Ravindra,270,40,Bowler,0,0,0,0,,LengthBall,OffStump,NotOut,MisTimed,BackFoot,Worked,InSwinger,Over,Fast,Left,Null,NotReferred,Null,False,False,False,False,False,False,895,False,False,True,False,False,False,0,0,0,0,0,False,False,
1095548,3,4.67,6.0,0.0,0.0,14.0,1.0,6.0,39682,,23367,T20I Tri-Series in Zimbabwe - Men,2,25,New Zealand Men,22,Zimbabwe Men,2025-07-18T18:27:59Z,5,False,,,,1827,Richard Ngarava,3692,Devon Conway,3154,Rachin Ravindra,13,147,Deep Backward Point,1,0,1,1,,LengthBall,OutsideOff,NotOut,None,BackFoot,Cut,AwaySwinger,Over,Fast,Left,Null,NotReferred,Null,False,False,False,False,False,False,895,False,False,True,False,False,False,1,0,0,0,0,False,False,
1095548,3,4.67,6.0,0.0,0.0,14.0,1.0,6.0,39682,,23367,T20I Tri-Series in Zimbabwe - Men,2,25,New Zealand Men,22,Zimbabwe Men,2025-07-18T18:28:35Z,6,False,,,,1827,Richard Ngarava,3154,Rachin Ravindra,3692,Devon Conway,250,216,Long On,4,0,4,4,,BackOfALength,OutsideOff,NotOut,WellTimed,BackFoot,Pull,NoMovement,Over,Fast,Left,Null,NotReferred,Null,False,False,False,False,True,False,895,False,False,True,False,False,False,4,0,0,0,0,False,True,
1095549,4,4.75,5.0,0.0,0.0,19.0,1.0,5.0,39682,,23367,T20I Tri-Series in Zimbabwe - Men,2,25,New Zealand Men,22,Zimbabwe Men,2025-07-18T18:29:39Z,1,False,,,,2572,Blessing Muzarabani,3692,Devon Conway,3154,Rachin Ravindra,90,48,Wicketkeeper,0,0,0,0,,LengthBall,DownLeg,NotOut,Missed,FrontFoot,Slog,SeamAway,Over,Fast,Right,Null,NotReferred,Null,False,False,False,False,False,False,215,False,False,True,False,False,False,0,0,0,0,0,False,False,
1095549,4,4.75,5.0,0.0,0.0,19.0,1.0,5.0,39682,,23367,T20I Tri-Series in Zimbabwe - Men,2,25,New Zealand Men,22,Zimbabwe Men,2025-07-18T18:30:15Z,2,False,,,,2572,Blessing Muzarabani,3692,Devon Conway,3154,Rachin Ravindra,186,139,Deep Square Leg,2,0,2,2,,BackOfALength,DownLeg,NotOut,MisTimed,BackFoot,Pull,NoMovement,Over,Fast,Right,Null,NotReferred,Null,False,False,False,False,False,False,215,False,False,True,False,False,False,2,0,0,0,0,False,False,
1095549,4,4.75,5.0,0.0,0.0,19.0,1.0,5.0,39682,,23367,T20I Tri-Series in Zimbabwe - Men,2,25,New Zealand Men,22,Zimbabwe Men,2025-07-18T18:30:54Z,3,False,,,,2572,Blessing Muzarabani,3692,Devon Conway,3154,Rachin Ravindra,332,109,Extra Cover,1,0,1,1,,LengthBall,MiddleStump,NotOut,MisTimed,FrontFoot,Flick,AwaySwinger,Over,Fast,Right,Null,NotReferred,Null,False,False,False,False,False,False,215,False,False,True,False,False,False,1,0,0,0,0,False,False,
1095549,4,4.75,5.0,0.0,0.0,19.0,1.0,5.0,39682,,23367,T20I Tri-Series in Zimbabwe - Men,2,25,New Zealand Men,22,Zimbabwe Men,2025-07-18T18:31:45Z,4,False,,,,2572,Blessing Muzarabani,3154,Rachin Ravindra,3692,Devon Conway,358,97,Point,0,0,0,0,,LengthBall,DownLeg,NotOut,MisTimed,BackFoot,Drive,NoMovement,Over,Fast,Right,Null,NotReferred,Null,False,False,False,False,False,False,215,False,False,True,False,False,False,0,0,0,0,0,False,False,
1095549,4,4.75,5.0,0.0,0.0,19.0,1.0,5.0,39682,,23367,T20I Tri-Series in Zimbabwe - Men,2,25,New Zealand Men,22,Zimbabwe Men,2025-07-18T18:32:22Z,5,False,,,,2572,Blessing Muzarabani,3154,Rachin Ravindra,3692,Devon Conway,218,58,Short Mid Wicket,0,0,0,0,,HalfVolley,DownLeg,NotOut,MisTimed,FrontFoot,Flick,NoMovement,Over,Fast,Right,Null,NotReferred,Null,False,False,False,False,False,False,215,False,False,True,False,False,False,0,0,0,0,0,False,False,
1095549,4,4.75,5.0,0.0,0.0,19.0,1.0,5.0,39682,,23367,T20I Tri-Series in Zimbabwe - Men,2,25,New Zealand Men,22,Zimbabwe Men,2025-07-18T18:33:06Z,6,False,,,,2572,Blessing Muzarabani,3154,Rachin Ravindra,3692,Devon Conway,323,158,Deep Extra Cover,2,0,2,2,,LengthBall,OutsideOff,NotOut,MisTimed,FrontFoot,Drive,AwaySwinger,Over,Fast,Right,Null,NotReferred,Null,False,False,False,False,False,False,215,False,False,True,False,False,False,2,0,0,0,0,False,False,
1095550,5,6.4,13.0,0.0,0.0,32.0,1.0,13.0,39682,,23367,T20I Tri-Series in Zimbabwe - Men,2,25,New Zealand Men,22,Zimbabwe Men,2025-07-18T18:34:23Z,1,False,,,,14560,Trevor Gwandu,3692,Devon Conway,3154,Rachin Ravindra,289,96,Mid Off,1,0,1,1,,LengthBall,DownLeg,NotOut,None,BackFoot,Pushed,NoMovement,Over,Fast,Right,Null,NotReferred,Null,False,False,False,False,False,False,895,False,False,True,False,False,False,1,0,0,0,0,False,False,
1095550,5,6.4,13.0,0.0,0.0,32.0,1.0,13.0,39682,,23367,T20I Tri-Series in Zimbabwe - Men,2,25,New Zealand Men,22,Zimbabwe Men,2025-07-18T18:35:13Z,2,False,,,,14560,Trevor Gwandu,3154,Rachin Ravindra,3692,Devon Conway,270,40,Bowler,0,0,0,0,,BackOfALength,OffStump,NotOut,MisTimed,FrontFoot,Cut,NoMovement,Over,Fast,Right,Null,NotReferred,Null,False,False,False,False,False,False,895,False,False,True,False,False,False,0,0,0,0,0,False,False,
1095550,5,6.4,13.0,0.0,0.0,32.0,1.0,13.0,39682,,23367,T20I Tri-Series in Zimbabwe - Men,2,25,New Zealand Men,22,Zimbabwe Men,2025-07-18T18:35:57Z,3,False,,,,14560,Trevor Gwandu,3154,Rachin Ravindra,3692,Devon Conway,339,98,Cover,0,0,0,0,,LengthBall,DownLeg,NotOut,None,FrontFoot,Drive,NoMovement,Over,Fast,Right,Null,NotReferred,Null,False,False,False,False,False,False,895,False,False,True,False,False,False,0,0,0,0,0,False,False,
1095550,5,6.4,13.0,0.0,0.0,32.0,1.0,13.0,39682,,23367,T20I Tri-Series in Zimbabwe - Men,2,25,New Zealand Men,22,Zimbabwe Men,2025-07-18T18:36:34Z,4,False,,,,14560,Trevor Gwandu,3154,Rachin Ravindra,3692,Devon Conway,117,182,Fine Leg,4,0,4,4,,Short,DownLeg,NotOut,TopEdge,BackFoot,Pull,NoMovement,Over,Fast,Right,Null,NotReferred,Null,False,False,False,False,False,False,895,False,False,True,False,False,False,4,0,0,0,0,False,True,
1095550,5,6.4,13.0,0.0,0.0,32.0,1.0,13.0,39682,,23367,T20I Tri-Series in Zimbabwe - Men,2,25,New Zealand Men,22,Zimbabwe Men,2025-07-18T18:37:22Z,5,False,,,,14560,Trevor Gwandu,3154,Rachin Ravindra,3692,Devon Conway,204,195,Deep Mid Wicket,4,0,4,4,,BackOfALength,DownLeg,NotOut,WellTimed,FrontFoot,Pull,NoMovement,Over,Fast,Right,Null,NotReferred,Null,False,False,False,False,True,False,895,False,False,True,False,False,False,4,0,0,0,0,False,True,
1095550,5,6.4,13.0,0.0,0.0,32.0,1.0,13.0,39682,,23367,T20I Tri-Series in Zimbabwe - Men,2,25,New Zealand Men,22,Zimbabwe Men,2025-07-18T18:38:04Z,6,False,,,,14560,Trevor Gwandu,3154,Rachin Ravindra,3692,Devon Conway,165,188,Deep Backward Square Leg,4,0,4,4,,Short,DownLeg,NotOut,WellTimed,BackFoot,Pull,NoMovement,Over,Fast,Right,Null,NotReferred,Null,False,False,False,False,True,False,895,False,False,True,False,False,False,4,0,0,0,0,False,True,
1095551,6,7.17,11.0,0.0,0.0,43.0,1.0,11.0,39682,,23367,T20I Tri-Series in Zimbabwe - Men,2,25,New Zealand Men,22,Zimbabwe Men,2025-07-18T18:39:17Z,1,False,,,,2572,Blessing Muzarabani,3692,Devon Conway,3154,Rachin Ravindra,90,48,Wicketkeeper,0,0,0,0,,LengthBall,DownLeg,NotOut,Missed,MovesInfront,Scoop,NoMovement,Over,Fast,Right,Null,NotReferred,Null,False,False,False,False,False,False,215,False,False,True,False,False,False,0,0,0,0,0,False,False,0.0
1095551,6,7.17,11.0,0.0,0.0,43.0,1.0,11.0,39682,,23367,T20I Tri-Series in Zimbabwe - Men,2,25,New Zealand Men,22,Zimbabwe Men,2025-07-18T18:39:59Z,2,False,,,,2572,Blessing Muzarabani,3692,Devon Conway,3154,Rachin Ravindra,291,105,Mid Off,0,0,0,0,,LengthBall,MiddleStump,NotOut,MisTimed,FrontFoot,Drive,NoMovement,Over,Fast,Right,Null,NotReferred,Null,False,False,False,False,False,False,215,False,False,True,False,False,False,0,0,0,0,0,False,False,0.0
1095551,6,7.17,11.0,0.0,0.0,43.0,1.0,11.0,39682,,23367,T20I Tri-Series in Zimbabwe - Men,2,25,New Zealand Men,22,Zimbabwe Men,2025-07-18T18:40:35Z,3,False,,,,2572,Blessing Muzarabani,3692,Devon Conway,3154,Rachin Ravindra,109,197,Fine Leg,4,0,4,4,,LengthBall,DownLeg,NotOut,TopEdge,FrontFoot,Slog,NoMovement,Over,Fast,Right,Null,NotReferred,Null,False,False,False,False,False,False,215,False,False,True,False,False,False,4,0,0,0,0,False,True,0.0
1095551,6,7.17,11.0,0.0,0.0,43.0,1.0,11.0,39682,,23367,T20I Tri-Series in Zimbabwe - Men,2,25,New Zealand Men,22,Zimbabwe Men,2025-07-18T18:41:13Z,4,False,,,,2572,Blessing Muzarabani,3692,Devon Conway,3154,Rachin Ravindra,17,95,Backward Point,1,0,1,1,,LengthBall,LegStump,NotOut,MisTimed,BackFoot,Cut,OffCutter,Over,Fast,Right,Null,NotReferred,Null,False,False,False,False,False,False,215,False,False,True,False,False,False,1,0,0,0,0,False,False,0.0
1095551,6,7.17,11.0,0.0,0.0,43.0,1.0,11.0,39682,,23367,T20I Tri-Series in Zimbabwe - Men,2,25,New Zealand Men,22,Zimbabwe Men,2025-07-18T18:41:55Z,5,False,,,,2572,Blessing Muzarabani,3154,Rachin Ravindra,3692,Devon Conway,353,190,Deep Point,6,0,6,6,,LengthBall,Wide,NotOut,WellTimed,FrontFoot,Drive,NoMovement,Over,Fast,Right,Null,NotReferred,Null,False,False,False,False,True,False,215,False,False,True,False,False,False,6,0,0,0,0,False,True,0.0
1095551,6,7.17,11.0,0.0,0.0,43.0,1.0,11.0,39682,,23367,T20I Tri-Series in Zimbabwe - Men,2,25,New Zealand Men,22,Zimbabwe Men,2025-07-18T18:42:39Z,6,False,,,,2572,Blessing Muzarabani,3154,Rachin Ravindra,3692,Devon Conway,316,57,Short Extra Cover,0,0,0,0,,LengthBall,DownLeg,NotOut,None,BackFoot,Pushed,NoMovement,Over,Fast,Right,Null,NotReferred,Null,False,False,False,False,False,False,215,False,False,True,False,False,False,0,0,0,0,0,False,False,0.0
1095552,7,7.71,9.0,0.0,2.0,54.0,1.0,11.0,39682,,23367,T20I Tri-Series in Zimbabwe - Men,2,25,New Zealand Men,22,Zimbabwe Men,2025-07-18T18:44:05Z,1,False,,,,15596,Tinotenda Maposa,3692,Devon Conway,3154,Rachin Ravindra,112,194,Fine Leg,4,0,4,4,,Short,DownLeg,NotOut,TopEdge,BackFoot,Pull,SeamAway,Over,Medium,Right,Null,NotReferred,Null,False,False,False,False,False,False,895,False,False,False,False,False,False,4,0,0,0,0,False,True,0.0
1095552,7,7.71,9.0,0.0,2.0,54.0,1.0,11.0,39682,,23367,T20I Tri-Series in Zimbabwe - Men,2,25,New Zealand Men,22,Zimbabwe Men,2025-07-18T18:44:52Z,2,False,,,,15596,Tinotenda Maposa,3692,Devon Conway,3154,Rachin Ravindra,19,139,Deep Backward Point,2,0,2,2,,LengthBall,DownLeg,NotOut,None,BackFoot,Drive,NoMovement,Over,Medium,Right,Null,NotReferred,Null,False,False,False,False,False,False,895,False,False,False,False,False,False,2,0,0,0,0,False,False,0.0
1095552,7,7.71,9.0,0.0,2.0,54.0,1.0,11.0,39682,,23367,T20I Tri-Series in Zimbabwe - Men,2,25,New Zealand Men,22,Zimbabwe Men,2025-07-18T18:45:31Z,3,False,,,,15596,Tinotenda Maposa,3692,Devon Conway,3154,Rachin Ravindra,199,141,Deep Mid Wicket,1,0,1,1,,HalfVolley,DownLeg,NotOut,None,FrontFoot,Flick,SlowerBall,Over,Medium,Right,Null,NotReferred,Null,False,False,False,False,False,False,895,False,False,False,False,False,False,1,0,0,0,0,False,False,0.0
1095552,7,7.71,9.0,0.0,2.0,54.0,1.0,11.0,39682,,23367,T20I Tri-Series in Zimbabwe - Men,2,25,New Zealand Men,22,Zimbabwe Men,2025-07-18T18:46:13Z,4,False,,,,15596,Tinotenda Maposa,3154,Rachin Ravindra,3692,Devon Conway,68,135,Third Man,1,0,1,1,,LengthBall,DownLeg,NotOut,TopEdge,BackFoot,Cut,NoMovement,Over,Medium,Right,Null,NotReferred,Null,False,False,False,False,False,False,895,False,False,False,False,False,False,1,0,0,0,0,False,False,0.0
1095552,7,7.71,9.0,0.0,2.0,54.0,1.0,11.0,39682,,23367,T20I Tri-Series in Zimbabwe - Men,2,25,New Zealand Men,22,Zimbabwe Men,2025-07-18T18:46:46Z,5,False,,,,15596,Tinotenda Maposa,3692,Devon Conway,3154,Rachin Ravindra,70,143,Third Man,0,2,2,0,,LengthBall,MiddleStump,NotOut,Missed,FrontFoot,Drive,SeamAway,Over,Medium,Right,Null,NotReferred,Null,False,False,True,False,False,False,895,False,False,False,False,False,False,2,2,0,0,0,False,False,0.0
1095552,7,7.71,9.0,0.0,2.0,54.0,1.0,11.0,39682,,23367,T20I Tri-Series in Zimbabwe - Men,2,25,New Zealand Men,22,Zimbabwe Men,2025-07-18T18:47:39Z,6,False,,,,15596,Tinotenda Maposa,3692,Devon Conway,3154,Rachin Ravindra,339,144,Deep Cover,1,0,1,1,,LengthBall,DownLeg,NotOut,MisTimed,DownTheTrack,Drive,NoMovement,Over,Medium,Right,Null,NotReferred,Null,False,False,False,False,False,False,895,False,False,False,False,False,False,1,0,0,0,0,False,False,0.0
1095553,8,7.62,7.0,0.0,0.0,61.0,1.0,7.0,39682,,23367,T20I Tri-Series in Zimbabwe - Men,2,25,New Zealand Men,22,Zimbabwe Men,2025-07-18T18:48:41Z,1,False,,,,1186,Sikandar Raza,3692,Devon Conway,3154,Rachin Ravindra,58,70,Second Slip,0,0,0,0,,LengthBall,Wide,NotOut,None,FrontFoot,Steer,OffBreak,Round,OffSpin,Right,Null,NotReferred,Null,False,False,False,False,False,False,215,False,False,False,False,False,False,0,0,0,0,0,False,False,0.0
1095553,8,7.62,7.0,0.0,0.0,61.0,1.0,7.0,39682,,23367,T20I Tri-Series in Zimbabwe - Men,2,25,New Zealand Men,22,Zimbabwe Men,2025-07-18T18:49:06Z,2,False,,,,1186,Sikandar Raza,3692,Devon Conway,3154,Rachin Ravindra,341,139,Deep Cover,2,0,2,2,,LengthBall,Wide,NotOut,None,BackFoot,Cut,OffBreak,Round,OffSpin,Right,Null,NotReferred,Null,False,False,False,False,False,False,215,False,False,False,False,False,False,2,0,0,0,0,False,False,0.0
1095553,8,7.62,7.0,0.0,0.0,61.0,1.0,7.0,39682,,23367,T20I Tri-Series in Zimbabwe - Men,2,25,New Zealand Men,22,Zimbabwe Men,2025-07-18T18:49:30Z,3,False,,,,1186,Sikandar Raza,3692,Devon Conway,3154,Rachin Ravindra,336,135,Deep Cover,2,0,2,2,,LengthBall,Wide,NotOut,None,FrontFoot,Drive,OffBreak,Round,OffSpin,Right,Null,NotReferred,Null,False,False,False,False,False,False,215,False,False,False,False,False,False,2,0,0,0,0,False,False,0.0
1095553,8,7.62,7.0,0.0,0.0,61.0,1.0,7.0,39682,,23367,T20I Tri-Series in Zimbabwe - Men,2,25,New Zealand Men,22,Zimbabwe Men,2025-07-18T18:50:10Z,4,False,,,,1186,Sikandar Raza,3692,Devon Conway,3154,Rachin Ravindra,325,165,Deep Extra Cover,1,0,1,1,,LengthBall,OutsideOff,NotOut,None,BackFoot,Drive,OffBreak,Round,OffSpin,Right,Null,NotReferred,Null,False,False,False,False,False,False,215,False,False,False,False,False,False,1,0,0,0,0,False,False,0.0
1095553,8,7.62,7.0,0.0,0.0,61.0,1.0,7.0,39682,,23367,T20I Tri-Series in Zimbabwe - Men,2,25,New Zealand Men,22,Zimbabwe Men,2025-07-18T18:50:42Z,5,False,,,,1186,Sikandar Raza,3154,Rachin Ravindra,3692,Devon Conway,253,149,Long On,1,0,1,1,,LengthBall,OutsideOff,NotOut,None,BackFoot,Pull,OffBreak,Round,OffSpin,Right,Null,NotReferred,Null,False,False,False,False,False,False,215,False,False,False,False,False,False,1,0,0,0,0,False,False,0.0
1095553,8,7.62,7.0,0.0,0.0,61.0,1.0,7.0,39682,,23367,T20I Tri-Series in Zimbabwe - Men,2,25,New Zealand Men,22,Zimbabwe Men,2025-07-18T18:51:13Z,6,False,,,,1186,Sikandar Raza,3692,Devon Conway,3154,Rachin Ravindra,16,143,Deep Backward Point,1,0,1,1,,LengthBall,Wide,NotOut,None,BackFoot,Cut,OffBreak,Round,OffSpin,Right,Null,NotReferred,Null,False,False,False,False,False,False,215,False,False,False,False,False,False,1,0,0,0,0,False,False,0.0
1095554,9,7.67,8.0,1.0,0.0,69.0,2.0,8.0,39682,,23367,T20I Tri-Series in Zimbabwe - Men,2,25,New Zealand Men,22,Zimbabwe Men,2025-07-18T18:53:11Z,1,False,,,,15596,Tinotenda Maposa,3692,Devon Conway,3154,Rachin Ravindra,121,138,Fine Leg,1,0,1,1,,Short,DownLeg,NotOut,TopEdge,BackFoot,Pull,NoMovement,Over,Medium,Right,Null,NotReferred,Null,False,False,False,False,False,False,895,False,False,False,False,False,False,1,0,0,0,0,False,False,0.0
1095554,9,7.67,8.0,1.0,0.0,69.0,2.0,8.0,39682,,23367,T20I Tri-Series in Zimbabwe - Men,2,25,New Zealand Men,22,Zimbabwe Men,2025-07-18T18:53:55Z,2,False,,,,15596,Tinotenda Maposa,3154,Rachin Ravindra,3692,Devon Conway,18,150,Deep Backward Point,2,0,2,2,,BackOfALength,MiddleStump,NotOut,None,BackFoot,Cut,NoMovement,Over,Medium,Right,Null,NotReferred,Null,False,False,False,False,True,False,895,False,False,False,False,False,False,2,0,0,0,0,False,False,0.0
1095554,9,7.67,8.0,1.0,0.0,69.0,2.0,8.0,39682,,23367,T20I Tri-Series in Zimbabwe - Men,2,25,New Zealand Men,22,Zimbabwe Men,2025-07-18T18:55:09Z,3,True,Caught,3154.0,Rachin Ravindra,15596,Tinotenda Maposa,3154,Rachin Ravindra,3692,Devon Conway,62,141,Third Man,0,0,0,0,Caught,Short,DownLeg,NotOut,MisTimed,BackFoot,UpperCut,NoMovement,Over,Medium,Right,Out3rdUmpire,NotReferred,Null,False,False,False,False,False,False,963,False,False,False,False,False,False,0,0,0,0,0,False,False,2.0
1095554,9,7.67,8.0,1.0,0.0,69.0,2.0,8.0,39682,,23367,T20I Tri-Series in Zimbabwe - Men,2,25,New Zealand Men,22,Zimbabwe Men,2025-07-18T18:57:05Z,4,False,,,,15596,Tinotenda Maposa,2242,Daryl Mitchell,3692,Devon Conway,90,48,Wicketkeeper,0,0,0,0,,LengthBall,Wide,NotOut,Missed,FrontFoot,Drive,NoMovement,Over,Medium,Right,Null,NotReferred,Null,False,False,False,False,False,False,895,False,False,False,False,False,False,0,0,0,0,0,False,False,0.0
1095554,9,7.67,8.0,1.0,0.0,69.0,2.0,8.0,39682,,23367,T20I Tri-Series in Zimbabwe - Men,2,25,New Zealand Men,22,Zimbabwe Men,2025-07-18T18:57:43Z,5,False,,,,15596,Tinotenda Maposa,2242,Daryl Mitchell,3692,Devon Conway,167,85,Backward Point,1,0,1,1,,LengthBall,Wide,NotOut,None,BackFoot,Drive,SeamIn,Over,Medium,Right,Null,NotReferred,Null,False,False,False,False,False,False,895,False,False,False,False,False,False,1,0,0,0,0,False,False,0.0
1095554,9,7.67,8.0,1.0,0.0,69.0,2.0,8.0,39682,,23367,T20I Tri-Series in Zimbabwe - Men,2,25,New Zealand Men,22,Zimbabwe Men,2025-07-18T18:58:30Z,6,False,,,,15596,Tinotenda Maposa,3692,Devon Conway,2242,Daryl Mitchell,18,198,Deep Backward Point,4,0,4,4,,LengthBall,OutsideOff,NotOut,WellTimed,BackFoot,Cut,NoMovement,Over,Medium,Right,Null,NotReferred,Null,False,False,False,False,True,False,895,False,False,False,False,False,False,4,0,0,0,0,False,True,0.0
1095555,10,7.4,5.0,0.0,0.0,74.0,2.0,5.0,39682,,23367,T20I Tri-Series in Zimbabwe - Men,2,25,New Zealand Men,22,Zimbabwe Men,2025-07-18T18:59:25Z,1,False,,,,1186,Sikandar Raza,2242,Daryl Mitchell,3692,Devon Conway,163,89,Backward Point,1,0,1,1,,LengthBall,OutsideOff,NotOut,None,FrontFoot,ReverseSweep,OffBreak,Over,OffSpin,Right,Null,NotReferred,Null,False,False,False,False,False,False,215,False,False,False,False,False,False,1,0,0,0,0,False,False,
1095555,10,7.4,5.0,0.0,0.0,74.0,2.0,5.0,39682,,23367,T20I Tri-Series in Zimbabwe - Men,2,25,New Zealand Men,22,Zimbabwe Men,2025-07-18T18:59:58Z,2,False,,,,1186,Sikandar Raza,3692,Devon Conway,2242,Daryl Mitchell,261,156,Long On,1,0,1,1,,LengthBall,OutsideOff,NotOut,None,BackFoot,Drive,OffBreak,Round,OffSpin,Right,Null,NotReferred,Null,False,False,False,False,False,False,215,False,False,False,False,False,False,1,0,0,0,0,False,False,
1095555,10,7.4,5.0,0.0,0.0,74.0,2.0,5.0,39682,,23367,T20I Tri-Series in Zimbabwe - Men,2,25,New Zealand Men,22,Zimbabwe Men,2025-07-18T19:00:22Z,3,False,,,,1186,Sikandar Raza,2242,Daryl Mitchell,3692,Devon Conway,163,90,Backward Point,0,0,0,0,,LengthBall,OutsideOff,NotOut,None,FrontFoot,ReverseSweep,OffBreak,Over,OffSpin,Right,Null,NotReferred,Null,False,False,False,False,False,False,215,False,False,False,False,False,False,0,0,0,0,0,False,False,
1095555,10,7.4,5.0,0.0,0.0,74.0,2.0,5.0,39682,,23367,T20I Tri-Series in Zimbabwe - Men,2,25,New Zealand Men,22,Zimbabwe Men,2025-07-18T19:00:42Z,4,False,,,,1186,Sikandar Raza,2242,Daryl Mitchell,3692,Devon Conway,356,142,Deep Square Leg,2,0,2,2,,LengthBall,OutsideOff,NotOut,None,FrontFoot,Worked,OffBreak,Over,OffSpin,Right,Null,NotReferred,Null,False,False,False,False,False,False,215,False,False,False,False,False,False,2,0,0,0,0,False,False,
1095555,10,7.4,5.0,0.0,0.0,74.0,2.0,5.0,39682,,23367,T20I Tri-Series in Zimbabwe - Men,2,25,New Zealand Men,22,Zimbabwe Men,2025-07-18T19:01:18Z,5,False,,,,1186,Sikandar Raza,2242,Daryl Mitchell,3692,Devon Conway,270,40,Bowler,0,0,0,0,,LengthBall,OutsideOff,NotOut,None,FrontFoot,Worked,OffBreak,Over,OffSpin,Right,Null,NotReferred,Null,False,False,False,False,False,False,215,False,False,False,False,False,False,0,0,0,0,0,False,False,
1095555,10,7.4,5.0,0.0,0.0,74.0,2.0,5.0,39682,,23367,T20I Tri-Series in Zimbabwe - Men,2,25,New Zealand Men,22,Zimbabwe Men,2025-07-18T19:01:37Z,6,False,,,,1186,Sikandar Raza,2242,Daryl Mitchell,3692,Devon Conway,19,144,Deep Backward Square Leg,1,0,1,1,,LengthBall,OffStump,NotOut,None,BackFoot,Pull,OffBreak,Over,OffSpin,Right,Null,NotReferred,Null,False,False,False,False,False,False,215,False,False,False,False,False,False,1,0,0,0,0,False,False,
1095556,11,8.0,14.0,0.0,0.0,88.0,2.0,14.0,39682,,23367,T20I Tri-Series in Zimbabwe - Men,2,25,New Zealand Men,22,Zimbabwe Men,2025-07-18T19:02:39Z,1,False,,,,1827,Richard Ngarava,2242,Daryl Mitchell,3692,Devon Conway,181,80,Point,1,0,1,1,,LengthBall,Wide,NotOut,MisTimed,FrontFoot,Drive,NoMovement,Over,Fast,Left,Null,NotReferred,Null,False,False,False,False,False,False,895,False,False,False,False,False,False,1,0,0,0,0,False,False,
1095556,11,8.0,14.0,0.0,0.0,88.0,2.0,14.0,39682,,23367,T20I Tri-Series in Zimbabwe - Men,2,25,New Zealand Men,22,Zimbabwe Men,2025-07-18T19:03:29Z,2,False,,,,1827,Richard Ngarava,3692,Devon Conway,2242,Daryl Mitchell,210,215,Deep Mid Wicket,6,0,6,6,,LengthBall,OutsideOff,NotOut,WellTimed,FrontFoot,Slog,NoMovement,Over,Fast,Left,Null,NotReferred,Null,False,False,False,False,True,False,895,False,False,False,False,False,False,6,0,0,0,0,False,True,
1095556,11,8.0,14.0,0.0,0.0,88.0,2.0,14.0,39682,,23367,T20I Tri-Series in Zimbabwe - Men,2,25,New Zealand Men,22,Zimbabwe Men,2025-07-18T19:04:16Z,3,False,,,,1827,Richard Ngarava,3692,Devon Conway,2242,Daryl Mitchell,198,143,Deep Mid Wicket,1,0,1,1,,BackOfALength,OutsideOff,NotOut,MisTimed,BackFoot,Pull,OffCutter,Over,Fast,Left,Null,NotReferred,Null,False,False,False,False,False,False,895,False,False,False,False,False,False,1,0,0,0,0,False,False,
1095556,11,8.0,14.0,0.0,0.0,88.0,2.0,14.0,39682,,23367,T20I Tri-Series in Zimbabwe - Men,2,25,New Zealand Men,22,Zimbabwe Men,2025-07-18T19:04:59Z,4,False,,,,1827,Richard Ngarava,2242,Daryl Mitchell,3692,Devon Conway,212,145,Deep Extra Cover,1,0,1,1,,LengthBall,OutsideOff,NotOut,MisTimed,FrontFoot,Cut,NoMovement,Over,Fast,Left,Null,NotReferred,Null,False,False,False,False,False,False,895,False,False,False,False,False,False,1,0,0,0,0,False,False,
1095556,11,8.0,14.0,0.0,0.0,88.0,2.0,14.0,39682,,23367,T20I Tri-Series in Zimbabwe - Men,2,25,New Zealand Men,22,Zimbabwe Men,2025-07-18T19:05:38Z,5,False,,,,1827,Richard Ngarava,3692,Devon Conway,2242,Daryl Mitchell,160,132,Deep Backward Square Leg,1,0,1,1,,BackOfALength,OutsideOff,NotOut,None,BackFoot,Pull,NoMovement,Over,Fast,Left,Null,NotReferred,Null,False,False,False,False,True,False,895,False,False,False,False,False,False,1,0,0,0,0,False,False,
1095556,11,8.0,14.0,0.0,0.0,88.0,2.0,14.0,39682,,23367,T20I Tri-Series in Zimbabwe - Men,2,25,New Zealand Men,22,Zimbabwe Men,2025-07-18T19:06:21Z,6,False,,,,1827,Richard Ngarava,2242,Daryl Mitchell,3692,Devon Conway,21,191,Deep Backward Square Leg,4,0,4,4,,Short,DownLeg,NotOut,WellTimed,BackFoot,Pull,NoMovement,Over,Fast,Left,Null,NotReferred,Null,False,False,False,False,True,False,895,False,False,False,False,False,False,4,0,0,0,0,False,True,
1095557,12,8.25,11.0,0.0,0.0,99.0,2.0,11.0,39682,,23367,T20I Tri-Series in Zimbabwe - Men,2,25,New Zealand Men,22,Zimbabwe Men,2025-07-18T19:07:28Z,1,False,,,,1186,Sikandar Raza,3692,Devon Conway,2242,Daryl Mitchell,263,204,Long On,6,0,6,6,,LengthBall,OffStump,NotOut,Middled,DownTheTrack,Slog,OffBreak,Round,OffSpin,Right,Null,NotReferred,Null,False,False,False,False,True,False,215,False,False,False,False,False,False,6,0,0,0,0,False,True,0.0
1095557,12,8.25,11.0,0.0,0.0,99.0,2.0,11.0,39682,,23367,T20I Tri-Series in Zimbabwe - Men,2,25,New Zealand Men,22,Zimbabwe Men,2025-07-18T19:08:18Z,2,False,,,,1186,Sikandar Raza,3692,Devon Conway,2242,Daryl Mitchell,339,138,Deep Cover,2,0,2,2,,LengthBall,OutsideOff,NotOut,None,BackFoot,Drive,OffBreak,Round,OffSpin,Right,Null,NotReferred,Null,False,False,False,False,False,False,215,False,False,False,False,False,False,2,0,0,0,0,False,False,0.0
1095557,12,8.25,11.0,0.0,0.0,99.0,2.0,11.0,39682,,23367,T20I Tri-Series in Zimbabwe - Men,2,25,New Zealand Men,22,Zimbabwe Men,2025-07-18T19:09:18Z,3,False,,,,1186,Sikandar Raza,3692,Devon Conway,2242,Daryl Mitchell,184,89,Square Leg,1,0,1,1,,LengthBall,OutsideOff,NotOut,None,BackFoot,Worked,OffBreak,Round,OffSpin,Right,Null,NotReferred,Null,False,False,False,False,False,False,215,False,False,False,False,False,False,1,0,0,0,0,False,False,0.0
1095557,12,8.25,11.0,0.0,0.0,99.0,2.0,11.0,39682,,23367,T20I Tri-Series in Zimbabwe - Men,2,25,New Zealand Men,22,Zimbabwe Men,2025-07-18T19:09:27Z,4,False,,,,1186,Sikandar Raza,2242,Daryl Mitchell,3692,Devon Conway,319,61,Short Mid Wicket,0,0,0,0,,LengthBall,OutsideOff,NotOut,MisTimed,DownTheTrack,Worked,CarromBall,Over,OffSpin,Right,Null,NotReferred,Null,False,False,False,False,False,False,215,False,False,False,False,False,False,0,0,0,0,0,False,False,0.0
1095557,12,8.25,11.0,0.0,0.0,99.0,2.0,11.0,39682,,23367,T20I Tri-Series in Zimbabwe - Men,2,25,New Zealand Men,22,Zimbabwe Men,2025-07-18T19:09:44Z,5,False,,,,1186,Sikandar Raza,2242,Daryl Mitchell,3692,Devon Conway,287,155,Long On,1,0,1,1,,BackOfALength,OutsideOff,NotOut,None,BacksAway,Pull,Flipper,Over,OffSpin,Right,Null,NotReferred,Null,False,False,False,False,True,False,215,False,False,False,False,False,False,1,0,0,0,0,False,False,0.0
1095557,12,8.25,11.0,0.0,0.0,99.0,2.0,11.0,39682,,23367,T20I Tri-Series in Zimbabwe - Men,2,25,New Zealand Men,22,Zimbabwe Men,2025-07-18T19:10:09Z,6,False,,,,1186,Sikandar Raza,3692,Devon Conway,2242,Daryl Mitchell,250,153,Long On,1,0,1,1,,HalfVolley,MiddleStump,NotOut,None,BackFoot,Worked,OffBreak,Round,OffSpin,Right,Null,NotReferred,Null,False,False,False,False,False,False,215,False,False,False,False,False,False,1,0,0,0,0,False,False,0.0
1095558,13,8.23,8.0,0.0,0.0,107.0,2.0,8.0,39682,,23367,T20I Tri-Series in Zimbabwe - Men,2,25,New Zealand Men,22,Zimbabwe Men,2025-07-18T19:11:14Z,1,False,,,,2572,Blessing Muzarabani,3692,Devon Conway,2242,Daryl Mitchell,22,135,Deep Backward Point,1,0,1,1,,LengthBall,LegStump,NotOut,None,BackFoot,Cut,NoMovement,Over,Fast,Right,Null,NotReferred,Null,False,False,False,False,True,False,895,False,False,False,False,False,False,1,0,0,0,0,False,False,0.0
1095558,13,8.23,8.0,0.0,0.0,107.0,2.0,8.0,39682,,23367,T20I Tri-Series in Zimbabwe - Men,2,25,New Zealand Men,22,Zimbabwe Men,2025-07-18T19:12:00Z,2,False,,,,2572,Blessing Muzarabani,2242,Daryl Mitchell,3692,Devon Conway,342,145,Deep Mid Wicket,2,0,2,2,,LengthBall,OutsideOff,NotOut,Missed,BackFoot,Worked,NoMovement,Over,Fast,Right,Null,NotReferred,Null,False,False,False,False,False,False,895,False,False,False,False,False,False,2,0,0,0,0,False,False,0.0
1095558,13,8.23,8.0,0.0,0.0,107.0,2.0,8.0,39682,,23367,T20I Tri-Series in Zimbabwe - Men,2,25,New Zealand Men,22,Zimbabwe Men,2025-07-18T19:12:45Z,3,False,,,,2572,Blessing Muzarabani,2242,Daryl Mitchell,3692,Devon Conway,70,119,Fine Leg,2,0,2,2,,Short,Wide,NotOut,TopEdge,BackFoot,Pull,NoMovement,Over,Fast,Right,Null,NotReferred,Null,False,False,False,False,False,False,895,False,False,False,False,False,False,2,0,0,0,0,False,False,0.0
1095558,13,8.23,8.0,0.0,0.0,107.0,2.0,8.0,39682,,23367,T20I Tri-Series in Zimbabwe - Men,2,25,New Zealand Men,22,Zimbabwe Men,2025-07-18T19:13:35Z,4,False,,,,2572,Blessing Muzarabani,2242,Daryl Mitchell,3692,Devon Conway,358,148,Deep Square Leg,1,0,1,1,,LengthBall,OutsideOff,NotOut,MisTimed,FrontFoot,Slog,OffCutter,Over,Fast,Right,Null,NotReferred,Null,False,False,False,False,False,False,895,False,False,False,False,False,False,1,0,0,0,0,False,False,0.0
1095558,13,8.23,8.0,0.0,0.0,107.0,2.0,8.0,39682,,23367,T20I Tri-Series in Zimbabwe - Men,2,25,New Zealand Men,22,Zimbabwe Men,2025-07-18T19:14:09Z,5,False,,,,2572,Blessing Muzarabani,3692,Devon Conway,2242,Daryl Mitchell,14,145,Deep Backward Point,1,0,1,1,,LengthBall,DownLeg,NotOut,None,BackFoot,Cut,NoMovement,Over,Fast,Right,Null,NotReferred,Null,False,False,False,False,True,False,895,False,False,False,False,False,False,1,0,0,0,0,False,False,0.0
1095558,13,8.23,8.0,0.0,0.0,107.0,2.0,8.0,39682,,23367,T20I Tri-Series in Zimbabwe - Men,2,25,New Zealand Men,22,Zimbabwe Men,2025-07-18T19:14:44Z,6,False,,,,2572,Blessing Muzarabani,2242,Daryl Mitchell,3692,Devon Conway,293,109,Mid On,1,0,1,1,,LengthBall,Wide,NotOut,MisTimed,FrontFoot,Slog,NoMovement,Over,Fast,Right,Null,NotReferred,Null,False,False,False,False,False,False,895,False,False,False,False,False,False,1,0,0,0,0,False,False,0.0
1095559,14,9.04,15.0,0.0,2.0,122.0,2.0,15.0,39682,,23367,T20I Tri-Series in Zimbabwe - Men,2,25,New Zealand Men,22,Zimbabwe Men,2025-07-18T19:16:37Z,1,False,,,,14560,Trevor Gwandu,2242,Daryl Mitchell,3692,Devon Conway,73,186,Fine Leg,6,0,6,6,,LengthBall,Wide,NotOut,WellTimed,MovesInfront,Scoop,OffCutter,Over,Fast,Right,Null,NotReferred,Null,False,False,False,False,True,False,215,False,False,False,False,False,False,6,0,0,0,0,False,True,0.0
1095559,14,9.04,15.0,0.0,2.0,122.0,2.0,15.0,39682,,23367,T20I Tri-Series in Zimbabwe - Men,2,25,New Zealand Men,22,Zimbabwe Men,2025-07-18T19:17:24Z,2,False,,,,14560,Trevor Gwandu,2242,Daryl Mitchell,3692,Devon Conway,74,143,Fine Leg,1,0,1,1,,BackOfALength,OutsideOff,NotOut,MisTimed,BackFoot,Pull,OffCutter,Over,Fast,Right,Null,NotReferred,Null,False,False,False,False,False,False,215,False,False,False,False,False,False,1,0,0,0,0,False,False,0.0
1095559,14,9.04,15.0,0.0,2.0,122.0,2.0,15.0,39682,,23367,T20I Tri-Series in Zimbabwe - Men,2,25,New Zealand Men,22,Zimbabwe Men,2025-07-18T19:18:19Z,3,False,,,,14560,Trevor Gwandu,3692,Devon Conway,2242,Daryl Mitchell,166,149,Deep Backward Square Leg,1,0,1,1,,BackOfALength,DownLeg,NotOut,MisTimed,BackFoot,Pull,OffCutter,Over,Fast,Right,Null,NotReferred,Null,False,False,False,False,False,False,215,False,False,False,False,False,False,1,0,0,0,0,False,False,0.0
1095559,14,9.04,15.0,0.0,2.0,122.0,2.0,15.0,39682,,23367,T20I Tri-Series in Zimbabwe - Men,2,25,New Zealand Men,22,Zimbabwe Men,2025-07-18T19:19:05Z,4,False,,,,14560,Trevor Gwandu,2242,Daryl Mitchell,3692,Devon Conway,90,48,Wicketkeeper,1,1,1,0,,BackOfALength,Wide,NotOut,Missed,BackFoot,Cut,NoMovement,Over,Fast,Right,Null,NotReferred,Null,True,False,False,False,False,False,215,False,False,False,False,False,False,1,0,1,0,0,False,False,0.0
1095559,14,9.04,15.0,0.0,2.0,122.0,2.0,15.0,39682,,23367,T20I Tri-Series in Zimbabwe - Men,2,25,New Zealand Men,22,Zimbabwe Men,2025-07-18T19:19:39Z,4,False,,,,14560,Trevor Gwandu,2242,Daryl Mitchell,3692,Devon Conway,90,48,Wicketkeeper,1,1,1,0,,Short,Wide,NotOut,Left,BackFoot,Leave,OffCutter,Over,Fast,Right,Null,NotReferred,Null,True,False,False,False,False,False,215,False,False,False,False,False,False,1,0,1,0,0,False,False,0.0
1095559,14,9.04,15.0,0.0,2.0,122.0,2.0,15.0,39682,,23367,T20I Tri-Series in Zimbabwe - Men,2,25,New Zealand Men,22,Zimbabwe Men,2025-07-18T19:20:16Z,4,False,,,,14560,Trevor Gwandu,2242,Daryl Mitchell,3692,Devon Conway,358,148,Deep Square Leg,1,0,1,1,,BackOfALength,OutsideOff,NotOut,MisTimed,BackFoot,Pull,NoMovement,Over,Fast,Right,Null,NotReferred,Null,False,False,False,False,False,False,215,False,False,False,False,False,False,1,0,0,0,0,False,False,0.0
1095559,14,9.04,15.0,0.0,2.0,122.0,2.0,15.0,39682,,23367,T20I Tri-Series in Zimbabwe - Men,2,25,New Zealand Men,22,Zimbabwe Men,2025-07-18T19:20:58Z,5,False,,,,14560,Trevor Gwandu,3692,Devon Conway,2242,Daryl Mitchell,184,189,Deep Square Leg,4,0,4,4,,BackOfALength,DownLeg,NotOut,WellTimed,BackFoot,Pull,NoMovement,Over,Fast,Right,Null,NotReferred,Null,False,False,False,False,False,False,215,False,False,False,False,False,False,4,0,0,0,0,False,False,0.0
