over_id,over_overNumber,over_runrate,over_runsConceded,over_wickets,over_runsExtras,over_totalInningRuns,over_totalInningWickets,over_totalRuns,id,matchName,fixtureId,fixtureName,inningNumber,battingTeamId,battingTeamName,bowlingTeamId,bowlingTeamName,ballDateTime,ballNumber,isWicket,dismissalTypeId,dismissalPlayerId,dismissalPlayerName,bowlerPlayerId,bowlerPlayerName,battingPlayerId,battingPlayerName,nonStrikeBattingPlayerId,nonStrikeBattingPlayerName,shotAngle,shotMagnitude,fieldingPosition,runsConceded,extras,runs,runsScored,dismissalType,lengthTypeId,lineTypeId,appealDismissalTypeId,battingConnectionId,battingFeetId,battingShotTypeId,bowlingDetailId,bowlingFromId,bowlingTypeId,bowlingHandId,outcomeId,referralOutcomeId,noBallReasonId,isWide,isNoBall,isByes,isLegByes,isAirControlled,isAppeal,decisionOfficialId,isFreeHit,isNewBall,isPowerPlay,isBattingPowerPlay,isFloodLit,isReferred,teamRuns,runsByes,runsWide,runsLegByes,noBallsCount,isBoundry,isAirNotControlled
551798,1,0.0,0.0,1.0,0.0,0.0,1.0,0.0,26088,,12175,England T20 Blast 2022,1,41,Kent,34,Gloucestershire,2022-06-01T18:30:06Z,1,False,,,,361,David Payne,111,Joe Denly,125,Daniel Bell-Drummond,278,22,Short Leg,0,0,0,0,,BackOfALength,Null,NotOut,Edged,0,Worked,Null,Over,Fast,Right,Null,NotReferred,Null,False,False,False,False,False,False,10,False,True,True,False,False,False,0,0,0,0,0,False,False
551798,1,0.0,0.0,1.0,0.0,0.0,1.0,0.0,26088,,12175,England T20 Blast 2022,1,41,Kent,34,Gloucestershire,2022-06-01T18:30:37Z,2,False,,,,361,David Payne,111,Joe Denly,125,Daniel Bell-Drummond,182,83,Point,0,0,0,0,,BackOfALength,Null,NotOut,Played,0,Cut,Null,Over,Fast,Right,Null,NotReferred,Null,False,False,False,False,False,False,10,False,False,True,False,False,False,0,0,0,0,0,False,False
551798,1,0.0,0.0,1.0,0.0,0.0,1.0,0.0,26088,,12175,England T20 Blast 2022,1,41,Kent,34,Gloucestershire,2022-06-01T18:31:05Z,3,False,,,,361,David Payne,111,Joe Denly,125,Daniel Bell-Drummond,270,40,Bowler,0,0,0,0,,LengthBall,Null,NotOut,Played,0,Flick,Null,Over,Fast,Right,Null,NotReferred,Null,False,False,False,False,False,False,10,False,False,True,False,False,False,0,0,0,0,0,False,False
551798,1,0.0,0.0,1.0,0.0,0.0,1.0,0.0,26088,,12175,England T20 Blast 2022,1,41,Kent,34,Gloucestershire,2022-06-01T18:31:33Z,4,False,,,,361,David Payne,111,Joe Denly,125,Daniel Bell-Drummond,308,25,Short Leg,0,0,0,0,,BackOfALength,Null,NotOut,Played,0,Worked,Null,Over,Fast,Right,Null,NotReferred,Null,False,False,False,False,False,False,10,False,False,True,False,False,False,0,0,0,0,0,False,False
551798,1,0.0,0.0,1.0,0.0,0.0,1.0,0.0,26088,,12175,England T20 Blast 2022,1,41,Kent,34,Gloucestershire,2022-06-01T18:32:02Z,5,False,,,,361,David Payne,111,Joe Denly,125,Daniel Bell-Drummond,90,48,Wicketkeeper,0,0,0,0,,BackOfALength,Null,NotOut,Missed,0,Cut,Null,Over,Fast,Right,Null,NotReferred,Null,False,False,False,False,False,False,10,False,False,True,False,False,False,0,0,0,0,0,False,False
551798,1,0.0,0.0,1.0,0.0,0.0,1.0,0.0,26088,,12175,England T20 Blast 2022,1,41,Kent,34,Gloucestershire,2022-06-01T18:32:32Z,6,True,Caught,111.0,Joe Denly,361,David Payne,111,Joe Denly,125,Daniel Bell-Drummond,153,102,Backward Point,0,0,0,0,Caught,BackOfALength,Null,NotOut,Edged,0,Worked,Null,Over,Fast,Right,Out1stUmpire,NotReferred,Null,False,False,False,False,False,False,10,False,False,True,False,False,False,0,0,0,0,0,False,False
551802,2,3.0,6.0,0.0,1.0,6.0,1.0,6.0,26088,,12175,England T20 Blast 2022,1,41,Kent,34,Gloucestershire,2022-06-01T18:34:04Z,1,False,,,,1837,Glenn Phillips,125,Daniel Bell-Drummond,2701,Jordan Cox,121,140,Third Man,2,0,2,2,,BackOfALength,Null,NotOut,Played,0,LateCut,Null,Over,OffSpin,Left,Null,NotReferred,Null,False,False,False,False,False,False,3,False,False,True,False,False,False,2,0,0,0,0,False,False
551802,2,3.0,6.0,0.0,1.0,6.0,1.0,6.0,26088,,12175,England T20 Blast 2022,1,41,Kent,34,Gloucestershire,2022-06-01T18:34:28Z,2,False,,,,1837,Glenn Phillips,125,Daniel Bell-Drummond,2701,Jordan Cox,302,143,Long On,1,0,1,1,,BackOfALength,Null,NotOut,Played,0,Worked,Null,Over,OffSpin,Left,Null,NotReferred,Null,False,False,False,False,False,False,3,False,False,True,False,False,False,1,0,0,0,0,False,False
551802,2,3.0,6.0,0.0,1.0,6.0,1.0,6.0,26088,,12175,England T20 Blast 2022,1,41,Kent,34,Gloucestershire,2022-06-01T18:34:52Z,3,False,,,,1837,Glenn Phillips,2701,Jordan Cox,125,Daniel Bell-Drummond,43,37,Leg Gully,1,1,1,0,,BackOfALength,Null,NotOut,NoShot,0,Leave,Null,Over,OffSpin,Left,Null,NotReferred,Null,True,False,False,False,False,False,3,False,False,True,False,False,False,0,0,1,0,0,False,False
551802,2,3.0,6.0,0.0,1.0,6.0,1.0,6.0,26088,,12175,England T20 Blast 2022,1,41,Kent,34,Gloucestershire,2022-06-01T18:35:08Z,3,False,,,,1837,Glenn Phillips,2701,Jordan Cox,125,Daniel Bell-Drummond,193,72,Cover,0,0,0,0,,BackOfALength,Null,NotOut,Played,0,Pushed,Null,Over,OffSpin,Left,Null,NotReferred,Null,False,False,False,False,False,False,3,False,False,True,False,False,False,0,0,0,0,0,False,False
551802,2,3.0,6.0,0.0,1.0,6.0,1.0,6.0,26088,,12175,England T20 Blast 2022,1,41,Kent,34,Gloucestershire,2022-06-01T18:35:24Z,4,False,,,,1837,Glenn Phillips,2701,Jordan Cox,125,Daniel Bell-Drummond,321,97,Mid Wicket,1,0,1,1,,LengthBall,Null,NotOut,Played,0,Worked,Null,Over,OffSpin,Left,Null,NotReferred,Null,False,False,False,False,False,False,3,False,False,True,False,False,False,1,0,0,0,0,False,False
551802,2,3.0,6.0,0.0,1.0,6.0,1.0,6.0,26088,,12175,England T20 Blast 2022,1,41,Kent,34,Gloucestershire,2022-06-01T18:35:51Z,5,False,,,,1837,Glenn Phillips,125,Daniel Bell-Drummond,2701,Jordan Cox,90,48,Wicketkeeper,0,0,0,0,,LengthBall,Null,NotOut,Missed,0,Sweep,Null,Over,OffSpin,Left,Null,NotReferred,Null,False,False,False,False,False,False,3,False,False,True,False,False,False,0,0,0,0,0,False,False
551802,2,3.0,6.0,0.0,1.0,6.0,1.0,6.0,26088,,12175,England T20 Blast 2022,1,41,Kent,34,Gloucestershire,2022-06-01T18:36:10Z,6,False,,,,1837,Glenn Phillips,125,Daniel Bell-Drummond,2701,Jordan Cox,57,75,Short Fine Leg,1,0,1,1,,LengthBall,Null,NotOut,Edged,0,Sweep,Null,Over,OffSpin,Left,Null,NotReferred,Null,False,False,False,False,False,False,3,False,False,True,False,False,False,1,0,0,0,0,False,False
551805,3,3.0,3.0,0.0,0.0,9.0,1.0,3.0,26088,,12175,England T20 Blast 2022,1,41,Kent,34,Gloucestershire,2022-06-01T18:37:01Z,1,False,,,,361,David Payne,125,Daniel Bell-Drummond,2701,Jordan Cox,142,122,Third Man,1,0,1,1,,BackOfALength,Null,NotOut,Played,0,LateCut,Null,Over,Fast,Right,Null,NotReferred,Null,False,False,False,False,False,False,10,False,False,True,False,False,False,1,0,0,0,0,False,False
551805,3,3.0,3.0,0.0,0.0,9.0,1.0,3.0,26088,,12175,England T20 Blast 2022,1,41,Kent,34,Gloucestershire,2022-06-01T18:37:32Z,2,False,,,,361,David Payne,2701,Jordan Cox,125,Daniel Bell-Drummond,225,74,Extra Cover,0,0,0,0,,HalfVolley,Null,NotOut,Played,0,Drive,Null,Over,Fast,Right,Null,NotReferred,Null,False,False,False,False,False,False,10,False,False,True,False,False,False,0,0,0,0,0,False,False
551805,3,3.0,3.0,0.0,0.0,9.0,1.0,3.0,26088,,12175,England T20 Blast 2022,1,41,Kent,34,Gloucestershire,2022-06-01T18:38:00Z,3,False,,,,361,David Payne,2701,Jordan Cox,125,Daniel Bell-Drummond,165,82,Backward Point,0,0,0,0,,BackOfALength,Null,NotOut,Played,0,Dropped,Null,Over,Fast,Right,Null,NotReferred,Null,False,False,False,False,False,False,10,False,False,True,False,False,False,0,0,0,0,0,False,False
551805,3,3.0,3.0,0.0,0.0,9.0,1.0,3.0,26088,,12175,England T20 Blast 2022,1,41,Kent,34,Gloucestershire,2022-06-01T18:38:29Z,4,False,,,,361,David Payne,2701,Jordan Cox,125,Daniel Bell-Drummond,329,47,Short Mid Wicket,0,0,0,0,,LengthBall,Null,NotOut,Played,0,Worked,Null,Over,Fast,Right,Null,NotReferred,Null,False,False,False,False,False,False,10,False,False,True,False,False,False,0,0,0,0,0,False,False
551805,3,3.0,3.0,0.0,0.0,9.0,1.0,3.0,26088,,12175,England T20 Blast 2022,1,41,Kent,34,Gloucestershire,2022-06-01T18:38:55Z,5,False,,,,361,David Payne,2701,Jordan Cox,125,Daniel Bell-Drummond,321,61,Short Mid Wicket,0,0,0,0,,LengthBall,Null,NotOut,Played,0,Worked,Null,Over,Fast,Right,Null,NotReferred,Null,False,False,False,False,False,False,10,False,False,True,False,False,False,0,0,0,0,0,False,False
551805,3,3.0,3.0,0.0,0.0,9.0,1.0,3.0,26088,,12175,England T20 Blast 2022,1,41,Kent,34,Gloucestershire,2022-06-01T18:39:23Z,6,False,,,,361,David Payne,2701,Jordan Cox,125,Daniel Bell-Drummond,64,103,Short Fine Leg,2,0,2,2,,LengthBall,Null,NotOut,Edged,0,BackwardDefensive,Null,Over,Fast,Right,Null,NotReferred,Null,False,False,False,False,False,False,10,False,False,True,False,False,False,2,0,0,0,0,False,False
551808,4,3.25,4.0,1.0,0.0,13.0,2.0,4.0,26088,,12175,England T20 Blast 2022,1,41,Kent,34,Gloucestershire,2022-06-01T18:40:27Z,1,False,,,,2669,Tom Smith,125,Daniel Bell-Drummond,2701,Jordan Cox,199,84,Cover,0,0,0,0,,HalfVolley,Null,NotOut,Played,0,Drive,Null,Round,Orthodox,Right,Null,NotReferred,Null,False,False,False,False,False,False,3,False,False,True,False,False,False,0,0,0,0,0,False,False
551808,4,3.25,4.0,1.0,0.0,13.0,2.0,4.0,26088,,12175,England T20 Blast 2022,1,41,Kent,34,Gloucestershire,2022-06-01T18:40:49Z,2,False,,,,2669,Tom Smith,125,Daniel Bell-Drummond,2701,Jordan Cox,45,121,Fine Leg,2,0,2,2,,HalfVolley,Null,NotOut,Edged,0,Sweep,Null,Round,Orthodox,Right,Null,NotReferred,Null,False,False,False,False,False,False,3,False,False,True,False,False,False,2,0,0,0,0,False,False
551808,4,3.25,4.0,1.0,0.0,13.0,2.0,4.0,26088,,12175,England T20 Blast 2022,1,41,Kent,34,Gloucestershire,2022-06-01T18:41:18Z,3,True,Caught,125.0,Daniel Bell-Drummond,2669,Tom Smith,125,Daniel Bell-Drummond,2701,Jordan Cox,215,120,Extra Cover,0,0,0,0,Caught,LengthBall,Null,NotOut,Edged,0,Drive,Null,Round,Orthodox,Right,Out2ndUmpire,NotReferred,Null,False,False,False,False,False,False,3,False,False,True,False,False,False,0,0,0,0,0,False,False
551808,4,3.25,4.0,1.0,0.0,13.0,2.0,4.0,26088,,12175,England T20 Blast 2022,1,41,Kent,34,Gloucestershire,2022-06-01T18:43:10Z,4,False,,,,2669,Tom Smith,112,Sam Billings,2701,Jordan Cox,354,70,Mid Wicket,1,0,1,1,,LengthBall,Null,NotOut,Played,0,Worked,Null,Round,Orthodox,Right,Null,NotReferred,Null,False,False,False,False,False,False,3,False,False,True,False,False,False,1,0,0,0,0,False,False
551808,4,3.25,4.0,1.0,0.0,13.0,2.0,4.0,26088,,12175,England T20 Blast 2022,1,41,Kent,34,Gloucestershire,2022-06-01T18:43:40Z,5,False,,,,2669,Tom Smith,2701,Jordan Cox,112,Sam Billings,231,88,Mid Off,1,0,1,1,,HalfVolley,Null,NotOut,Played,0,Drive,Null,Round,Orthodox,Right,Null,NotReferred,Null,False,False,False,False,False,False,3,False,False,True,False,False,False,1,0,0,0,0,False,False
551808,4,3.25,4.0,1.0,0.0,13.0,2.0,4.0,26088,,12175,England T20 Blast 2022,1,41,Kent,34,Gloucestershire,2022-06-01T18:44:03Z,6,False,,,,2669,Tom Smith,112,Sam Billings,2701,Jordan Cox,244,67,Silly Mid Off,0,0,0,0,,HalfVolley,Null,NotOut,Played,0,Drive,Null,Round,Orthodox,Right,Null,NotReferred,Null,False,False,False,False,False,False,3,False,False,True,False,False,False,0,0,0,0,0,False,False
551813,5,5.2,13.0,0.0,1.0,26.0,2.0,13.0,26088,,12175,England T20 Blast 2022,1,41,Kent,34,Gloucestershire,2022-06-01T18:44:52Z,1,False,,,,455,Josh Shaw,2701,Jordan Cox,112,Sam Billings,316,79,Mid Wicket,0,0,0,0,,BackOfALength,Null,NotOut,MisTimed,0,Pull,Null,Over,Fast,Left,Null,NotReferred,Null,False,False,False,False,False,False,10,False,False,True,False,False,False,0,0,0,0,0,False,False
551813,5,5.2,13.0,0.0,1.0,26.0,2.0,13.0,26088,,12175,England T20 Blast 2022,1,41,Kent,34,Gloucestershire,2022-06-01T18:45:19Z,2,False,,,,455,Josh Shaw,2701,Jordan Cox,112,Sam Billings,107,180,Third Man,4,0,4,4,,BackOfALength,Null,NotOut,Edged,0,Cut,Null,Over,Fast,Left,Null,NotReferred,Null,False,False,False,False,False,False,10,False,False,True,False,False,False,4,0,0,0,0,False,True
551813,5,5.2,13.0,0.0,1.0,26.0,2.0,13.0,26088,,12175,England T20 Blast 2022,1,41,Kent,34,Gloucestershire,2022-06-01T18:45:51Z,3,False,,,,455,Josh Shaw,2701,Jordan Cox,112,Sam Billings,327,215,Deep Mid Wicket,4,0,4,4,,BackOfALength,Null,NotOut,Played,0,Pull,Null,Over,Fast,Left,Null,NotReferred,Null,False,False,False,False,False,False,10,False,False,True,False,False,False,4,0,0,0,0,False,True
551813,5,5.2,13.0,0.0,1.0,26.0,2.0,13.0,26088,,12175,England T20 Blast 2022,1,41,Kent,34,Gloucestershire,2022-06-01T18:46:25Z,4,False,,,,455,Josh Shaw,2701,Jordan Cox,112,Sam Billings,133,128,Third Man,1,0,1,1,,LengthBall,Null,NotOut,Played,0,Steer,Null,Over,Fast,Left,Null,NotReferred,Null,False,False,False,False,False,False,10,False,False,True,False,False,False,1,0,0,0,0,False,False
551813,5,5.2,13.0,0.0,1.0,26.0,2.0,13.0,26088,,12175,England T20 Blast 2022,1,41,Kent,34,Gloucestershire,2022-06-01T18:47:02Z,5,False,,,,455,Josh Shaw,112,Sam Billings,2701,Jordan Cox,155,138,Third Man,2,0,2,2,,BackOfALength,Null,NotOut,Played,0,Cut,Null,Over,Fast,Left,Null,NotReferred,Null,False,False,False,False,False,False,10,False,False,True,False,False,False,2,0,0,0,0,False,False
551813,5,5.2,13.0,0.0,1.0,26.0,2.0,13.0,26088,,12175,England T20 Blast 2022,1,41,Kent,34,Gloucestershire,2022-06-01T18:47:35Z,6,False,,,,455,Josh Shaw,112,Sam Billings,2701,Jordan Cox,90,48,Wicketkeeper,1,1,1,0,,LengthBall,Null,NotOut,MissedLegSide,0,Glance,Null,Over,Fast,Left,Null,NotReferred,Null,True,False,False,False,False,False,10,False,False,True,False,False,False,0,0,1,0,0,False,False
551813,5,5.2,13.0,0.0,1.0,26.0,2.0,13.0,26088,,12175,England T20 Blast 2022,1,41,Kent,34,Gloucestershire,2022-06-01T18:48:05Z,6,False,,,,455,Josh Shaw,112,Sam Billings,2701,Jordan Cox,358,125,Square Leg,1,0,1,1,,BackOfALength,Null,NotOut,Played,0,Worked,Null,Over,Fast,Left,Null,NotReferred,Null,False,False,False,False,False,False,10,False,False,True,False,False,False,1,0,0,0,0,False,False
551816,6,6.0,10.0,0.0,0.0,36.0,2.0,10.0,26088,,12175,England T20 Blast 2022,1,41,Kent,34,Gloucestershire,2022-06-01T18:48:57Z,1,False,,,,2669,Tom Smith,112,Sam Billings,2701,Jordan Cox,190,132,Deep Point,2,0,2,2,,HalfVolley,Null,NotOut,Edged,0,Drive,Null,Round,Orthodox,Right,Null,NotReferred,Null,False,False,False,False,False,False,3,False,False,True,False,False,False,2,0,0,0,0,False,False
551816,6,6.0,10.0,0.0,0.0,36.0,2.0,10.0,26088,,12175,England T20 Blast 2022,1,41,Kent,34,Gloucestershire,2022-06-01T18:49:29Z,2,False,,,,2669,Tom Smith,112,Sam Billings,2701,Jordan Cox,157,187,Deep Backward Point,4,0,4,4,,FullToss,Null,NotOut,HitHard,0,ReverseSweep,Null,Round,Orthodox,Right,Null,NotReferred,Null,False,False,False,False,False,False,3,False,False,True,False,False,False,4,0,0,0,0,False,True
551816,6,6.0,10.0,0.0,0.0,36.0,2.0,10.0,26088,,12175,England T20 Blast 2022,1,41,Kent,34,Gloucestershire,2022-06-01T18:50:01Z,3,False,,,,2669,Tom Smith,112,Sam Billings,2701,Jordan Cox,151,184,Third Man,4,0,4,4,,HalfVolley,Null,NotOut,HitHard,0,ReverseSweep,Null,Round,Orthodox,Right,Null,NotReferred,Null,False,False,False,False,False,False,3,False,False,True,False,False,False,4,0,0,0,0,False,True
551816,6,6.0,10.0,0.0,0.0,36.0,2.0,10.0,26088,,12175,England T20 Blast 2022,1,41,Kent,34,Gloucestershire,2022-06-01T18:50:34Z,4,False,,,,2669,Tom Smith,112,Sam Billings,2701,Jordan Cox,90,48,Wicketkeeper,0,0,0,0,,LengthBall,Null,NotOut,Missed,0,ReverseSweep,Null,Round,Orthodox,Right,Null,NotReferred,Null,False,False,False,False,False,False,3,False,False,True,False,False,False,0,0,0,0,0,False,False
551816,6,6.0,10.0,0.0,0.0,36.0,2.0,10.0,26088,,12175,England T20 Blast 2022,1,41,Kent,34,Gloucestershire,2022-06-01T18:51:03Z,5,False,,,,2669,Tom Smith,112,Sam Billings,2701,Jordan Cox,205,84,Cover,0,0,0,0,,BackOfALength,Null,NotOut,Played,0,Cut,Null,Round,Orthodox,Right,Null,NotReferred,Null,False,False,False,False,False,False,3,False,False,True,False,False,False,0,0,0,0,0,False,False
551816,6,6.0,10.0,0.0,0.0,36.0,2.0,10.0,26088,,12175,England T20 Blast 2022,1,41,Kent,34,Gloucestershire,2022-06-01T18:51:28Z,6,False,,,,2669,Tom Smith,112,Sam Billings,2701,Jordan Cox,233,94,Mid Off,0,0,0,0,,BackOfALength,Null,NotOut,Played,0,Pushed,Null,Round,Orthodox,Right,Null,NotReferred,Null,False,False,False,False,False,False,3,False,False,True,False,False,False,0,0,0,0,0,False,False
551820,7,6.43,9.0,0.0,0.0,45.0,2.0,9.0,26088,,12175,England T20 Blast 2022,1,41,Kent,34,Gloucestershire,2022-06-01T18:52:33Z,1,False,,,,121,Zak Chappell,2701,Jordan Cox,112,Sam Billings,1,131,Deep Square Leg,1,0,1,1,,HalfVolley,Null,NotOut,Played,0,Worked,Null,Over,Fast,Left,Null,NotReferred,Null,False,False,False,False,False,False,10,False,False,False,False,False,False,1,0,0,0,0,False,False
551820,7,6.43,9.0,0.0,0.0,45.0,2.0,9.0,26088,,12175,England T20 Blast 2022,1,41,Kent,34,Gloucestershire,2022-06-01T18:53:05Z,2,False,,,,121,Zak Chappell,112,Sam Billings,2701,Jordan Cox,4,51,Leg Gully,1,0,1,1,,BackOfALength,Null,NotOut,MisTimed,0,Worked,Null,Over,Fast,Left,Null,NotReferred,Null,False,False,False,False,False,False,10,False,False,False,False,False,False,1,0,0,0,0,False,False
551820,7,6.43,9.0,0.0,0.0,45.0,2.0,9.0,26088,,12175,England T20 Blast 2022,1,41,Kent,34,Gloucestershire,2022-06-01T18:53:39Z,3,False,,,,121,Zak Chappell,2701,Jordan Cox,112,Sam Billings,142,73,Short Third Man,1,0,1,1,,LengthBall,Null,NotOut,Played,0,Steer,Null,Over,Fast,Left,Null,NotReferred,Null,False,False,False,False,False,False,10,False,False,False,False,False,False,1,0,0,0,0,False,False
551820,7,6.43,9.0,0.0,0.0,45.0,2.0,9.0,26088,,12175,England T20 Blast 2022,1,41,Kent,34,Gloucestershire,2022-06-01T18:54:18Z,4,False,,,,121,Zak Chappell,112,Sam Billings,2701,Jordan Cox,28,99,Backward Square Leg,1,0,1,1,,BackOfALength,Null,NotOut,Played,0,Worked,Null,Over,Fast,Left,Null,NotReferred,Null,False,False,False,False,False,False,10,False,False,False,False,False,False,1,0,0,0,0,False,False
551820,7,6.43,9.0,0.0,0.0,45.0,2.0,9.0,26088,,12175,England T20 Blast 2022,1,41,Kent,34,Gloucestershire,2022-06-01T18:54:53Z,5,False,,,,121,Zak Chappell,2701,Jordan Cox,112,Sam Billings,296,133,Long On,1,0,1,1,,LengthBall,Null,NotOut,Played,0,Worked,Null,Over,Fast,Left,Null,NotReferred,Null,False,False,False,False,False,False,10,False,False,False,False,False,False,1,0,0,0,0,False,False
551820,7,6.43,9.0,0.0,0.0,45.0,2.0,9.0,26088,,12175,England T20 Blast 2022,1,41,Kent,34,Gloucestershire,2022-06-01T18:55:28Z,6,False,,,,121,Zak Chappell,112,Sam Billings,2701,Jordan Cox,68,182,Fine Leg,4,0,4,4,,BackOfALength,Null,NotOut,Played,0,Scoop,Null,Over,Fast,Left,Null,NotReferred,Null,False,False,False,False,False,False,10,False,False,False,False,False,False,4,0,0,0,0,False,True
551824,8,6.75,4.0,0.0,4.0,54.0,2.0,8.0,26088,,12175,England T20 Blast 2022,1,41,Kent,34,Gloucestershire,2022-06-01T18:56:35Z,1,False,,,,38,Benny Howell,2701,Jordan Cox,112,Sam Billings,309,136,Mid On,2,0,2,2,,LengthBall,Null,NotOut,Played,0,Worked,Null,Over,Medium,Left,Null,NotReferred,Null,False,False,False,False,False,False,3,False,False,False,False,False,False,2,0,0,0,0,False,False
551824,8,6.75,4.0,0.0,4.0,54.0,2.0,8.0,26088,,12175,England T20 Blast 2022,1,41,Kent,34,Gloucestershire,2022-06-01T18:57:07Z,2,False,,,,38,Benny Howell,2701,Jordan Cox,112,Sam Billings,201,142,Deep Cover,1,0,1,1,,HalfVolley,Null,NotOut,Played,0,Drive,Null,Over,Medium,Left,Null,NotReferred,Null,False,False,False,False,False,False,3,False,False,False,False,False,False,1,0,0,0,0,False,False
551824,8,6.75,4.0,0.0,4.0,54.0,2.0,8.0,26088,,12175,England T20 Blast 2022,1,41,Kent,34,Gloucestershire,2022-06-01T18:57:41Z,3,False,,,,38,Benny Howell,112,Sam Billings,2701,Jordan Cox,90,48,Wicketkeeper,0,0,0,0,,LengthBall,Null,NotOut,Missed,0,Scoop,Null,Over,Medium,Left,Null,NotReferred,Null,False,False,False,False,False,False,3,False,False,False,False,False,False,0,0,0,0,0,False,False
551824,8,6.75,4.0,0.0,4.0,54.0,2.0,8.0,26088,,12175,England T20 Blast 2022,1,41,Kent,34,Gloucestershire,2022-06-01T18:58:13Z,4,False,,,,38,Benny Howell,112,Sam Billings,2701,Jordan Cox,76,182,Fine Leg,0,4,4,0,,HalfVolley,Null,NotOut,Missed,0,Sweep,Null,Over,Medium,Left,Null,NotReferred,Null,False,False,True,False,False,False,3,False,False,False,False,False,False,0,4,0,0,0,False,False
551824,8,6.75,4.0,0.0,4.0,54.0,2.0,8.0,26088,,12175,England T20 Blast 2022,1,41,Kent,34,Gloucestershire,2022-06-01T18:58:55Z,5,False,,,,38,Benny Howell,112,Sam Billings,2701,Jordan Cox,323,124,Mid Wicket,1,0,1,1,,LengthBall,Null,NotOut,Played,0,Flick,Null,Over,Medium,Left,Null,NotReferred,Null,False,False,False,False,False,False,3,False,False,False,False,False,False,1,0,0,0,0,False,False
551824,8,6.75,4.0,0.0,4.0,54.0,2.0,8.0,26088,,12175,England T20 Blast 2022,1,41,Kent,34,Gloucestershire,2022-06-01T18:59:23Z,6,False,,,,38,Benny Howell,2701,Jordan Cox,112,Sam Billings,270,40,Bowler,0,0,0,0,,LengthBall,Null,NotOut,Played,0,Pushed,Null,Over,Medium,Left,Null,NotReferred,Null,False,False,False,False,False,False,3,False,False,False,False,False,False,0,0,0,0,0,False,False
551828,9,6.22,3.0,1.0,1.0,56.0,3.0,3.0,26088,,12175,England T20 Blast 2022,1,41,Kent,34,Gloucestershire,2022-06-01T19:00:13Z,1,False,,,,121,Zak Chappell,112,Sam Billings,2701,Jordan Cox,90,48,Wicketkeeper,1,1,1,0,,LengthBall,Null,NotOut,MissedLegSide,0,Flick,Null,Over,Fast,Left,Null,NotReferred,Null,True,False,False,False,False,False,10,False,False,False,False,False,False,0,0,1,0,0,False,False
551828,9,6.22,3.0,1.0,1.0,56.0,3.0,3.0,26088,,12175,England T20 Blast 2022,1,41,Kent,34,Gloucestershire,2022-06-01T19:00:43Z,1,False,,,,121,Zak Chappell,112,Sam Billings,2701,Jordan Cox,17,141,Deep Backward Square Leg,1,0,1,1,,FullToss,Null,NotOut,HitHard,0,Flick,Null,Over,Fast,Left,Null,NotReferred,Null,False,False,False,False,False,False,10,False,False,False,False,False,False,1,0,0,0,0,False,False
551828,9,6.22,3.0,1.0,1.0,56.0,3.0,3.0,26088,,12175,England T20 Blast 2022,1,41,Kent,34,Gloucestershire,2022-06-01T19:01:16Z,2,False,,,,121,Zak Chappell,2701,Jordan Cox,112,Sam Billings,303,39,Silly Mid On,0,0,0,0,,LengthBall,Null,NotOut,MisTimed,0,Worked,Null,Over,Fast,Left,Null,NotReferred,Null,False,False,False,False,False,False,10,False,False,False,False,False,False,0,0,0,0,0,False,False
551828,9,6.22,3.0,1.0,1.0,56.0,3.0,3.0,26088,,12175,England T20 Blast 2022,1,41,Kent,34,Gloucestershire,2022-06-01T19:01:47Z,3,False,,,,121,Zak Chappell,2701,Jordan Cox,112,Sam Billings,162,81,Backward Point,0,0,0,0,,BackOfALength,Null,NotOut,Played,0,Cut,Null,Over,Fast,Left,Null,NotReferred,Null,False,False,False,False,False,False,10,False,False,False,False,False,False,0,0,0,0,0,False,False
551828,9,6.22,3.0,1.0,1.0,56.0,3.0,3.0,26088,,12175,England T20 Blast 2022,1,41,Kent,34,Gloucestershire,2022-06-01T19:02:21Z,4,False,,,,121,Zak Chappell,2701,Jordan Cox,112,Sam Billings,314,148,Long On,1,0,1,1,,Yorker,Null,NotOut,Played,0,Worked,Null,Over,Fast,Left,Null,NotReferred,Null,False,False,False,False,False,False,10,False,False,False,False,False,False,1,0,0,0,0,False,False
551828,9,6.22,3.0,1.0,1.0,56.0,3.0,3.0,26088,,12175,England T20 Blast 2022,1,41,Kent,34,Gloucestershire,2022-06-01T19:02:55Z,5,True,Caught,112.0,Sam Billings,121,Zak Chappell,112,Sam Billings,2701,Jordan Cox,43,130,Fine Leg,0,0,0,0,Caught,FullToss,Null,NotOut,Edged,0,Sweep,Null,Over,Fast,Left,Out1stUmpire,NotReferred,Null,False,False,False,False,False,False,10,False,False,False,False,False,False,0,0,0,0,0,False,False
551828,9,6.22,3.0,1.0,1.0,56.0,3.0,3.0,26088,,12175,England T20 Blast 2022,1,41,Kent,34,Gloucestershire,2022-06-01T19:04:54Z,6,False,,,,121,Zak Chappell,321,Alex Blake,2701,Jordan Cox,90,48,Wicketkeeper,0,0,0,0,,LengthBall,Null,NotOut,Missed,0,Pushed,Null,Over,Fast,Left,Null,NotReferred,Null,False,False,False,False,False,False,10,False,False,False,False,False,False,0,0,0,0,0,False,False
551836,10,5.9,3.0,1.0,0.0,59.0,4.0,3.0,26088,,12175,England T20 Blast 2022,1,41,Kent,34,Gloucestershire,2022-06-01T19:05:49Z,1,False,,,,2669,Tom Smith,2701,Jordan Cox,321,Alex Blake,219,84,Extra Cover,0,0,0,0,,LengthBall,Null,NotOut,Played,0,Pushed,Null,Round,Orthodox,Right,Null,NotReferred,Null,False,False,False,False,False,False,3,False,False,False,False,False,False,0,0,0,0,0,False,False
551836,10,5.9,3.0,1.0,0.0,59.0,4.0,3.0,26088,,12175,England T20 Blast 2022,1,41,Kent,34,Gloucestershire,2022-06-01T19:06:10Z,2,False,,,,2669,Tom Smith,2701,Jordan Cox,321,Alex Blake,291,132,Long On,1,0,1,1,,LengthBall,Null,NotOut,Played,0,Worked,Null,Round,Orthodox,Right,Null,NotReferred,Null,False,False,False,False,False,False,3,False,False,False,False,False,False,1,0,0,0,0,False,False
551836,10,5.9,3.0,1.0,0.0,59.0,4.0,3.0,26088,,12175,England T20 Blast 2022,1,41,Kent,34,Gloucestershire,2022-06-01T19:06:43Z,3,True,Lbw,321.0,Alex Blake,2669,Tom Smith,321,Alex Blake,2701,Jordan Cox,0,0,,0,0,0,0,LBW,LengthBall,Null,NotOut,HitPad,0,Worked,Null,Over,Orthodox,Right,Out2ndUmpire,NotReferred,Null,False,False,False,False,False,False,3,False,False,False,False,False,False,0,0,0,0,0,False,False
551836,10,5.9,3.0,1.0,0.0,59.0,4.0,3.0,26088,,12175,England T20 Blast 2022,1,41,Kent,34,Gloucestershire,2022-06-01T19:08:24Z,4,False,,,,2669,Tom Smith,453,Jack Leaning,2701,Jordan Cox,345,84,Mid Wicket,1,0,1,1,,BackOfALength,Null,NotOut,Played,0,Worked,Null,Round,Orthodox,Right,Null,NotReferred,Null,False,False,False,False,False,False,3,False,False,False,False,False,False,1,0,0,0,0,False,False
551836,10,5.9,3.0,1.0,0.0,59.0,4.0,3.0,26088,,12175,England T20 Blast 2022,1,41,Kent,34,Gloucestershire,2022-06-01T19:08:48Z,5,False,,,,2669,Tom Smith,2701,Jordan Cox,453,Jack Leaning,248,128,Mid Off,1,0,1,1,,LengthBall,Null,NotOut,Played,0,Pushed,Null,Round,Orthodox,Right,Null,NotReferred,Null,False,False,False,False,False,False,3,False,False,False,False,False,False,1,0,0,0,0,False,False
551836,10,5.9,3.0,1.0,0.0,59.0,4.0,3.0,26088,,12175,England T20 Blast 2022,1,41,Kent,34,Gloucestershire,2022-06-01T19:09:14Z,6,False,,,,2669,Tom Smith,453,Jack Leaning,2701,Jordan Cox,90,48,Wicketkeeper,0,0,0,0,,BackOfALength,Null,NotOut,Missed,0,BackwardDefensive,Null,Round,Orthodox,Right,Null,NotReferred,Null,False,False,False,False,False,False,3,False,False,False,False,False,False,0,0,0,0,0,False,False
551841,11,5.91,6.0,0.0,0.0,65.0,4.0,6.0,26088,,12175,England T20 Blast 2022,1,41,Kent,34,Gloucestershire,2022-06-01T19:10:10Z,1,False,,,,38,Benny Howell,2701,Jordan Cox,453,Jack Leaning,199,143,Deep Cover,1,0,1,1,,BackOfALength,Null,NotOut,Played,0,Cut,Null,Over,Medium,Left,Null,NotReferred,Null,False,False,False,False,False,False,10,False,False,False,False,False,False,1,0,0,0,0,False,False
551841,11,5.91,6.0,0.0,0.0,65.0,4.0,6.0,26088,,12175,England T20 Blast 2022,1,41,Kent,34,Gloucestershire,2022-06-01T19:10:52Z,2,False,,,,38,Benny Howell,453,Jack Leaning,2701,Jordan Cox,288,152,Long On,1,0,1,1,,HalfVolley,Null,NotOut,Played,0,Pushed,Null,Over,Medium,Left,Null,NotReferred,Null,False,False,False,False,False,False,10,False,False,False,False,False,False,1,0,0,0,0,False,False
551841,11,5.91,6.0,0.0,0.0,65.0,4.0,6.0,26088,,12175,England T20 Blast 2022,1,41,Kent,34,Gloucestershire,2022-06-01T19:11:29Z,3,False,,,,38,Benny Howell,2701,Jordan Cox,453,Jack Leaning,161,80,Backward Point,0,0,0,0,,BackOfALength,Null,NotOut,Played,0,Cut,Null,Over,Medium,Left,Null,NotReferred,Null,False,False,False,False,False,False,10,False,False,False,False,False,False,0,0,0,0,0,False,False
551841,11,5.91,6.0,0.0,0.0,65.0,4.0,6.0,26088,,12175,England T20 Blast 2022,1,41,Kent,34,Gloucestershire,2022-06-01T19:11:58Z,4,False,,,,38,Benny Howell,2701,Jordan Cox,453,Jack Leaning,168,148,Deep Backward Point,2,0,2,2,,LengthBall,Null,NotOut,Played,0,Cut,Null,Over,Medium,Left,Null,NotReferred,Null,False,False,False,False,False,False,10,False,False,False,False,False,False,2,0,0,0,0,False,False
551841,11,5.91,6.0,0.0,0.0,65.0,4.0,6.0,26088,,12175,England T20 Blast 2022,1,41,Kent,34,Gloucestershire,2022-06-01T19:12:32Z,5,False,,,,38,Benny Howell,2701,Jordan Cox,453,Jack Leaning,291,138,Long On,1,0,1,1,,LengthBall,Null,NotOut,Played,0,Worked,Null,Over,Medium,Left,Null,NotReferred,Null,False,False,False,False,False,False,10,False,False,False,False,False,False,1,0,0,0,0,False,False
551841,11,5.91,6.0,0.0,0.0,65.0,4.0,6.0,26088,,12175,England T20 Blast 2022,1,41,Kent,34,Gloucestershire,2022-06-01T19:13:05Z,6,False,,,,38,Benny Howell,453,Jack Leaning,2701,Jordan Cox,0,107,Square Leg,1,0,1,1,,Yorker,Null,NotOut,Played,0,Worked,Null,Over,Medium,Left,Null,NotReferred,Null,False,False,False,False,False,False,10,False,False,False,False,False,False,1,0,0,0,0,False,False
551846,12,5.83,5.0,0.0,0.0,70.0,4.0,5.0,26088,,12175,England T20 Blast 2022,1,41,Kent,34,Gloucestershire,2022-06-01T19:13:53Z,1,False,,,,2669,Tom Smith,453,Jack Leaning,2701,Jordan Cox,153,24,Silly Point,0,0,0,0,,LengthBall,Null,NotOut,Edged,0,ForwardDefensive,Null,Round,Orthodox,Right,Null,NotReferred,Null,False,False,False,False,False,False,3,False,False,False,False,False,False,0,0,0,0,0,False,False
551846,12,5.83,5.0,0.0,0.0,70.0,4.0,5.0,26088,,12175,England T20 Blast 2022,1,41,Kent,34,Gloucestershire,2022-06-01T19:14:12Z,2,False,,,,2669,Tom Smith,453,Jack Leaning,2701,Jordan Cox,295,143,Long On,1,0,1,1,,LengthBall,Null,NotOut,Played,0,Flick,Null,Round,Orthodox,Right,Null,NotReferred,Null,False,False,False,False,False,False,3,False,False,False,False,False,False,1,0,0,0,0,False,False
551846,12,5.83,5.0,0.0,0.0,70.0,4.0,5.0,26088,,12175,England T20 Blast 2022,1,41,Kent,34,Gloucestershire,2022-06-01T19:14:43Z,3,False,,,,2669,Tom Smith,2701,Jordan Cox,453,Jack Leaning,270,40,Bowler,0,0,0,0,,HalfVolley,Null,NotOut,Played,0,Drive,Null,Round,Orthodox,Right,Null,NotReferred,Null,False,False,False,False,False,False,3,False,False,False,False,False,False,0,0,0,0,0,False,False
551846,12,5.83,5.0,0.0,0.0,70.0,4.0,5.0,26088,,12175,England T20 Blast 2022,1,41,Kent,34,Gloucestershire,2022-06-01T19:15:03Z,4,False,,,,2669,Tom Smith,2701,Jordan Cox,453,Jack Leaning,169,184,Deep Backward Point,4,0,4,4,,BackOfALength,Null,NotOut,Played,0,Cut,Null,Round,Orthodox,Right,Null,NotReferred,Null,False,False,False,False,False,False,3,False,False,False,False,False,False,4,0,0,0,0,False,True
551846,12,5.83,5.0,0.0,0.0,70.0,4.0,5.0,26088,,12175,England T20 Blast 2022,1,41,Kent,34,Gloucestershire,2022-06-01T19:15:33Z,5,False,,,,2669,Tom Smith,2701,Jordan Cox,453,Jack Leaning,223,62,Short Extra Cover,0,0,0,0,,LengthBall,Null,NotOut,Played,0,ForwardDefensive,Null,Round,Orthodox,Right,Null,NotReferred,Null,False,False,False,False,False,False,3,False,False,False,False,False,False,0,0,0,0,0,False,False
551846,12,5.83,5.0,0.0,0.0,70.0,4.0,5.0,26088,,12175,England T20 Blast 2022,1,41,Kent,34,Gloucestershire,2022-06-01T19:15:52Z,6,False,,,,2669,Tom Smith,2701,Jordan Cox,453,Jack Leaning,270,40,Bowler,0,0,0,0,,HalfVolley,Null,NotOut,Played,0,Pushed,Null,Round,Orthodox,Right,Null,NotReferred,Null,False,False,False,False,False,False,3,False,False,False,False,False,False,0,0,0,0,0,False,False
551851,13,5.54,2.0,0.0,0.0,72.0,4.0,2.0,26088,,12175,England T20 Blast 2022,1,41,Kent,34,Gloucestershire,2022-06-01T19:16:40Z,1,False,,,,38,Benny Howell,453,Jack Leaning,2701,Jordan Cox,213,80,Extra Cover,0,0,0,0,,LengthBall,Null,NotOut,Played,0,Pushed,Null,Over,Medium,Left,Null,NotReferred,Null,False,False,False,False,False,False,10,False,False,False,False,False,False,0,0,0,0,0,False,False
551851,13,5.54,2.0,0.0,0.0,72.0,4.0,2.0,26088,,12175,England T20 Blast 2022,1,41,Kent,34,Gloucestershire,2022-06-01T19:17:05Z,2,False,,,,38,Benny Howell,453,Jack Leaning,2701,Jordan Cox,90,48,Wicketkeeper,0,0,0,0,,LengthBall,Null,NotOut,Missed,0,Pushed,Null,Over,Medium,Left,Null,NotReferred,Null,False,False,False,False,False,False,10,False,False,False,False,False,False,0,0,0,0,0,False,False
551851,13,5.54,2.0,0.0,0.0,72.0,4.0,2.0,26088,,12175,England T20 Blast 2022,1,41,Kent,34,Gloucestershire,2022-06-01T19:17:35Z,3,False,,,,38,Benny Howell,453,Jack Leaning,2701,Jordan Cox,188,33,Silly Point,0,0,0,0,,LengthBall,Null,NotOut,HitPad,0,Worked,Null,Over,Medium,Left,Null,NotReferred,Null,False,False,False,False,False,False,10,False,False,False,False,False,False,0,0,0,0,0,False,False
551851,13,5.54,2.0,0.0,0.0,72.0,4.0,2.0,26088,,12175,England T20 Blast 2022,1,41,Kent,34,Gloucestershire,2022-06-01T19:18:06Z,4,False,,,,38,Benny Howell,453,Jack Leaning,2701,Jordan Cox,193,149,Deep Cover,1,0,1,1,,BackOfALength,Null,NotOut,Played,0,Cut,Null,Over,Medium,Left,Null,NotReferred,Null,False,False,False,False,False,False,10,False,False,False,False,False,False,1,0,0,0,0,False,False
551851,13,5.54,2.0,0.0,0.0,72.0,4.0,2.0,26088,,12175,England T20 Blast 2022,1,41,Kent,34,Gloucestershire,2022-06-01T19:18:34Z,5,False,,,,38,Benny Howell,2701,Jordan Cox,453,Jack Leaning,292,147,Long On,1,0,1,1,,LengthBall,Null,NotOut,MisTimed,0,Slog,Null,Over,Medium,Left,Null,NotReferred,Null,False,False,False,False,False,False,10,False,False,False,False,False,False,1,0,0,0,0,False,False
551851,13,5.54,2.0,0.0,0.0,72.0,4.0,2.0,26088,,12175,England T20 Blast 2022,1,41,Kent,34,Gloucestershire,2022-06-01T19:19:01Z,6,False,,,,38,Benny Howell,453,Jack Leaning,2701,Jordan Cox,289,38,Silly Mid On,0,0,0,0,,Yorker,Null,NotOut,Played,0,Worked,Null,Over,Medium,Left,Null,NotReferred,Null,False,False,False,False,False,False,10,False,False,False,False,False,False,0,0,0,0,0,False,False
551858,14,5.57,6.0,0.0,0.0,78.0,4.0,6.0,26088,,12175,England T20 Blast 2022,1,41,Kent,34,Gloucestershire,2022-06-01T19:20:08Z,1,False,,,,358,Jack Taylor,2701,Jordan Cox,453,Jack Leaning,174,148,Deep Backward Point,1,0,1,1,,BackOfALength,Null,NotOut,Played,0,Cut,Null,Over,LegSpin,Left,Null,NotReferred,Null,False,False,False,False,False,False,3,False,False,False,False,False,False,1,0,0,0,0,False,False
551858,14,5.57,6.0,0.0,0.0,78.0,4.0,6.0,26088,,12175,England T20 Blast 2022,1,41,Kent,34,Gloucestershire,2022-06-01T19:20:28Z,2,False,,,,358,Jack Taylor,453,Jack Leaning,2701,Jordan Cox,270,40,Bowler,0,0,0,0,,HalfVolley,Null,NotOut,Played,0,Drive,Null,Over,LegSpin,Left,Null,NotReferred,Null,False,False,False,False,False,False,3,False,False,False,False,False,False,0,0,0,0,0,False,False
551858,14,5.57,6.0,0.0,0.0,78.0,4.0,6.0,26088,,12175,England T20 Blast 2022,1,41,Kent,34,Gloucestershire,2022-06-01T19:20:43Z,3,False,,,,358,Jack Taylor,453,Jack Leaning,2701,Jordan Cox,311,127,Mid On,1,0,1,1,,BackOfALength,Null,NotOut,Played,0,Worked,Null,Over,LegSpin,Left,Null,NotReferred,Null,False,False,False,False,False,False,3,False,False,False,False,False,False,1,0,0,0,0,False,False
551858,14,5.57,6.0,0.0,0.0,78.0,4.0,6.0,26088,,12175,England T20 Blast 2022,1,41,Kent,34,Gloucestershire,2022-06-01T19:21:06Z,4,False,,,,358,Jack Taylor,2701,Jordan Cox,453,Jack Leaning,312,132,Mid On,1,0,1,1,,BackOfALength,Null,NotOut,Played,0,Pull,Null,Over,LegSpin,Left,Null,NotReferred,Null,False,False,False,False,False,False,3,False,False,False,False,False,False,1,0,0,0,0,False,False
551858,14,5.57,6.0,0.0,0.0,78.0,4.0,6.0,26088,,12175,England T20 Blast 2022,1,41,Kent,34,Gloucestershire,2022-06-01T19:21:29Z,5,False,,,,358,Jack Taylor,453,Jack Leaning,2701,Jordan Cox,188,141,Deep Point,1,0,1,1,,BackOfALength,Null,NotOut,Played,0,Cut,Null,Over,LegSpin,Left,Null,NotReferred,Null,False,False,False,False,False,False,3,False,False,False,False,False,False,1,0,0,0,0,False,False
551858,14,5.57,6.0,0.0,0.0,78.0,4.0,6.0,26088,,12175,England T20 Blast 2022,1,41,Kent,34,Gloucestershire,2022-06-01T19:21:50Z,6,False,,,,358,Jack Taylor,2701,Jordan Cox,453,Jack Leaning,322,153,Deep Mid Wicket,2,0,2,2,,BackOfALength,Null,NotOut,Played,0,Pull,Null,Over,LegSpin,Left,Null,NotReferred,Null,False,False,False,False,False,False,3,False,False,False,False,False,False,2,0,0,0,0,False,False
551860,15,5.33,2.0,1.0,0.0,80.0,5.0,2.0,26088,,12175,England T20 Blast 2022,1,41,Kent,34,Gloucestershire,2022-06-01T19:22:53Z,1,False,,,,121,Zak Chappell,453,Jack Leaning,2701,Jordan Cox,292,113,Mid On,1,0,1,1,,LengthBall,Null,NotOut,Played,0,Worked,Null,Over,Fast,Left,Null,NotReferred,Null,False,False,False,False,False,False,10,False,False,False,False,False,False,1,0,0,0,0,False,False
551860,15,5.33,2.0,1.0,0.0,80.0,5.0,2.0,26088,,12175,England T20 Blast 2022,1,41,Kent,34,Gloucestershire,2022-06-01T19:23:25Z,2,False,,,,121,Zak Chappell,2701,Jordan Cox,453,Jack Leaning,225,7,Silly Point,0,0,0,0,,Yorker,Null,NotOut,Edged,0,Pushed,Null,Over,Fast,Left,Null,NotReferred,Null,False,False,False,False,False,False,10,False,False,False,False,False,False,0,0,0,0,0,False,False
551860,15,5.33,2.0,1.0,0.0,80.0,5.0,2.0,26088,,12175,England T20 Blast 2022,1,41,Kent,34,Gloucestershire,2022-06-01T19:24:03Z,3,False,,,,121,Zak Chappell,2701,Jordan Cox,453,Jack Leaning,90,48,Wicketkeeper,0,0,0,0,,BackOfALength,Null,NotOut,Missed,0,Slog,Null,Over,Fast,Left,Null,NotReferred,Null,False,False,False,False,False,False,10,False,False,False,False,False,False,0,0,0,0,0,False,False
551860,15,5.33,2.0,1.0,0.0,80.0,5.0,2.0,26088,,12175,England T20 Blast 2022,1,41,Kent,34,Gloucestershire,2022-06-01T19:24:35Z,4,False,,,,121,Zak Chappell,2701,Jordan Cox,453,Jack Leaning,90,48,Wicketkeeper,0,0,0,0,,BackOfALength,Null,NotOut,Missed,0,Pull,Null,Over,Fast,Left,Null,NotReferred,Null,False,False,False,False,False,False,10,False,False,False,False,False,False,0,0,0,0,0,False,False
551860,15,5.33,2.0,1.0,0.0,80.0,5.0,2.0,26088,,12175,England T20 Blast 2022,1,41,Kent,34,Gloucestershire,2022-06-01T19:25:08Z,5,False,,,,121,Zak Chappell,2701,Jordan Cox,453,Jack Leaning,233,87,Mid Off,1,0,1,1,,FullToss,Null,NotOut,Played,0,Pushed,Null,Over,Fast,Left,Null,NotReferred,Null,False,False,False,False,False,False,10,False,False,False,False,False,False,1,0,0,0,0,False,False
551860,15,5.33,2.0,1.0,0.0,80.0,5.0,2.0,26088,,12175,England T20 Blast 2022,1,41,Kent,34,Gloucestershire,2022-06-01T19:25:43Z,6,True,Caught,453.0,Jack Leaning,121,Zak Chappell,453,Jack Leaning,2701,Jordan Cox,90,48,Wicketkeeper,0,0,0,0,Caught,Yorker,Null,NotOut,Edged,0,Drive,Null,Over,Fast,Left,Out1stUmpire,NotReferred,Null,False,False,False,False,False,False,10,False,False,False,False,False,False,0,0,0,0,0,False,False
551867,16,5.5,8.0,0.0,0.0,88.0,5.0,8.0,26088,,12175,England T20 Blast 2022,1,41,Kent,34,Gloucestershire,2022-06-01T19:27:27Z,1,False,,,,38,Benny Howell,2701,Jordan Cox,2644,George Linde,90,48,Wicketkeeper,0,0,0,0,,LengthBall,Null,NotOut,Missed,0,Cut,SlowerBall,Over,Medium,Left,Null,NotReferred,Null,False,False,False,False,False,False,3,False,False,False,False,False,False,0,0,0,0,0,False,False
551867,16,5.5,8.0,0.0,0.0,88.0,5.0,8.0,26088,,12175,England T20 Blast 2022,1,41,Kent,34,Gloucestershire,2022-06-01T19:27:50Z,2,False,,,,38,Benny Howell,2701,Jordan Cox,2644,George Linde,177,191,Deep Point,4,0,4,4,,BackOfALength,Null,NotOut,Played,0,Cut,Null,Over,Medium,Left,Null,NotReferred,Null,False,False,False,False,False,False,3,False,False,False,False,False,False,4,0,0,0,0,False,True
551867,16,5.5,8.0,0.0,0.0,88.0,5.0,8.0,26088,,12175,England T20 Blast 2022,1,41,Kent,34,Gloucestershire,2022-06-01T19:28:20Z,3,False,,,,38,Benny Howell,2701,Jordan Cox,2644,George Linde,334,131,Deep Mid Wicket,1,0,1,1,,BackOfALength,Null,NotOut,Played,0,Pull,Null,Over,Medium,Left,Null,NotReferred,Null,False,False,False,False,False,False,3,False,False,False,False,False,False,1,0,0,0,0,False,False
551867,16,5.5,8.0,0.0,0.0,88.0,5.0,8.0,26088,,12175,England T20 Blast 2022,1,41,Kent,34,Gloucestershire,2022-06-01T19:29:03Z,4,False,,,,38,Benny Howell,2644,George Linde,2701,Jordan Cox,318,132,Deep Extra Cover,1,0,1,1,,HalfVolley,Null,NotOut,Played,0,Drive,SlowerBall,Round,Medium,Left,Null,NotReferred,Null,False,False,False,False,False,False,3,False,False,False,False,False,False,1,0,0,0,0,False,False
551867,16,5.5,8.0,0.0,0.0,88.0,5.0,8.0,26088,,12175,England T20 Blast 2022,1,41,Kent,34,Gloucestershire,2022-06-01T19:29:33Z,5,False,,,,38,Benny Howell,2701,Jordan Cox,2644,George Linde,306,125,Mid On,1,0,1,1,,Yorker,Null,NotOut,Played,0,Drive,Null,Over,Medium,Left,Null,NotReferred,Null,False,False,False,False,False,False,3,False,False,False,False,False,False,1,0,0,0,0,False,False
551867,16,5.5,8.0,0.0,0.0,88.0,5.0,8.0,26088,,12175,England T20 Blast 2022,1,41,Kent,34,Gloucestershire,2022-06-01T19:30:00Z,6,False,,,,38,Benny Howell,2644,George Linde,2701,Jordan Cox,345,63,Point,1,0,1,1,,LengthBall,Null,NotOut,Played,0,Pushed,Null,Round,Medium,Left,Null,NotReferred,Null,False,False,False,False,False,False,3,False,False,False,False,False,False,1,0,0,0,0,False,False
551871,17,5.59,7.0,2.0,0.0,95.0,7.0,7.0,26088,,12175,England T20 Blast 2022,1,41,Kent,34,Gloucestershire,2022-06-01T19:31:14Z,1,False,,,,361,David Payne,2644,George Linde,2701,Jordan Cox,270,40,Bowler,0,0,0,0,,LengthBall,Null,NotOut,Played,0,Pushed,Null,Over,Fast,Right,Null,NotReferred,Null,False,False,False,False,False,False,10,False,False,False,False,False,False,0,0,0,0,0,False,False
551871,17,5.59,7.0,2.0,0.0,95.0,7.0,7.0,26088,,12175,England T20 Blast 2022,1,41,Kent,34,Gloucestershire,2022-06-01T19:31:41Z,2,False,,,,361,David Payne,2644,George Linde,2701,Jordan Cox,222,103,Mid Wicket,1,0,1,1,,LengthBall,Null,NotOut,MisTimed,0,Worked,Null,Over,Fast,Right,Null,NotReferred,Null,False,False,False,False,False,False,10,False,False,False,False,False,False,1,0,0,0,0,False,False
551871,17,5.59,7.0,2.0,0.0,95.0,7.0,7.0,26088,,12175,England T20 Blast 2022,1,41,Kent,34,Gloucestershire,2022-06-01T19:32:20Z,3,False,,,,361,David Payne,2701,Jordan Cox,2644,George Linde,90,48,Wicketkeeper,0,0,0,0,,BackOfALength,Null,NotOut,Missed,0,Cut,Null,Over,Fast,Right,Null,NotReferred,Null,False,False,False,False,False,False,10,False,False,False,False,False,False,0,0,0,0,0,False,False
551871,17,5.59,7.0,2.0,0.0,95.0,7.0,7.0,26088,,12175,England T20 Blast 2022,1,41,Kent,34,Gloucestershire,2022-06-01T19:32:49Z,4,False,,,,361,David Payne,2701,Jordan Cox,2644,George Linde,294,208,Long On,6,0,6,6,,HalfVolley,Null,NotOut,Played,0,Drive,Null,Over,Fast,Right,Null,NotReferred,Null,False,False,False,False,True,False,10,False,False,False,False,False,False,6,0,0,0,0,False,True
551871,17,5.59,7.0,2.0,0.0,95.0,7.0,7.0,26088,,12175,England T20 Blast 2022,1,41,Kent,34,Gloucestershire,2022-06-01T19:33:24Z,5,True,Caught,2701.0,Jordan Cox,361,David Payne,2701,Jordan Cox,2644,George Linde,90,48,Wicketkeeper,0,0,0,0,Caught,LengthBall,Null,NotOut,Edged,0,Cut,Null,Over,Fast,Right,Out1stUmpire,NotReferred,Null,False,False,False,False,False,False,10,False,False,False,False,False,False,0,0,0,0,0,False,False
551871,17,5.59,7.0,2.0,0.0,95.0,7.0,7.0,26088,,12175,England T20 Blast 2022,1,41,Kent,34,Gloucestershire,2022-06-01T19:34:59Z,6,True,Caught,132.0,Grant Stewart,361,David Payne,132,Grant Stewart,2644,George Linde,90,48,Wicketkeeper,0,0,0,0,Caught,BackOfALength,Null,NotOut,Edged,0,Pushed,Null,Over,Fast,Right,Out1stUmpire,NotReferred,Null,False,False,False,False,False,False,10,False,False,False,False,False,False,0,0,0,0,0,False,False
551877,18,5.83,10.0,1.0,1.0,105.0,8.0,10.0,26088,,12175,England T20 Blast 2022,1,41,Kent,34,Gloucestershire,2022-06-01T19:36:27Z,1,False,,,,121,Zak Chappell,2644,George Linde,2243,Qais Ahmad,309,150,Deep Extra Cover,2,0,2,2,,HalfVolley,Null,NotOut,Played,0,Drive,Null,Over,Fast,Left,Null,NotReferred,Null,False,False,False,False,False,False,3,False,False,False,False,False,False,2,0,0,0,0,False,False
551877,18,5.83,10.0,1.0,1.0,105.0,8.0,10.0,26088,,12175,England T20 Blast 2022,1,41,Kent,34,Gloucestershire,2022-06-01T19:37:12Z,2,False,,,,121,Zak Chappell,2644,George Linde,2243,Qais Ahmad,227,138,Mid On,1,0,1,1,,BackOfALength,Null,NotOut,MisTimed,0,Pull,Null,Over,Fast,Left,Null,NotReferred,Null,False,False,False,False,False,False,3,False,False,False,False,False,False,1,0,0,0,0,False,False
551877,18,5.83,10.0,1.0,1.0,105.0,8.0,10.0,26088,,12175,England T20 Blast 2022,1,41,Kent,34,Gloucestershire,2022-06-01T19:37:51Z,3,False,,,,121,Zak Chappell,2243,Qais Ahmad,2644,George Linde,90,48,Wicketkeeper,1,1,1,0,,LengthBall,Null,NotOut,Missed,0,Cut,Null,Over,Fast,Left,Null,NotReferred,Null,True,False,False,False,False,False,3,False,False,False,False,False,False,0,0,1,0,0,False,False
551877,18,5.83,10.0,1.0,1.0,105.0,8.0,10.0,26088,,12175,England T20 Blast 2022,1,41,Kent,34,Gloucestershire,2022-06-01T19:38:23Z,3,False,,,,121,Zak Chappell,2243,Qais Ahmad,2644,George Linde,155,85,Backward Point,1,0,1,1,,LengthBall,Null,NotOut,Edged,0,Pushed,Null,Over,Fast,Left,Null,NotReferred,Null,False,False,False,False,False,False,3,False,False,False,False,False,False,1,0,0,0,0,False,False
551877,18,5.83,10.0,1.0,1.0,105.0,8.0,10.0,26088,,12175,England T20 Blast 2022,1,41,Kent,34,Gloucestershire,2022-06-01T19:39:01Z,4,True,Caught,2644.0,George Linde,121,Zak Chappell,2644,George Linde,2243,Qais Ahmad,284,167,Long Off,0,0,0,0,Caught,HalfVolley,Null,NotOut,Played,0,Drive,Null,Over,Fast,Left,Out2ndUmpire,NotReferred,Null,False,False,False,False,True,False,3,False,False,False,False,False,False,0,0,0,0,0,False,False
551877,18,5.83,10.0,1.0,1.0,105.0,8.0,10.0,26088,,12175,England T20 Blast 2022,1,41,Kent,34,Gloucestershire,2022-06-01T19:40:31Z,5,False,,,,121,Zak Chappell,154,Matt Milnes,2243,Qais Ahmad,147,181,Third Man,4,0,4,4,,BackOfALength,Null,NotOut,Played,0,LateCut,Null,Over,Fast,Left,Null,NotReferred,Null,False,False,False,False,False,False,3,False,False,False,False,False,False,4,0,0,0,0,False,False
551877,18,5.83,10.0,1.0,1.0,105.0,8.0,10.0,26088,,12175,England T20 Blast 2022,1,41,Kent,34,Gloucestershire,2022-06-01T19:41:08Z,6,False,,,,121,Zak Chappell,154,Matt Milnes,2243,Qais Ahmad,328,51,Short Mid Wicket,1,0,1,1,,BackOfALength,Null,NotOut,Played,0,Worked,Null,Over,Fast,Left,Null,NotReferred,Null,False,False,False,False,False,False,3,False,False,False,False,False,False,1,0,0,0,0,False,False
551882,19,5.79,5.0,1.0,0.0,110.0,9.0,5.0,26088,,12175,England T20 Blast 2022,1,41,Kent,34,Gloucestershire,2022-06-01T19:42:02Z,1,False,,,,361,David Payne,154,Matt Milnes,2243,Qais Ahmad,352,81,Mid Wicket,1,0,1,1,,BackOfALength,Null,NotOut,Played,0,Worked,Null,Over,Fast,Right,Null,NotReferred,Null,False,False,False,False,False,False,10,False,False,False,False,False,False,1,0,0,0,0,False,False
551882,19,5.79,5.0,1.0,0.0,110.0,9.0,5.0,26088,,12175,England T20 Blast 2022,1,41,Kent,34,Gloucestershire,2022-06-01T19:42:35Z,2,True,Caught,2243.0,Qais Ahmad,361,David Payne,2243,Qais Ahmad,154,Matt Milnes,2,131,Deep Square Leg,0,0,0,0,Caught,LengthBall,Null,NotOut,Edged,0,Slog,Null,Over,Fast,Right,Out1stUmpire,NotReferred,Null,False,False,False,False,False,False,10,False,False,False,False,False,False,0,0,0,0,0,False,False
551882,19,5.79,5.0,1.0,0.0,110.0,9.0,5.0,26088,,12175,England T20 Blast 2022,1,41,Kent,34,Gloucestershire,2022-06-01T19:43:49Z,3,False,,,,361,David Payne,2251,Fred Klaassen,154,Matt Milnes,23,87,Backward Square Leg,1,0,1,1,,BackOfALength,Null,NotOut,Played,0,Glance,Null,Over,Fast,Right,Null,NotReferred,Null,False,False,False,False,False,False,10,False,False,False,False,False,False,1,0,0,0,0,False,False
551882,19,5.79,5.0,1.0,0.0,110.0,9.0,5.0,26088,,12175,England T20 Blast 2022,1,41,Kent,34,Gloucestershire,2022-06-01T19:44:16Z,4,False,,,,361,David Payne,154,Matt Milnes,2251,Fred Klaassen,306,127,Mid On,1,0,1,1,,Yorker,Null,NotOut,Edged,0,Drive,Null,Over,Fast,Right,Null,NotReferred,Null,False,False,False,False,False,False,10,False,False,False,False,False,False,1,0,0,0,0,False,False
551882,19,5.79,5.0,1.0,0.0,110.0,9.0,5.0,26088,,12175,England T20 Blast 2022,1,41,Kent,34,Gloucestershire,2022-06-01T19:44:39Z,5,False,,,,361,David Payne,2251,Fred Klaassen,154,Matt Milnes,233,97,Mid Off,1,0,1,1,,LengthBall,Null,NotOut,MisTimed,0,Pushed,Null,Over,Fast,Right,Null,NotReferred,Null,False,False,False,False,False,False,10,False,False,False,False,False,False,1,0,0,0,0,False,False
551882,19,5.79,5.0,1.0,0.0,110.0,9.0,5.0,26088,,12175,England T20 Blast 2022,1,41,Kent,34,Gloucestershire,2022-06-01T19:45:11Z,6,False,,,,361,David Payne,154,Matt Milnes,2251,Fred Klaassen,311,138,Mid On,1,0,1,1,,Yorker,Null,NotOut,MisTimed,0,Drive,Null,Over,Fast,Right,Null,NotReferred,Null,False,False,False,False,False,False,10,False,False,False,False,False,False,1,0,0,0,0,False,False
551887,20,5.91,4.0,1.0,0.0,114.0,10.0,4.0,26088,,12175,England T20 Blast 2022,1,41,Kent,34,Gloucestershire,2022-06-01T19:46:17Z,1,False,,,,39,Ryan Higgins,154,Matt Milnes,2251,Fred Klaassen,357,105,Square Leg,2,0,2,2,,Short,Null,NotOut,MisTimed,0,Pull,Null,Over,Medium,Left,Null,NotReferred,Null,False,False,False,False,False,False,3,False,False,False,False,False,False,2,0,0,0,0,False,False
551887,20,5.91,4.0,1.0,0.0,114.0,10.0,4.0,26088,,12175,England T20 Blast 2022,1,41,Kent,34,Gloucestershire,2022-06-01T19:46:48Z,2,False,,,,39,Ryan Higgins,154,Matt Milnes,2251,Fred Klaassen,330,109,Mid Wicket,2,0,2,2,,BackOfALength,Null,NotOut,Played,0,Pull,Null,Over,Medium,Left,Null,NotReferred,Null,False,False,False,False,False,False,3,False,False,False,False,False,False,2,0,0,0,0,False,False
551887,20,5.91,4.0,1.0,0.0,114.0,10.0,4.0,26088,,12175,England T20 Blast 2022,1,41,Kent,34,Gloucestershire,2022-06-01T19:47:16Z,3,True,Caught,154.0,Matt Milnes,39,Ryan Higgins,154,Matt Milnes,2251,Fred Klaassen,90,48,Wicketkeeper,0,0,0,0,Caught,Short,Null,NotOut,Edged,0,Pull,Null,Over,Medium,Left,Out2ndUmpire,NotReferred,Null,False,False,False,False,False,False,3,False,False,False,False,False,False,0,0,0,0,0,False,False
551894,1,8.0,8.0,0.0,1.0,8.0,0.0,8.0,26135,,12175,England T20 Blast 2022,2,34,Gloucestershire,41,Kent,2022-06-01T20:00:08Z,1,False,,,,453,Jack Leaning,35,Miles Hammond,36,James Bracey,90,48,Wicketkeeper,1,1,1,0,,BackOfALength,Null,NotOut,NoShot,0,Leave,Null,Round,OffSpin,Left,Null,NotReferred,Null,True,False,False,False,False,False,10,False,True,True,False,False,False,0,0,1,0,0,False,False
551894,1,8.0,8.0,0.0,1.0,8.0,0.0,8.0,26135,,12175,England T20 Blast 2022,2,34,Gloucestershire,41,Kent,2022-06-01T20:00:25Z,1,False,,,,453,Jack Leaning,35,Miles Hammond,36,James Bracey,358,146,Deep Point,2,0,2,2,,HalfVolley,Null,NotOut,Played,0,Drive,Null,Round,OffSpin,Left,Null,NotReferred,Null,False,False,False,False,False,False,10,False,False,True,False,False,False,2,0,0,0,0,False,False
551894,1,8.0,8.0,0.0,1.0,8.0,0.0,8.0,26135,,12175,England T20 Blast 2022,2,34,Gloucestershire,41,Kent,2022-06-01T20:00:48Z,2,False,,,,453,Jack Leaning,35,Miles Hammond,36,James Bracey,148,180,Fine Leg,4,0,4,4,,BackOfALength,Null,NotOut,Edged,0,SlogSweep,Null,Round,OffSpin,Left,Null,NotReferred,Null,False,False,False,False,False,False,10,False,False,True,False,False,False,4,0,0,0,0,False,False
551894,1,8.0,8.0,0.0,1.0,8.0,0.0,8.0,26135,,12175,England T20 Blast 2022,2,34,Gloucestershire,41,Kent,2022-06-01T20:01:17Z,3,False,,,,453,Jack Leaning,35,Miles Hammond,36,James Bracey,329,68,Extra Cover,0,0,0,0,,LengthBall,Null,NotOut,Played,0,ForwardDefensive,Null,Round,OffSpin,Left,Null,NotReferred,Null,False,False,False,False,False,False,10,False,False,True,False,False,False,0,0,0,0,0,False,False
551894,1,8.0,8.0,0.0,1.0,8.0,0.0,8.0,26135,,12175,England T20 Blast 2022,2,34,Gloucestershire,41,Kent,2022-06-01T20:01:32Z,4,False,,,,453,Jack Leaning,35,Miles Hammond,36,James Bracey,327,82,Extra Cover,0,0,0,0,,LengthBall,Null,NotOut,Played,0,ForwardDefensive,Null,Round,OffSpin,Left,Null,NotReferred,Null,False,False,False,False,False,False,10,False,False,True,False,False,False,0,0,0,0,0,False,False
551894,1,8.0,8.0,0.0,1.0,8.0,0.0,8.0,26135,,12175,England T20 Blast 2022,2,34,Gloucestershire,41,Kent,2022-06-01T20:01:46Z,5,False,,,,453,Jack Leaning,35,Miles Hammond,36,James Bracey,270,40,Bowler,0,0,0,0,,HalfVolley,Null,NotOut,Played,0,Pushed,Null,Round,OffSpin,Left,Null,NotReferred,Null,False,False,False,False,False,False,10,False,False,True,False,False,False,0,0,0,0,0,False,False
551894,1,8.0,8.0,0.0,1.0,8.0,0.0,8.0,26135,,12175,England T20 Blast 2022,2,34,Gloucestershire,41,Kent,2022-06-01T20:02:00Z,6,False,,,,453,Jack Leaning,35,Miles Hammond,36,James Bracey,10,147,Deep Backward Point,1,0,1,1,,LengthBall,Null,NotOut,Played,0,Cut,Null,Round,OffSpin,Left,Null,NotReferred,Null,False,False,False,False,False,False,10,False,False,True,False,False,False,1,0,0,0,0,False,False
551897,2,9.0,10.0,2.0,0.0,18.0,2.0,10.0,26135,,12175,England T20 Blast 2022,2,34,Gloucestershire,41,Kent,2022-06-01T20:03:08Z,1,False,,,,132,Grant Stewart,35,Miles Hammond,36,James Bracey,345,79,Cover,0,0,0,0,,LengthBall,Null,NotOut,Played,0,Pushed,Null,Over,Fast,Left,Null,NotReferred,Null,False,False,False,False,False,False,3,False,False,True,False,False,False,0,0,0,0,0,False,False
551897,2,9.0,10.0,2.0,0.0,18.0,2.0,10.0,26135,,12175,England T20 Blast 2022,2,34,Gloucestershire,41,Kent,2022-06-01T20:03:35Z,2,False,,,,132,Grant Stewart,35,Miles Hammond,36,James Bracey,147,183,Fine Leg,6,0,6,6,,BackOfALength,Null,NotOut,Played,0,Glance,Null,Over,Fast,Left,Null,NotReferred,Null,False,False,False,False,False,False,3,False,False,True,False,False,False,6,0,0,0,0,False,True
551897,2,9.0,10.0,2.0,0.0,18.0,2.0,10.0,26135,,12175,England T20 Blast 2022,2,34,Gloucestershire,41,Kent,2022-06-01T20:04:06Z,3,False,,,,132,Grant Stewart,35,Miles Hammond,36,James Bracey,347,193,Deep Cover,4,0,4,4,,HalfVolley,Null,NotOut,Played,0,Drive,Null,Over,Fast,Left,Null,NotReferred,Null,False,False,False,False,False,False,3,False,False,True,False,False,False,4,0,0,0,0,False,True
551897,2,9.0,10.0,2.0,0.0,18.0,2.0,10.0,26135,,12175,England T20 Blast 2022,2,34,Gloucestershire,41,Kent,2022-06-01T20:04:38Z,4,False,,,,132,Grant Stewart,35,Miles Hammond,36,James Bracey,349,82,Cover,0,0,0,0,,HalfVolley,Null,NotOut,Played,0,Drive,Null,Over,Fast,Left,Null,NotReferred,Null,False,False,False,False,False,False,3,False,False,True,False,False,False,0,0,0,0,0,False,False
551897,2,9.0,10.0,2.0,0.0,18.0,2.0,10.0,26135,,12175,England T20 Blast 2022,2,34,Gloucestershire,41,Kent,2022-06-01T20:05:07Z,5,True,Caught,35.0,Miles Hammond,132,Grant Stewart,35,Miles Hammond,36,James Bracey,218,93,Mid Wicket,0,0,0,0,Caught,LengthBall,Null,NotOut,Edged,0,Worked,Null,Over,Fast,Left,Out2ndUmpire,NotReferred,Null,False,False,False,False,False,False,3,False,False,True,False,False,False,0,0,0,0,0,False,False
551897,2,9.0,10.0,2.0,0.0,18.0,2.0,10.0,26135,,12175,England T20 Blast 2022,2,34,Gloucestershire,41,Kent,2022-06-01T20:06:35Z,6,True,Caught,357.0,Ian Cockbain,132,Grant Stewart,357,Ian Cockbain,36,James Bracey,105,50,First Slip,0,0,0,0,Caught,LengthBall,Null,NotOut,Edged,0,Pushed,Null,Over,Fast,Left,Out2ndUmpire,NotReferred,Null,False,False,False,False,False,False,3,False,False,True,False,False,False,0,0,0,0,0,False,False
551902,3,6.33,1.0,0.0,0.0,19.0,2.0,1.0,26135,,12175,England T20 Blast 2022,2,34,Gloucestershire,41,Kent,2022-06-01T20:08:15Z,1,False,,,,2251,Fred Klaassen,36,James Bracey,1837,Glenn Phillips,20,79,Backward Point,0,0,0,0,,LengthBall,Null,NotOut,Edged,0,ForwardDefensive,Null,Over,Fast,Right,Null,NotReferred,Null,False,False,False,False,False,False,10,False,False,True,False,False,False,0,0,0,0,0,False,False
551902,3,6.33,1.0,0.0,0.0,19.0,2.0,1.0,26135,,12175,England T20 Blast 2022,2,34,Gloucestershire,41,Kent,2022-06-01T20:08:39Z,2,False,,,,2251,Fred Klaassen,36,James Bracey,1837,Glenn Phillips,248,23,Short Leg,0,0,0,0,,BackOfALength,Null,NotOut,Played,0,BackwardDefensive,Null,Over,Fast,Right,Null,NotReferred,Null,False,False,False,False,False,False,10,False,False,True,False,False,False,0,0,0,0,0,False,False
551902,3,6.33,1.0,0.0,0.0,19.0,2.0,1.0,26135,,12175,England T20 Blast 2022,2,34,Gloucestershire,41,Kent,2022-06-01T20:09:07Z,3,False,,,,2251,Fred Klaassen,36,James Bracey,1837,Glenn Phillips,270,40,Bowler,0,0,0,0,,LengthBall,Null,NotOut,Played,0,ForwardDefensive,Null,Over,Fast,Right,Null,NotReferred,Null,False,False,False,False,False,False,10,False,False,True,False,False,False,0,0,0,0,0,False,False
551902,3,6.33,1.0,0.0,0.0,19.0,2.0,1.0,26135,,12175,England T20 Blast 2022,2,34,Gloucestershire,41,Kent,2022-06-01T20:09:35Z,4,False,,,,2251,Fred Klaassen,36,James Bracey,1837,Glenn Phillips,190,53,Short Mid Wicket,1,0,1,1,,LengthBall,Null,NotOut,MisTimed,0,Worked,Null,Over,Fast,Right,Null,NotReferred,Null,False,False,False,False,False,False,10,False,False,True,False,False,False,1,0,0,0,0,False,False
551902,3,6.33,1.0,0.0,0.0,19.0,2.0,1.0,26135,,12175,England T20 Blast 2022,2,34,Gloucestershire,41,Kent,2022-06-01T20:10:27Z,5,False,,,,2251,Fred Klaassen,1837,Glenn Phillips,36,James Bracey,333,18,Short Leg,0,0,0,0,,BackOfALength,Null,NotOut,Played,0,BackwardDefensive,Null,Over,Fast,Right,Null,NotReferred,Null,False,False,False,False,False,False,10,False,False,True,False,False,False,0,0,0,0,0,False,False
551902,3,6.33,1.0,0.0,0.0,19.0,2.0,1.0,26135,,12175,England T20 Blast 2022,2,34,Gloucestershire,41,Kent,2022-06-01T20:10:55Z,6,False,,,,2251,Fred Klaassen,1837,Glenn Phillips,36,James Bracey,180,60,Point,0,0,0,0,,BackOfALength,Null,NotOut,Played,0,Dropped,Null,Over,Fast,Right,Null,NotReferred,Null,False,False,False,False,False,False,10,False,False,True,False,False,False,0,0,0,0,0,False,False
551909,4,5.75,4.0,0.0,0.0,23.0,2.0,4.0,26135,,12175,England T20 Blast 2022,2,34,Gloucestershire,41,Kent,2022-06-01T20:11:46Z,1,False,,,,132,Grant Stewart,36,James Bracey,1837,Glenn Phillips,303,88,Mid Off,0,0,0,0,,LengthBall,Null,NotOut,Played,0,Pushed,Null,Over,Fast,Left,Null,NotReferred,Null,False,False,False,False,False,False,3,False,False,True,False,False,False,0,0,0,0,0,False,False
551909,4,5.75,4.0,0.0,0.0,23.0,2.0,4.0,26135,,12175,England T20 Blast 2022,2,34,Gloucestershire,41,Kent,2022-06-01T20:12:13Z,2,False,,,,132,Grant Stewart,36,James Bracey,1837,Glenn Phillips,2,77,Point,0,0,0,0,,BackOfALength,Null,NotOut,Played,0,Steer,Null,Over,Fast,Left,Null,NotReferred,Null,False,False,False,False,False,False,3,False,False,True,False,False,False,0,0,0,0,0,False,False
551909,4,5.75,4.0,0.0,0.0,23.0,2.0,4.0,26135,,12175,England T20 Blast 2022,2,34,Gloucestershire,41,Kent,2022-06-01T20:12:41Z,3,False,,,,132,Grant Stewart,36,James Bracey,1837,Glenn Phillips,303,83,Mid Off,1,0,1,1,,BackOfALength,Null,NotOut,Played,0,Pushed,Null,Over,Fast,Left,Null,NotReferred,Null,False,False,False,False,False,False,3,False,False,True,False,False,False,1,0,0,0,0,False,False
551909,4,5.75,4.0,0.0,0.0,23.0,2.0,4.0,26135,,12175,England T20 Blast 2022,2,34,Gloucestershire,41,Kent,2022-06-01T20:13:22Z,4,False,,,,132,Grant Stewart,1837,Glenn Phillips,36,James Bracey,189,61,Point,0,0,0,0,,BackOfALength,Null,NotOut,Played,0,BackwardDefensive,Null,Over,Fast,Left,Null,NotReferred,Null,False,False,False,False,False,False,3,False,False,True,False,False,False,0,0,0,0,0,False,False
551909,4,5.75,4.0,0.0,0.0,23.0,2.0,4.0,26135,,12175,England T20 Blast 2022,2,34,Gloucestershire,41,Kent,2022-06-01T20:13:51Z,5,False,,,,132,Grant Stewart,1837,Glenn Phillips,36,James Bracey,323,166,Deep Mid Wicket,3,0,3,3,,FullToss,Null,NotOut,Played,0,Worked,Null,Over,Fast,Left,Null,NotReferred,Null,False,False,False,False,False,False,3,False,False,True,False,False,False,3,0,0,0,0,False,False
551909,4,5.75,4.0,0.0,0.0,23.0,2.0,4.0,26135,,12175,England T20 Blast 2022,2,34,Gloucestershire,41,Kent,2022-06-01T20:14:28Z,6,False,,,,132,Grant Stewart,36,James Bracey,1837,Glenn Phillips,347,80,Cover,0,0,0,0,,BackOfALength,Null,NotOut,Played,0,Cut,Null,Over,Fast,Left,Null,NotReferred,Null,False,False,False,False,False,False,3,False,False,True,False,False,False,0,0,0,0,0,False,False
551914,5,6.0,7.0,0.0,0.0,30.0,2.0,7.0,26135,,12175,England T20 Blast 2022,2,34,Gloucestershire,41,Kent,2022-06-01T20:15:50Z,1,False,,,,2251,Fred Klaassen,1837,Glenn Phillips,36,James Bracey,263,202,Long Off,4,0,4,4,,HalfVolley,Null,NotOut,HitHard,0,Drive,Null,Over,Fast,Right,Null,NotReferred,Null,False,False,False,False,False,False,10,False,False,True,False,False,False,4,0,0,0,0,False,True
551914,5,6.0,7.0,0.0,0.0,30.0,2.0,7.0,26135,,12175,England T20 Blast 2022,2,34,Gloucestershire,41,Kent,2022-06-01T20:16:19Z,2,False,,,,2251,Fred Klaassen,1837,Glenn Phillips,36,James Bracey,161,83,Backward Point,0,0,0,0,,BackOfALength,Null,NotOut,Played,0,Steer,Null,Over,Fast,Right,Null,NotReferred,Null,False,False,False,False,False,False,10,False,False,True,False,False,False,0,0,0,0,0,False,False
551914,5,6.0,7.0,0.0,0.0,30.0,2.0,7.0,26135,,12175,England T20 Blast 2022,2,34,Gloucestershire,41,Kent,2022-06-01T20:16:44Z,3,False,,,,2251,Fred Klaassen,1837,Glenn Phillips,36,James Bracey,338,55,Short Mid Wicket,1,0,1,1,,LengthBall,Null,NotOut,Played,0,Worked,Null,Over,Fast,Right,Null,NotReferred,Null,False,False,False,False,False,False,10,False,False,True,False,False,False,1,0,0,0,0,False,False
551914,5,6.0,7.0,0.0,0.0,30.0,2.0,7.0,26135,,12175,England T20 Blast 2022,2,34,Gloucestershire,41,Kent,2022-06-01T20:17:29Z,4,False,,,,2251,Fred Klaassen,36,James Bracey,1837,Glenn Phillips,210,148,Deep Mid Wicket,2,0,2,2,,LengthBall,Null,NotOut,Played,0,Worked,Null,Over,Fast,Right,Null,NotReferred,Null,False,False,False,False,False,False,10,False,False,True,False,False,False,2,0,0,0,0,False,False
551914,5,6.0,7.0,0.0,0.0,30.0,2.0,7.0,26135,,12175,England T20 Blast 2022,2,34,Gloucestershire,41,Kent,2022-06-01T20:18:06Z,5,False,,,,2251,Fred Klaassen,36,James Bracey,1837,Glenn Phillips,243,88,Mid On,0,0,0,0,,LengthBall,Null,NotOut,Played,0,Drive,Null,Over,Fast,Right,Null,NotReferred,Null,False,False,False,False,False,False,10,False,False,True,False,False,False,0,0,0,0,0,False,False
551914,5,6.0,7.0,0.0,0.0,30.0,2.0,7.0,26135,,12175,England T20 Blast 2022,2,34,Gloucestershire,41,Kent,2022-06-01T20:18:37Z,6,False,,,,2251,Fred Klaassen,36,James Bracey,1837,Glenn Phillips,333,45,Short Extra Cover,0,0,0,0,,BackOfALength,Null,NotOut,Played,0,BackwardDefensive,Null,Over,Fast,Right,Null,NotReferred,Null,False,False,False,False,False,False,10,False,False,True,False,False,False,0,0,0,0,0,False,False
551918,6,5.83,5.0,1.0,0.0,35.0,3.0,5.0,26135,,12175,England T20 Blast 2022,2,34,Gloucestershire,41,Kent,2022-06-01T20:20:03Z,1,False,,,,154,Matt Milnes,1837,Glenn Phillips,36,James Bracey,212,49,Short Extra Cover,0,0,0,0,,BackOfALength,Null,NotOut,Played,0,BackwardDefensive,Null,Over,Fast,Left,Null,NotReferred,Null,False,False,False,False,False,False,3,False,False,True,False,False,False,0,0,0,0,0,False,False
551918,6,5.83,5.0,1.0,0.0,35.0,3.0,5.0,26135,,12175,England T20 Blast 2022,2,34,Gloucestershire,41,Kent,2022-06-01T20:20:32Z,2,False,,,,154,Matt Milnes,1837,Glenn Phillips,36,James Bracey,121,144,Third Man,1,0,1,1,,LengthBall,Null,NotOut,Edged,0,BackwardDefensive,Null,Over,Fast,Left,Null,NotReferred,Null,False,False,False,False,False,False,3,False,False,True,False,False,False,1,0,0,0,0,False,False
551918,6,5.83,5.0,1.0,0.0,35.0,3.0,5.0,26135,,12175,England T20 Blast 2022,2,34,Gloucestershire,41,Kent,2022-06-01T20:21:09Z,3,False,,,,154,Matt Milnes,36,James Bracey,1837,Glenn Phillips,342,82,Cover,0,0,0,0,,BackOfALength,Null,NotOut,HitHard,0,Cut,Null,Over,Fast,Left,Null,NotReferred,Null,False,False,False,False,False,False,3,False,False,True,False,False,False,0,0,0,0,0,False,False
551918,6,5.83,5.0,1.0,0.0,35.0,3.0,5.0,26135,,12175,England T20 Blast 2022,2,34,Gloucestershire,41,Kent,2022-06-01T20:21:40Z,4,False,,,,154,Matt Milnes,36,James Bracey,1837,Glenn Phillips,359,189,Deep Point,4,0,4,4,,LengthBall,Null,NotOut,HitHard,0,Cut,Null,Over,Fast,Left,Null,NotReferred,Null,False,False,False,False,False,False,3,False,False,True,False,False,False,4,0,0,0,0,False,True
551918,6,5.83,5.0,1.0,0.0,35.0,3.0,5.0,26135,,12175,England T20 Blast 2022,2,34,Gloucestershire,41,Kent,2022-06-01T20:22:20Z,5,True,Caught,36.0,James Bracey,154,Matt Milnes,36,James Bracey,1837,Glenn Phillips,299,90,Mid Off,0,0,0,0,Caught,HalfVolley,Null,NotOut,MisTimed,0,Drive,Null,Over,Fast,Left,Out2ndUmpire,NotReferred,Null,False,False,False,False,False,False,3,False,False,True,False,False,False,0,0,0,0,0,False,False
551918,6,5.83,5.0,1.0,0.0,35.0,3.0,5.0,26135,,12175,England T20 Blast 2022,2,34,Gloucestershire,41,Kent,2022-06-01T20:23:59Z,6,False,,,,154,Matt Milnes,39,Ryan Higgins,1837,Glenn Phillips,239,87,Mid Off,0,0,0,0,,LengthBall,Null,NotOut,Played,0,Drive,Null,Over,Fast,Left,Null,NotReferred,Null,False,False,False,False,False,False,3,False,False,True,False,False,False,0,0,0,0,0,False,False
551922,7,6.29,9.0,0.0,1.0,44.0,3.0,9.0,26135,,12175,England T20 Blast 2022,2,34,Gloucestershire,41,Kent,2022-06-01T20:25:08Z,1,False,,,,2243,Qais Ahmad,1837,Glenn Phillips,39,Ryan Higgins,162,82,Backward Point,0,0,0,0,,LengthBall,Null,NotOut,Played,0,Steer,Null,Over,LegSpin,Left,Null,NotReferred,Null,False,False,False,False,False,False,10,False,False,False,False,False,False,0,0,0,0,0,False,False
551922,7,6.29,9.0,0.0,1.0,44.0,3.0,9.0,26135,,12175,England T20 Blast 2022,2,34,Gloucestershire,41,Kent,2022-06-01T20:25:23Z,2,False,,,,2243,Qais Ahmad,1837,Glenn Phillips,39,Ryan Higgins,90,48,Wicketkeeper,1,1,1,0,,LengthBall,Null,NotOut,MissedLegSide,0,Glance,Null,Over,LegSpin,Left,Null,NotReferred,Null,True,False,False,False,False,False,10,False,False,False,False,False,False,0,0,1,0,0,False,False
551922,7,6.29,9.0,0.0,1.0,44.0,3.0,9.0,26135,,12175,England T20 Blast 2022,2,34,Gloucestershire,41,Kent,2022-06-01T20:25:42Z,2,False,,,,2243,Qais Ahmad,1837,Glenn Phillips,39,Ryan Higgins,15,76,Backward Square Leg,1,0,1,1,,LengthBall,Null,NotOut,Played,0,Worked,Null,Over,LegSpin,Left,Null,NotReferred,Null,False,False,False,False,False,False,10,False,False,False,False,False,False,1,0,0,0,0,False,False
551922,7,6.29,9.0,0.0,1.0,44.0,3.0,9.0,26135,,12175,England T20 Blast 2022,2,34,Gloucestershire,41,Kent,2022-06-01T20:26:19Z,3,False,,,,2243,Qais Ahmad,39,Ryan Higgins,1837,Glenn Phillips,90,48,Wicketkeeper,0,0,0,0,,BackOfALength,Null,NotOut,Missed,0,Cut,Null,Over,LegSpin,Left,Null,NotReferred,Null,False,False,False,False,False,False,10,False,False,False,False,False,False,0,0,0,0,0,False,False
551922,7,6.29,9.0,0.0,1.0,44.0,3.0,9.0,26135,,12175,England T20 Blast 2022,2,34,Gloucestershire,41,Kent,2022-06-01T20:26:40Z,4,False,,,,2243,Qais Ahmad,39,Ryan Higgins,1837,Glenn Phillips,162,82,Backward Point,0,0,0,0,,LengthBall,Null,NotOut,Played,0,ReverseSweep,Null,Over,LegSpin,Left,Null,NotReferred,Null,False,False,False,False,False,False,10,False,False,False,False,False,False,0,0,0,0,0,False,False
551922,7,6.29,9.0,0.0,1.0,44.0,3.0,9.0,26135,,12175,England T20 Blast 2022,2,34,Gloucestershire,41,Kent,2022-06-01T20:26:58Z,5,False,,,,2243,Qais Ahmad,39,Ryan Higgins,1837,Glenn Phillips,320,210,Deep Mid Wicket,6,0,6,6,,HalfVolley,Null,NotOut,Played,0,Drive,Null,Over,LegSpin,Left,Null,NotReferred,Null,False,False,False,False,False,False,10,False,False,False,False,False,False,6,0,0,0,0,False,False
551922,7,6.29,9.0,0.0,1.0,44.0,3.0,9.0,26135,,12175,England T20 Blast 2022,2,34,Gloucestershire,41,Kent,2022-06-01T20:27:31Z,6,False,,,,2243,Qais Ahmad,39,Ryan Higgins,1837,Glenn Phillips,339,142,Deep Mid Wicket,1,0,1,1,,LengthBall,Null,NotOut,Played,0,Worked,Null,Over,LegSpin,Left,Null,NotReferred,Null,False,False,False,False,False,False,10,False,False,False,False,False,False,1,0,0,0,0,False,False
551925,8,5.88,3.0,1.0,0.0,47.0,4.0,3.0,26135,,12175,England T20 Blast 2022,2,34,Gloucestershire,41,Kent,2022-06-01T20:28:24Z,1,False,,,,2644,George Linde,39,Ryan Higgins,1837,Glenn Phillips,182,79,Point,0,0,0,0,,BackOfALength,Null,NotOut,MisTimed,0,Cut,Null,Round,Orthodox,Right,Null,NotReferred,Null,False,False,False,False,False,False,3,False,False,False,False,False,False,0,0,0,0,0,False,False
551925,8,5.88,3.0,1.0,0.0,47.0,4.0,3.0,26135,,12175,England T20 Blast 2022,2,34,Gloucestershire,41,Kent,2022-06-01T20:28:45Z,2,False,,,,2644,George Linde,39,Ryan Higgins,1837,Glenn Phillips,128,75,Short Third Man,1,0,1,1,,BackOfALength,Null,NotOut,Edged,0,Cut,Null,Round,Orthodox,Right,Null,NotReferred,Null,False,False,False,False,False,False,3,False,False,False,False,False,False,1,0,0,0,0,False,False
551925,8,5.88,3.0,1.0,0.0,47.0,4.0,3.0,26135,,12175,England T20 Blast 2022,2,34,Gloucestershire,41,Kent,2022-06-01T20:29:11Z,3,False,,,,2644,George Linde,1837,Glenn Phillips,39,Ryan Higgins,198,148,Deep Cover,1,0,1,1,,BackOfALength,Null,NotOut,Played,0,Cut,Null,Round,Orthodox,Right,Null,NotReferred,Null,False,False,False,False,False,False,3,False,False,False,False,False,False,1,0,0,0,0,False,False
551925,8,5.88,3.0,1.0,0.0,47.0,4.0,3.0,26135,,12175,England T20 Blast 2022,2,34,Gloucestershire,41,Kent,2022-06-01T20:29:33Z,4,False,,,,2644,George Linde,39,Ryan Higgins,1837,Glenn Phillips,90,48,Wicketkeeper,0,0,0,0,,LengthBall,Null,NotOut,Missed,0,ReverseSweep,Null,Round,Orthodox,Right,Null,NotReferred,Null,False,False,False,False,False,False,3,False,False,False,False,False,False,0,0,0,0,0,False,False
551925,8,5.88,3.0,1.0,0.0,47.0,4.0,3.0,26135,,12175,England T20 Blast 2022,2,34,Gloucestershire,41,Kent,2022-06-01T20:29:54Z,5,True,Caught,39.0,Ryan Higgins,2644,George Linde,39,Ryan Higgins,1837,Glenn Phillips,159,84,Backward Point,0,0,0,0,Caught,BackOfALength,Null,NotOut,Played,0,Cut,Null,Round,Orthodox,Right,Out2ndUmpire,NotReferred,Null,False,False,False,False,False,False,3,False,False,False,False,False,False,0,0,0,0,0,False,False
551925,8,5.88,3.0,1.0,0.0,47.0,4.0,3.0,26135,,12175,England T20 Blast 2022,2,34,Gloucestershire,41,Kent,2022-06-01T20:31:23Z,6,False,,,,2644,George Linde,358,Jack Taylor,1837,Glenn Phillips,185,141,Deep Point,1,0,1,1,,BackOfALength,Null,NotOut,Played,0,Cut,Null,Round,Orthodox,Right,Null,NotReferred,Null,False,False,False,False,False,False,3,False,False,False,False,False,False,1,0,0,0,0,False,False
551930,9,5.33,1.0,0.0,0.0,48.0,4.0,1.0,26135,,12175,England T20 Blast 2022,2,34,Gloucestershire,41,Kent,2022-06-01T20:32:28Z,1,False,,,,2243,Qais Ahmad,358,Jack Taylor,1837,Glenn Phillips,218,79,Extra Cover,0,0,0,0,,LengthBall,Null,NotOut,Played,0,ForwardDefensive,Null,Over,LegSpin,Left,Null,NotReferred,Null,False,False,False,False,False,False,10,False,False,False,False,False,False,0,0,0,0,0,False,False
551930,9,5.33,1.0,0.0,0.0,48.0,4.0,1.0,26135,,12175,England T20 Blast 2022,2,34,Gloucestershire,41,Kent,2022-06-01T20:32:42Z,2,False,,,,2243,Qais Ahmad,358,Jack Taylor,1837,Glenn Phillips,90,48,Wicketkeeper,0,0,0,0,,BackOfALength,Null,NotOut,Missed,0,Cut,Null,Over,LegSpin,Left,Null,NotReferred,Null,False,False,False,False,False,False,10,False,False,False,False,False,False,0,0,0,0,0,False,False
551930,9,5.33,1.0,0.0,0.0,48.0,4.0,1.0,26135,,12175,England T20 Blast 2022,2,34,Gloucestershire,41,Kent,2022-06-01T20:32:58Z,3,False,,,,2243,Qais Ahmad,358,Jack Taylor,1837,Glenn Phillips,300,80,Mid On,0,0,0,0,,BackOfALength,Null,NotOut,MisTimed,0,Pull,Null,Over,LegSpin,Left,Null,NotReferred,Null,False,False,False,False,False,False,10,False,False,False,False,False,False,0,0,0,0,0,False,False
551930,9,5.33,1.0,0.0,0.0,48.0,4.0,1.0,26135,,12175,England T20 Blast 2022,2,34,Gloucestershire,41,Kent,2022-06-01T20:33:15Z,4,False,,,,2243,Qais Ahmad,358,Jack Taylor,1837,Glenn Phillips,52,55,Leg Slip,0,0,0,0,,HalfVolley,Null,NotOut,Edged,0,Drive,Null,Over,LegSpin,Left,Null,NotReferred,Null,False,False,False,False,False,False,10,False,False,False,False,False,False,0,0,0,0,0,False,False
551930,9,5.33,1.0,0.0,0.0,48.0,4.0,1.0,26135,,12175,England T20 Blast 2022,2,34,Gloucestershire,41,Kent,2022-06-01T20:33:35Z,5,False,,,,2243,Qais Ahmad,358,Jack Taylor,1837,Glenn Phillips,337,126,Mid Wicket,1,0,1,1,,LengthBall,Null,NotOut,Played,0,Worked,Null,Over,LegSpin,Left,Null,NotReferred,Null,False,False,False,False,False,False,10,False,False,False,False,False,False,1,0,0,0,0,False,False
551930,9,5.33,1.0,0.0,0.0,48.0,4.0,1.0,26135,,12175,England T20 Blast 2022,2,34,Gloucestershire,41,Kent,2022-06-01T20:34:01Z,6,False,,,,2243,Qais Ahmad,1837,Glenn Phillips,358,Jack Taylor,207,62,Short Extra Cover,0,0,0,0,,LengthBall,Null,NotOut,Played,0,ForwardDefensive,Null,Over,LegSpin,Left,Null,NotReferred,Null,False,False,False,False,False,False,10,False,False,False,False,False,False,0,0,0,0,0,False,False
551934,10,5.2,4.0,0.0,0.0,52.0,4.0,4.0,26135,,12175,England T20 Blast 2022,2,34,Gloucestershire,41,Kent,2022-06-01T20:34:50Z,1,False,,,,2644,George Linde,358,Jack Taylor,1837,Glenn Phillips,190,101,Cover,1,0,1,1,,LengthBall,Null,NotOut,Played,0,Pushed,Null,Round,Orthodox,Right,Null,NotReferred,Null,False,False,False,False,False,False,3,False,False,False,False,False,False,1,0,0,0,0,False,False
551934,10,5.2,4.0,0.0,0.0,52.0,4.0,4.0,26135,,12175,England T20 Blast 2022,2,34,Gloucestershire,41,Kent,2022-06-01T20:35:20Z,2,False,,,,2644,George Linde,1837,Glenn Phillips,358,Jack Taylor,176,146,Deep Point,1,0,1,1,,BackOfALength,Null,NotOut,Played,0,Cut,Null,Round,Orthodox,Right,Null,NotReferred,Null,False,False,False,False,False,False,3,False,False,False,False,False,False,1,0,0,0,0,False,False
551934,10,5.2,4.0,0.0,0.0,52.0,4.0,4.0,26135,,12175,England T20 Blast 2022,2,34,Gloucestershire,41,Kent,2022-06-01T20:35:54Z,3,False,,,,2644,George Linde,358,Jack Taylor,1837,Glenn Phillips,184,142,Deep Point,1,0,1,1,,BackOfALength,Null,NotOut,Played,0,Cut,Null,Round,Orthodox,Right,Null,NotReferred,Null,False,False,False,False,False,False,3,False,False,False,False,False,False,1,0,0,0,0,False,False
551934,10,5.2,4.0,0.0,0.0,52.0,4.0,4.0,26135,,12175,England T20 Blast 2022,2,34,Gloucestershire,41,Kent,2022-06-01T20:36:22Z,4,False,,,,2644,George Linde,1837,Glenn Phillips,358,Jack Taylor,180,42,Point,0,0,0,0,,LengthBall,Null,NotOut,HitPad,0,Worked,Null,Round,Orthodox,Right,Null,NotReferred,Null,False,False,False,False,False,False,3,False,False,False,False,False,False,0,0,0,0,0,False,False
551934,10,5.2,4.0,0.0,0.0,52.0,4.0,4.0,26135,,12175,England T20 Blast 2022,2,34,Gloucestershire,41,Kent,2022-06-01T20:36:47Z,5,False,,,,2644,George Linde,1837,Glenn Phillips,358,Jack Taylor,303,126,Mid On,1,0,1,1,,Yorker,Null,NotOut,Played,0,Worked,Null,Round,Orthodox,Right,Null,NotReferred,Null,False,False,False,False,False,False,3,False,False,False,False,False,False,1,0,0,0,0,False,False
551934,10,5.2,4.0,0.0,0.0,52.0,4.0,4.0,26135,,12175,England T20 Blast 2022,2,34,Gloucestershire,41,Kent,2022-06-01T20:37:18Z,6,False,,,,2644,George Linde,358,Jack Taylor,1837,Glenn Phillips,282,36,Silly Mid On,0,0,0,0,,LengthBall,Null,NotOut,Played,0,ForwardDefensive,Null,Round,Orthodox,Right,Null,NotReferred,Null,False,False,False,False,False,False,3,False,False,False,False,False,False,0,0,0,0,0,False,False
551939,11,6.09,15.0,0.0,0.0,67.0,4.0,15.0,26135,,12175,England T20 Blast 2022,2,34,Gloucestershire,41,Kent,2022-06-01T20:38:01Z,1,False,,,,2243,Qais Ahmad,1837,Glenn Phillips,358,Jack Taylor,274,203,Long On,6,0,6,6,,HalfVolley,Null,NotOut,Played,0,Drive,Null,Over,LegSpin,Left,Null,NotReferred,Null,False,False,False,False,False,False,10,False,False,False,False,False,False,6,0,0,0,0,False,True
551939,11,6.09,15.0,0.0,0.0,67.0,4.0,15.0,26135,,12175,England T20 Blast 2022,2,34,Gloucestershire,41,Kent,2022-06-01T20:38:41Z,2,False,,,,2243,Qais Ahmad,1837,Glenn Phillips,358,Jack Taylor,270,40,Bowler,0,0,0,0,,BackOfALength,Null,NotOut,Played,0,Worked,Null,Over,LegSpin,Left,Null,NotReferred,Null,False,False,False,False,False,False,10,False,False,False,False,False,False,0,0,0,0,0,False,False
551939,11,6.09,15.0,0.0,0.0,67.0,4.0,15.0,26135,,12175,England T20 Blast 2022,2,34,Gloucestershire,41,Kent,2022-06-01T20:38:55Z,3,False,,,,2243,Qais Ahmad,1837,Glenn Phillips,358,Jack Taylor,318,127,Mid On,1,0,1,1,,LengthBall,Null,NotOut,Played,0,Worked,Null,Over,LegSpin,Left,Null,NotReferred,Null,False,False,False,False,False,False,10,False,False,False,False,False,False,1,0,0,0,0,False,False
551939,11,6.09,15.0,0.0,0.0,67.0,4.0,15.0,26135,,12175,England T20 Blast 2022,2,34,Gloucestershire,41,Kent,2022-06-01T20:39:33Z,4,False,,,,2243,Qais Ahmad,358,Jack Taylor,1837,Glenn Phillips,138,134,Third Man,3,0,3,3,,BackOfALength,Null,NotOut,Played,0,LateCut,Null,Over,LegSpin,Left,Null,NotReferred,Null,False,False,False,False,False,False,10,False,False,False,False,False,False,3,0,0,0,0,False,False
551939,11,6.09,15.0,0.0,0.0,67.0,4.0,15.0,26135,,12175,England T20 Blast 2022,2,34,Gloucestershire,41,Kent,2022-06-01T20:40:34Z,5,False,,,,2243,Qais Ahmad,1837,Glenn Phillips,358,Jack Taylor,206,196,Deep Cover,4,0,4,4,,BackOfALength,Null,NotOut,Played,0,Cut,Null,Over,LegSpin,Left,Null,NotReferred,Null,False,False,False,False,False,False,10,False,False,False,False,False,False,4,0,0,0,0,False,True
551939,11,6.09,15.0,0.0,0.0,67.0,4.0,15.0,26135,,12175,England T20 Blast 2022,2,34,Gloucestershire,41,Kent,2022-06-01T20:41:08Z,6,False,,,,2243,Qais Ahmad,1837,Glenn Phillips,358,Jack Taylor,297,144,Long On,1,0,1,1,,LengthBall,Null,NotOut,Played,0,Pushed,Null,Over,LegSpin,Left,Null,NotReferred,Null,False,False,False,False,False,False,10,False,False,False,False,False,False,1,0,0,0,0,False,False
551944,12,6.17,7.0,0.0,0.0,74.0,4.0,7.0,26135,,12175,England T20 Blast 2022,2,34,Gloucestershire,41,Kent,2022-06-01T20:42:00Z,1,False,,,,2644,George Linde,1837,Glenn Phillips,358,Jack Taylor,200,125,Deep Cover,1,0,1,1,,LengthBall,Null,NotOut,Played,0,Pushed,Null,Round,Orthodox,Right,Null,NotReferred,Null,False,False,False,False,False,False,3,False,False,False,False,False,False,1,0,0,0,0,False,False
551944,12,6.17,7.0,0.0,0.0,74.0,4.0,7.0,26135,,12175,England T20 Blast 2022,2,34,Gloucestershire,41,Kent,2022-06-01T20:42:36Z,2,False,,,,2644,George Linde,358,Jack Taylor,1837,Glenn Phillips,217,81,Extra Cover,0,0,0,0,,LengthBall,Null,NotOut,Played,0,Pushed,Null,Round,Orthodox,Right,Null,NotReferred,Null,False,False,False,False,False,False,3,False,False,False,False,False,False,0,0,0,0,0,False,False
551944,12,6.17,7.0,0.0,0.0,74.0,4.0,7.0,26135,,12175,England T20 Blast 2022,2,34,Gloucestershire,41,Kent,2022-06-01T20:42:59Z,3,False,,,,2644,George Linde,358,Jack Taylor,1837,Glenn Phillips,134,197,Third Man,4,0,4,4,,BackOfALength,Null,NotOut,Played,0,LateCut,Null,Round,Orthodox,Right,Null,NotReferred,Null,False,False,False,False,False,False,3,False,False,False,False,False,False,4,0,0,0,0,False,True
551944,12,6.17,7.0,0.0,0.0,74.0,4.0,7.0,26135,,12175,England T20 Blast 2022,2,34,Gloucestershire,41,Kent,2022-06-01T20:43:31Z,4,False,,,,2644,George Linde,358,Jack Taylor,1837,Glenn Phillips,243,130,Mid Off,1,0,1,1,,HalfVolley,Null,NotOut,Played,0,Drive,Null,Round,Orthodox,Right,Null,NotReferred,Null,False,False,False,False,False,False,3,False,False,False,False,False,False,1,0,0,0,0,False,False
551944,12,6.17,7.0,0.0,0.0,74.0,4.0,7.0,26135,,12175,England T20 Blast 2022,2,34,Gloucestershire,41,Kent,2022-06-01T20:43:55Z,5,False,,,,2644,George Linde,1837,Glenn Phillips,358,Jack Taylor,180,151,Deep Point,1,0,1,1,,LengthBall,Null,NotOut,Played,0,Cut,Null,Round,Orthodox,Right,Null,NotReferred,Null,False,False,False,False,False,False,3,False,False,False,False,False,False,1,0,0,0,0,False,False
551944,12,6.17,7.0,0.0,0.0,74.0,4.0,7.0,26135,,12175,England T20 Blast 2022,2,34,Gloucestershire,41,Kent,2022-06-01T20:44:22Z,6,False,,,,2644,George Linde,358,Jack Taylor,1837,Glenn Phillips,223,55,Short Extra Cover,0,0,0,0,,LengthBall,Null,NotOut,Played,0,ForwardDefensive,Null,Round,Orthodox,Right,Null,NotReferred,Null,False,False,False,False,False,False,3,False,False,False,False,False,False,0,0,0,0,0,False,False
551948,13,7.0,17.0,0.0,0.0,91.0,4.0,17.0,26135,,12175,England T20 Blast 2022,2,34,Gloucestershire,41,Kent,2022-06-01T20:45:32Z,1,False,,,,2251,Fred Klaassen,1837,Glenn Phillips,358,Jack Taylor,124,189,Third Man,4,0,4,4,,BackOfALength,Null,NotOut,Edged,0,Cut,Null,Over,Fast,Right,Null,NotReferred,Null,False,False,False,False,False,False,10,False,False,False,False,False,False,4,0,0,0,0,False,True
551948,13,7.0,17.0,0.0,0.0,91.0,4.0,17.0,26135,,12175,England T20 Blast 2022,2,34,Gloucestershire,41,Kent,2022-06-01T20:46:07Z,2,False,,,,2251,Fred Klaassen,1837,Glenn Phillips,358,Jack Taylor,313,37,Short Mid Wicket,0,0,0,0,,LengthBall,Null,NotOut,Played,0,Worked,Null,Over,Fast,Right,Null,NotReferred,Null,False,False,False,False,False,False,10,False,False,False,False,False,False,0,0,0,0,0,False,False
551948,13,7.0,17.0,0.0,0.0,91.0,4.0,17.0,26135,,12175,England T20 Blast 2022,2,34,Gloucestershire,41,Kent,2022-06-01T20:46:35Z,3,False,,,,2251,Fred Klaassen,1837,Glenn Phillips,358,Jack Taylor,155,185,Deep Backward Point,4,0,4,4,,BackOfALength,Null,NotOut,Played,0,LateCut,Null,Over,Fast,Right,Null,NotReferred,Null,False,False,False,False,False,False,10,False,False,False,False,False,False,4,0,0,0,0,False,True
551948,13,7.0,17.0,0.0,0.0,91.0,4.0,17.0,26135,,12175,England T20 Blast 2022,2,34,Gloucestershire,41,Kent,2022-06-01T20:47:30Z,4,False,,,,2251,Fred Klaassen,1837,Glenn Phillips,358,Jack Taylor,13,61,Leg Gully,1,0,1,1,,BackOfALength,Null,NotOut,Played,0,Worked,Null,Round,Fast,Right,Null,NotReferred,Null,False,False,False,False,False,False,10,False,False,False,False,False,False,1,0,0,0,0,False,False
551948,13,7.0,17.0,0.0,0.0,91.0,4.0,17.0,26135,,12175,England T20 Blast 2022,2,34,Gloucestershire,41,Kent,2022-06-01T20:48:07Z,5,False,,,,2251,Fred Klaassen,358,Jack Taylor,1837,Glenn Phillips,101,177,Third Man,4,0,4,4,,Short,Null,NotOut,Played,0,UpperCut,Null,Round,Fast,Right,Null,NotReferred,Null,False,False,False,False,True,False,10,False,False,False,False,False,False,4,0,0,0,0,False,True
551948,13,7.0,17.0,0.0,0.0,91.0,4.0,17.0,26135,,12175,England T20 Blast 2022,2,34,Gloucestershire,41,Kent,2022-06-01T20:48:47Z,6,False,,,,2251,Fred Klaassen,358,Jack Taylor,1837,Glenn Phillips,153,184,Deep Backward Point,4,0,4,4,,BackOfALength,Null,NotOut,Played,0,Cut,Null,Round,Fast,Right,Null,NotReferred,Null,False,False,False,False,False,False,10,False,False,False,False,False,False,4,0,0,0,0,False,True
551955,14,7.36,12.0,0.0,0.0,103.0,4.0,12.0,26135,,12175,England T20 Blast 2022,2,34,Gloucestershire,41,Kent,2022-06-01T20:50:05Z,1,False,,,,2243,Qais Ahmad,1837,Glenn Phillips,358,Jack Taylor,346,144,Deep Mid Wicket,1,0,1,1,,BackOfALength,Null,NotOut,Played,0,Pull,Null,Over,LegSpin,Left,Null,NotReferred,Null,False,False,False,False,False,False,3,False,False,False,False,False,False,1,0,0,0,0,False,False
551955,14,7.36,12.0,0.0,0.0,103.0,4.0,12.0,26135,,12175,England T20 Blast 2022,2,34,Gloucestershire,41,Kent,2022-06-01T20:50:43Z,2,False,,,,2243,Qais Ahmad,358,Jack Taylor,1837,Glenn Phillips,237,153,Long Off,1,0,1,1,,HalfVolley,Null,NotOut,Played,0,Drive,Null,Over,LegSpin,Left,Null,NotReferred,Null,False,False,False,False,False,False,3,False,False,False,False,False,False,1,0,0,0,0,False,False
551955,14,7.36,12.0,0.0,0.0,103.0,4.0,12.0,26135,,12175,England T20 Blast 2022,2,34,Gloucestershire,41,Kent,2022-06-01T20:51:23Z,3,False,,,,2243,Qais Ahmad,1837,Glenn Phillips,358,Jack Taylor,309,86,Mid On,1,0,1,1,,LengthBall,Null,NotOut,Played,0,Worked,Null,Over,LegSpin,Left,Null,NotReferred,Null,False,False,False,False,False,False,3,False,False,False,False,False,False,1,0,0,0,0,False,False
551955,14,7.36,12.0,0.0,0.0,103.0,4.0,12.0,26135,,12175,England T20 Blast 2022,2,34,Gloucestershire,41,Kent,2022-06-01T20:51:48Z,4,False,,,,2243,Qais Ahmad,358,Jack Taylor,1837,Glenn Phillips,146,172,Third Man,4,0,4,4,,LengthBall,Null,NotOut,Played,0,LateCut,Null,Over,LegSpin,Left,Null,NotReferred,Null,False,False,False,False,False,False,3,False,False,False,False,False,False,4,0,0,0,0,False,True
551955,14,7.36,12.0,0.0,0.0,103.0,4.0,12.0,26135,,12175,England T20 Blast 2022,2,34,Gloucestershire,41,Kent,2022-06-01T20:52:19Z,5,False,,,,2243,Qais Ahmad,358,Jack Taylor,1837,Glenn Phillips,341,197,Deep Mid Wicket,4,0,4,4,,BackOfALength,Null,NotOut,HitHard,0,Pull,Null,Over,LegSpin,Left,Null,NotReferred,Null,False,False,False,False,True,False,3,False,False,False,False,False,False,4,0,0,0,0,False,True
551955,14,7.36,12.0,0.0,0.0,103.0,4.0,12.0,26135,,12175,England T20 Blast 2022,2,34,Gloucestershire,41,Kent,2022-06-01T20:53:06Z,6,False,,,,2243,Qais Ahmad,358,Jack Taylor,1837,Glenn Phillips,240,136,Long Off,1,0,1,1,,HalfVolley,Null,NotOut,Played,0,Drive,Null,Over,LegSpin,Left,Null,NotReferred,Null,False,False,False,False,False,False,3,False,False,False,False,False,False,1,0,0,0,0,False,False
551959,15,8.11,13.0,0.0,0.0,116.0,4.0,13.0,26135,,12175,England T20 Blast 2022,2,34,Gloucestershire,41,Kent,2022-06-01T20:54:00Z,1,False,,,,2644,George Linde,358,Jack Taylor,1837,Glenn Phillips,197,146,Deep Cover,1,0,1,1,,BackOfALength,Null,NotOut,Played,0,Cut,Null,Round,Orthodox,Right,Null,NotReferred,Null,False,False,False,False,False,False,10,False,False,False,False,False,False,1,0,0,0,0,False,False
551959,15,8.11,13.0,0.0,0.0,116.0,4.0,13.0,26135,,12175,England T20 Blast 2022,2,34,Gloucestershire,41,Kent,2022-06-01T20:54:26Z,2,False,,,,2644,George Linde,1837,Glenn Phillips,358,Jack Taylor,292,208,Long On,6,0,6,6,,BackOfALength,Null,NotOut,MisTimed,0,Pull,Null,Round,Orthodox,Right,Null,NotReferred,Null,False,False,False,False,False,False,10,False,False,False,False,False,False,6,0,0,0,0,False,True
551959,15,8.11,13.0,0.0,0.0,116.0,4.0,13.0,26135,,12175,England T20 Blast 2022,2,34,Gloucestershire,41,Kent,2022-06-01T20:54:59Z,3,False,,,,2644,George Linde,1837,Glenn Phillips,358,Jack Taylor,327,212,Deep Mid Wicket,6,0,6,6,,HalfVolley,Null,NotOut,HitHard,0,Drive,Null,Round,Orthodox,Right,Null,NotReferred,Null,False,False,False,False,True,False,10,False,False,False,False,False,False,6,0,0,0,0,False,True
