over_id,over_overNumber,over_runrate,over_runsConceded,over_wickets,over_runsExtras,over_totalInningRuns,over_totalInningWickets,over_totalRuns,id,matchName,fixtureId,fixtureName,inningNumber,battingTeamId,battingTeamName,bowlingTeamId,bowlingTeamName,ballDateTime,ballNumber,totalBallNumber,isWicket,bowlerPlayerId,bowlerPlayerName,battingPlayerId,battingPlayerName,nonStrikeBattingPlayerId,nonStrikeBattingPlayerName,shotAngle,shotMagnitude,fieldingPosition,runsConceded,extras,runs,runsScored,lengthTypeId,lineTypeId,appealDismissalTypeId,battingConnectionId,battingFeetId,battingShotTypeId,bowlingDetailId,bowlingFromId,bowlingTypeId,bowlingHandId,outcomeId,referralOutcomeId,noBallReasonId,isWide,isNoBall,isByes,isLegByes,isAirControlled,isAppeal,decisionOfficialId,isFreeHit,isNewBall,isPowerPlay,isBattingPowerPlay,isFloodLit,isReferred,teamRuns,runsByes,runsWide,runsLegByes,noBallsCount,isBoundry,isAirNotControlled,dismissalTypeId,dismissalPlayerId,dismissalPlayerName,dismissalType
655511,1,8.0,8.0,0.0,0.0,8.0,0.0,8.0,27317,,12995,The Men's Hundred 2022,1,928,Manchester Originals Men,931,Trent Rockets Men,2022-09-03T23:15:52Z,1,1,False,354,Luke Wood,46,Phil Salt,338,Laurie Evans,90,48,Wicketkeeper,0,0,0,0,LengthBall,OutsideOff,NotOut,Missed,FrontFoot,Drive,NoMovement,Over,Fast,Right,Null,NotReferred,Null,False,False,False,False,False,False,14,False,True,True,False,False,False,0,0,0,0,0,False,False,,,,
655511,1,8.0,8.0,0.0,0.0,8.0,0.0,8.0,27317,,12995,The Men's Hundred 2022,1,928,Manchester Originals Men,931,Trent Rockets Men,2022-09-03T23:16:29Z,2,2,False,354,Luke Wood,46,Phil Salt,338,Laurie Evans,324,22,Short Leg,0,0,0,0,BackOfALength,LegStump,NotOut,HitPad,BackFoot,Pull,NoMovement,Over,Fast,Right,Null,NotReferred,Null,False,False,False,False,False,False,14,False,False,True,False,False,False,0,0,0,0,0,False,False,,,,
655511,1,8.0,8.0,0.0,0.0,8.0,0.0,8.0,27317,,12995,The Men's Hundred 2022,1,928,Manchester Originals Men,931,Trent Rockets Men,2022-09-03T23:17:10Z,3,3,False,354,Luke Wood,46,Phil Salt,338,Laurie Evans,204,197,Deep Cover,4,0,4,4,BackOfALength,OutsideOff,NotOut,WellTimed,BackFoot,Drive,NoMovement,Over,Fast,Right,Null,NotReferred,Null,False,False,False,False,False,False,14,False,False,True,False,False,False,4,0,0,0,0,False,True,,,,
655511,1,8.0,8.0,0.0,0.0,8.0,0.0,8.0,27317,,12995,The Men's Hundred 2022,1,928,Manchester Originals Men,931,Trent Rockets Men,2022-09-03T23:17:49Z,4,4,False,354,Luke Wood,46,Phil Salt,338,Laurie Evans,90,48,Wicketkeeper,0,0,0,0,HalfVolley,OutsideOff,NotOut,Missed,FrontFoot,Drive,NoMovement,Over,Fast,Right,Null,NotReferred,Null,False,False,False,False,False,False,14,False,False,True,False,False,False,0,0,0,0,0,False,False,,,,
655511,1,8.0,8.0,0.0,0.0,8.0,0.0,8.0,27317,,12995,The Men's Hundred 2022,1,928,Manchester Originals Men,931,Trent Rockets Men,2022-09-03T23:18:27Z,5,5,False,354,Luke Wood,46,Phil Salt,338,Laurie Evans,162,167,Deep Backward Point,4,0,4,4,BackOfALength,OffStump,NotOut,WellTimed,BacksAway,Cut,NoMovement,Over,Fast,Right,Null,NotReferred,Null,False,False,False,False,True,False,14,False,False,True,False,False,False,4,0,0,0,0,False,True,,,,
655513,2,6.5,5.0,1.0,0.0,13.0,1.0,5.0,27317,,12995,The Men's Hundred 2022,1,928,Manchester Originals Men,931,Trent Rockets Men,2022-09-03T23:19:19Z,1,6,False,22,Sam Cook,46,Phil Salt,338,Laurie Evans,212,85,Extra Cover,1,0,1,1,HalfVolley,OutsideOff,NotOut,None,FrontFoot,Drive,NoMovement,Over,Fast,Left,Null,NotReferred,Null,False,False,False,False,False,False,14,False,False,True,False,False,False,1,0,0,0,0,False,False,,,,
655513,2,6.5,5.0,1.0,0.0,13.0,1.0,5.0,27317,,12995,The Men's Hundred 2022,1,928,Manchester Originals Men,931,Trent Rockets Men,2022-09-03T23:20:00Z,2,7,False,22,Sam Cook,338,Laurie Evans,46,Phil Salt,162,182,Deep Backward Point,4,0,4,4,LengthBall,OutsideOff,NotOut,WellTimed,FrontFoot,Cut,NoMovement,Over,Fast,Left,Null,NotReferred,Null,False,False,False,False,False,False,14,False,False,True,False,False,False,4,0,0,0,0,False,True,,,,
655513,2,6.5,5.0,1.0,0.0,13.0,1.0,5.0,27317,,12995,The Men's Hundred 2022,1,928,Manchester Originals Men,931,Trent Rockets Men,2022-09-03T23:20:32Z,3,8,False,22,Sam Cook,338,Laurie Evans,46,Phil Salt,270,40,Bowler,0,0,0,0,HalfVolley,OutsideOff,NotOut,None,FrontFoot,Drive,NoMovement,Over,Fast,Left,Null,NotReferred,Null,False,False,False,False,False,False,14,False,False,True,False,False,False,0,0,0,0,0,False,False,,,,
655513,2,6.5,5.0,1.0,0.0,13.0,1.0,5.0,27317,,12995,The Men's Hundred 2022,1,928,Manchester Originals Men,931,Trent Rockets Men,2022-09-03T23:21:03Z,4,9,False,22,Sam Cook,338,Laurie Evans,46,Phil Salt,90,48,Wicketkeeper,0,0,0,0,LengthBall,OutsideOff,NotOut,Missed,FrontFoot,Slog,SeamAway,Over,Fast,Left,Null,NotReferred,Null,False,False,False,False,False,False,14,False,False,True,False,False,False,0,0,0,0,0,False,False,,,,
655513,2,6.5,5.0,1.0,0.0,13.0,1.0,5.0,27317,,12995,The Men's Hundred 2022,1,928,Manchester Originals Men,931,Trent Rockets Men,2022-09-03T23:21:35Z,5,10,True,22,Sam Cook,338,Laurie Evans,46,Phil Salt,0,0,,0,0,0,0,LengthBall,OutsideOff,NotOut,HitPad,FrontFoot,Slog,NoMovement,Over,Fast,Left,Out1stUmpire,OutReviewLost,Null,False,False,False,False,False,False,80,False,False,True,False,False,True,0,0,0,0,0,False,False,Lbw,338.0,Laurie Evans,LBW
655515,3,5.33,3.0,0.0,0.0,16.0,1.0,3.0,27317,,12995,The Men's Hundred 2022,1,928,Manchester Originals Men,931,Trent Rockets Men,2022-09-03T23:24:01Z,1,11,False,354,Luke Wood,46,Phil Salt,58,Wayne Madsen,240,95,Mid Off,1,0,1,1,HalfVolley,OffStump,NotOut,None,FrontFoot,Drive,NoMovement,Over,Fast,Right,Null,NotReferred,Null,False,False,False,False,False,False,31,False,False,True,False,False,False,1,0,0,0,0,False,False,,,,
655515,3,5.33,3.0,0.0,0.0,16.0,1.0,3.0,27317,,12995,The Men's Hundred 2022,1,928,Manchester Originals Men,931,Trent Rockets Men,2022-09-03T23:24:48Z,2,12,False,354,Luke Wood,58,Wayne Madsen,46,Phil Salt,247,82,Mid Off,0,0,0,0,LengthBall,MiddleStump,NotOut,None,FrontFoot,Drive,NoMovement,Over,Fast,Right,Null,NotReferred,Null,False,False,False,False,False,False,31,False,False,True,False,False,False,0,0,0,0,0,False,False,,,,
655515,3,5.33,3.0,0.0,0.0,16.0,1.0,3.0,27317,,12995,The Men's Hundred 2022,1,928,Manchester Originals Men,931,Trent Rockets Men,2022-09-03T23:25:22Z,3,13,False,354,Luke Wood,58,Wayne Madsen,46,Phil Salt,309,87,Mid On,1,0,1,1,LengthBall,DownLeg,NotOut,None,FrontFoot,Worked,NoMovement,Over,Fast,Right,Null,NotReferred,Null,False,False,False,False,False,False,31,False,False,True,False,False,False,1,0,0,0,0,False,False,,,,
655515,3,5.33,3.0,0.0,0.0,16.0,1.0,3.0,27317,,12995,The Men's Hundred 2022,1,928,Manchester Originals Men,931,Trent Rockets Men,2022-09-03T23:25:59Z,4,14,False,354,Luke Wood,46,Phil Salt,58,Wayne Madsen,313,114,Mid On,1,0,1,1,LengthBall,DownLeg,NotOut,None,FrontFoot,Worked,NoMovement,Over,Fast,Right,Null,NotReferred,Null,False,False,False,False,False,False,31,False,False,True,False,False,False,1,0,0,0,0,False,False,,,,
655515,3,5.33,3.0,0.0,0.0,16.0,1.0,3.0,27317,,12995,The Men's Hundred 2022,1,928,Manchester Originals Men,931,Trent Rockets Men,2022-09-03T23:26:41Z,5,15,False,354,Luke Wood,58,Wayne Madsen,46,Phil Salt,90,48,Wicketkeeper,0,0,0,0,BackOfALength,MiddleStump,NotOut,Missed,BackFoot,Cut,NoMovement,Over,Fast,Right,Null,NotReferred,Null,False,False,False,False,False,False,31,False,False,True,False,False,False,0,0,0,0,0,False,False,,,,
655516,4,5.0,4.0,1.0,0.0,20.0,2.0,4.0,27317,,12995,The Men's Hundred 2022,1,928,Manchester Originals Men,931,Trent Rockets Men,2022-09-03T23:27:21Z,1,16,False,22,Sam Cook,58,Wayne Madsen,46,Phil Salt,299,87,Mid On,0,0,0,0,HalfVolley,OutsideOff,NotOut,MisTimed,FrontFoot,Slog,NoMovement,Over,Fast,Left,Null,NotReferred,Null,False,False,False,False,False,False,31,False,False,True,False,False,False,0,0,0,0,0,False,False,,,,
655516,4,5.0,4.0,1.0,0.0,20.0,2.0,4.0,27317,,12995,The Men's Hundred 2022,1,928,Manchester Originals Men,931,Trent Rockets Men,2022-09-03T23:27:55Z,2,17,False,22,Sam Cook,58,Wayne Madsen,46,Phil Salt,150,140,Third Man,2,0,2,2,BackOfALength,OutsideOff,NotOut,None,BackFoot,Steer,NoMovement,Over,Fast,Left,Null,NotReferred,Null,False,False,False,False,False,False,31,False,False,True,False,False,False,2,0,0,0,0,False,False,,,,
655516,4,5.0,4.0,1.0,0.0,20.0,2.0,4.0,27317,,12995,The Men's Hundred 2022,1,928,Manchester Originals Men,931,Trent Rockets Men,2022-09-03T23:28:28Z,3,18,True,22,Sam Cook,58,Wayne Madsen,46,Phil Salt,0,0,,0,0,0,0,Yorker,OffStump,NotOut,Missed,MovesInfront,Scoop,NoMovement,Over,Fast,Left,Out2ndUmpire,NotReferred,Null,False,False,False,False,False,False,31,False,False,True,False,False,False,0,0,0,0,0,False,False,Bowled,58.0,Wayne Madsen,Bowled
655516,4,5.0,4.0,1.0,0.0,20.0,2.0,4.0,27317,,12995,The Men's Hundred 2022,1,928,Manchester Originals Men,931,Trent Rockets Men,2022-09-03T23:30:14Z,4,19,False,22,Sam Cook,7746,Tristan Stubbs,46,Phil Salt,339,158,Deep Mid Wicket,2,0,2,2,LengthBall,OffStump,NotOut,None,FrontFoot,Flick,NoMovement,Over,Fast,Left,Null,NotReferred,Null,False,False,False,False,False,False,31,False,False,True,False,False,False,2,0,0,0,0,False,False,,,,
655516,4,5.0,4.0,1.0,0.0,20.0,2.0,4.0,27317,,12995,The Men's Hundred 2022,1,928,Manchester Originals Men,931,Trent Rockets Men,2022-09-03T23:30:45Z,5,20,False,22,Sam Cook,7746,Tristan Stubbs,46,Phil Salt,238,80,Mid Off,0,0,0,0,LengthBall,OutsideOff,NotOut,None,FrontFoot,Drive,NoMovement,Over,Fast,Left,Null,NotReferred,Null,False,False,False,False,False,False,31,False,False,True,False,False,False,0,0,0,0,0,False,False,,,,
655518,5,4.6,2.0,1.0,1.0,23.0,3.0,3.0,27317,,12995,The Men's Hundred 2022,1,928,Manchester Originals Men,931,Trent Rockets Men,2022-09-03T23:31:48Z,1,21,False,1294,Daniel Sams,46,Phil Salt,7746,Tristan Stubbs,187,51,Point,0,1,1,0,BackOfALength,DownLeg,NotOut,HitBody,BackFoot,Pull,NoMovement,Over,Fast,Right,Null,NotReferred,Null,False,False,False,True,False,False,14,False,False,True,False,False,False,0,0,0,1,0,False,False,,,,
655518,5,4.6,2.0,1.0,1.0,23.0,3.0,3.0,27317,,12995,The Men's Hundred 2022,1,928,Manchester Originals Men,931,Trent Rockets Men,2022-09-03T23:32:32Z,2,22,False,1294,Daniel Sams,7746,Tristan Stubbs,46,Phil Salt,1,149,Deep Square Leg,1,0,1,1,BackOfALength,DownLeg,NotOut,None,BackFoot,Pull,NoMovement,Over,Fast,Right,Null,NotReferred,Null,False,False,False,False,False,False,14,False,False,True,False,False,False,1,0,0,0,0,False,False,,,,
655518,5,4.6,2.0,1.0,1.0,23.0,3.0,3.0,27317,,12995,The Men's Hundred 2022,1,928,Manchester Originals Men,931,Trent Rockets Men,2022-09-03T23:33:11Z,3,23,True,1294,Daniel Sams,46,Phil Salt,7746,Tristan Stubbs,293,88,Mid On,0,0,0,0,LengthBall,DownLeg,NotOut,MisTimed,FrontFoot,Flick,NoMovement,Over,Fast,Right,Out1stUmpire,NotReferred,Null,False,False,False,False,False,False,14,False,False,True,False,False,False,0,0,0,0,0,False,False,Caught,46.0,Phil Salt,Caught
655518,5,4.6,2.0,1.0,1.0,23.0,3.0,3.0,27317,,12995,The Men's Hundred 2022,1,928,Manchester Originals Men,931,Trent Rockets Men,2022-09-03T23:35:09Z,4,24,False,1294,Daniel Sams,1032,Ashton Turner,7746,Tristan Stubbs,162,81,Backward Point,1,0,1,1,BackOfALength,LegStump,NotOut,None,BackFoot,Steer,NoMovement,Over,Fast,Right,Null,NotReferred,Null,False,False,False,False,False,False,14,False,False,True,False,False,False,1,0,0,0,0,False,False,,,,
655518,5,4.6,2.0,1.0,1.0,23.0,3.0,3.0,27317,,12995,The Men's Hundred 2022,1,928,Manchester Originals Men,931,Trent Rockets Men,2022-09-03T23:35:57Z,5,25,False,1294,Daniel Sams,7746,Tristan Stubbs,1032,Ashton Turner,242,49,Silly Mid Off,0,0,0,0,HalfVolley,OutsideOff,NotOut,Missed,FrontFoot,Pushed,NoMovement,Over,Fast,Right,Null,NotReferred,Null,False,False,False,False,False,False,14,False,False,True,False,False,False,0,0,0,0,0,False,False,,,,
655520,6,4.33,3.0,0.0,0.0,26.0,3.0,3.0,27317,,12995,The Men's Hundred 2022,1,928,Manchester Originals Men,931,Trent Rockets Men,2022-09-03T23:36:54Z,1,26,False,7,Lewis Gregory,7746,Tristan Stubbs,1032,Ashton Turner,270,40,Bowler,0,0,0,0,FullToss,OffStump,NotOut,None,FrontFoot,Drive,NoMovement,Over,Fast,Left,Null,NotReferred,Null,False,False,False,False,False,False,14,False,False,False,False,False,False,0,0,0,0,0,False,False,,,,
655520,6,4.33,3.0,0.0,0.0,26.0,3.0,3.0,27317,,12995,The Men's Hundred 2022,1,928,Manchester Originals Men,931,Trent Rockets Men,2022-09-03T23:37:21Z,2,27,False,7,Lewis Gregory,7746,Tristan Stubbs,1032,Ashton Turner,43,133,Fine Leg,1,0,1,1,LengthBall,OutsideOff,NotOut,InsideEdge,FrontFoot,Worked,NoMovement,Over,Fast,Left,Null,NotReferred,Null,False,False,False,False,False,False,14,False,False,False,False,False,False,1,0,0,0,0,False,False,,,,
655520,6,4.33,3.0,0.0,0.0,26.0,3.0,3.0,27317,,12995,The Men's Hundred 2022,1,928,Manchester Originals Men,931,Trent Rockets Men,2022-09-03T23:38:01Z,3,28,False,7,Lewis Gregory,1032,Ashton Turner,7746,Tristan Stubbs,182,66,Point,1,0,1,1,LengthBall,OutsideOff,NotOut,None,FrontFoot,Pushed,NoMovement,Over,Fast,Left,Null,NotReferred,Null,False,False,False,False,False,False,14,False,False,False,False,False,False,1,0,0,0,0,False,False,,,,
655520,6,4.33,3.0,0.0,0.0,26.0,3.0,3.0,27317,,12995,The Men's Hundred 2022,1,928,Manchester Originals Men,931,Trent Rockets Men,2022-09-03T23:38:50Z,4,29,False,7,Lewis Gregory,7746,Tristan Stubbs,1032,Ashton Turner,270,40,Bowler,0,0,0,0,HalfVolley,OffStump,NotOut,InsideEdge,FrontFoot,Drive,NoMovement,Over,Fast,Left,Null,NotReferred,Null,False,False,False,False,False,False,14,False,False,False,False,False,False,0,0,0,0,0,False,False,,,,
655520,6,4.33,3.0,0.0,0.0,26.0,3.0,3.0,27317,,12995,The Men's Hundred 2022,1,928,Manchester Originals Men,931,Trent Rockets Men,2022-09-03T23:39:17Z,5,30,False,7,Lewis Gregory,7746,Tristan Stubbs,1032,Ashton Turner,309,111,Mid On,1,0,1,1,BackOfALength,OutsideOff,NotOut,MisTimed,BackFoot,Pull,NoMovement,Over,Fast,Left,Null,NotReferred,Null,False,False,False,False,False,False,14,False,False,False,False,False,False,1,0,0,0,0,False,False,,,,
655521,7,5.29,11.0,0.0,0.0,37.0,3.0,11.0,27317,,12995,The Men's Hundred 2022,1,928,Manchester Originals Men,931,Trent Rockets Men,2022-09-03T23:40:22Z,1,31,False,149,Samit Patel,7746,Tristan Stubbs,1032,Ashton Turner,237,149,Long Off,2,0,2,2,HalfVolley,MiddleStump,NotOut,None,FrontFoot,Drive,StockBall,Round,Orthodox,Right,Null,NotReferred,Null,False,False,False,False,False,False,31,False,False,False,False,False,False,2,0,0,0,0,False,False,,,,
655521,7,5.29,11.0,0.0,0.0,37.0,3.0,11.0,27317,,12995,The Men's Hundred 2022,1,928,Manchester Originals Men,931,Trent Rockets Men,2022-09-03T23:40:50Z,2,32,False,149,Samit Patel,7746,Tristan Stubbs,1032,Ashton Turner,198,126,Deep Cover,1,0,1,1,LengthBall,OutsideOff,NotOut,None,FrontFoot,Pushed,StockBall,Round,Orthodox,Right,Null,NotReferred,Null,False,False,False,False,False,False,31,False,False,False,False,False,False,1,0,0,0,0,False,False,,,,
655521,7,5.29,11.0,0.0,0.0,37.0,3.0,11.0,27317,,12995,The Men's Hundred 2022,1,928,Manchester Originals Men,931,Trent Rockets Men,2022-09-03T23:41:17Z,3,33,False,149,Samit Patel,1032,Ashton Turner,7746,Tristan Stubbs,335,207,Deep Mid Wicket,6,0,6,6,LengthBall,OutsideOff,NotOut,Middled,FrontFoot,SlogSweep,StockBall,Round,Orthodox,Right,Null,NotReferred,Null,False,False,False,False,True,False,31,False,False,False,False,False,False,6,0,0,0,0,False,True,,,,
655521,7,5.29,11.0,0.0,0.0,37.0,3.0,11.0,27317,,12995,The Men's Hundred 2022,1,928,Manchester Originals Men,931,Trent Rockets Men,2022-09-03T23:41:45Z,4,34,False,149,Samit Patel,1032,Ashton Turner,7746,Tristan Stubbs,202,141,Deep Cover,1,0,1,1,LengthBall,OutsideOff,NotOut,None,BackFoot,Drive,StockBall,Round,Orthodox,Right,Null,NotReferred,Null,False,False,False,False,False,False,31,False,False,False,False,False,False,1,0,0,0,0,False,False,,,,
655521,7,5.29,11.0,0.0,0.0,37.0,3.0,11.0,27317,,12995,The Men's Hundred 2022,1,928,Manchester Originals Men,931,Trent Rockets Men,2022-09-03T23:42:06Z,5,35,False,149,Samit Patel,7746,Tristan Stubbs,1032,Ashton Turner,183,82,Point,1,0,1,1,LengthBall,OutsideOff,NotOut,None,FrontFoot,Pushed,StockBall,Round,Orthodox,Right,Null,NotReferred,Null,False,False,False,False,False,False,31,False,False,False,False,False,False,1,0,0,0,0,False,False,,,,
655523,8,6.12,12.0,0.0,0.0,49.0,3.0,12.0,27317,,12995,The Men's Hundred 2022,1,928,Manchester Originals Men,931,Trent Rockets Men,2022-09-03T23:43:00Z,1,36,False,7,Lewis Gregory,1032,Ashton Turner,7746,Tristan Stubbs,66,185,Fine Leg,4,0,4,4,FullToss,OutsideOff,NotOut,WellTimed,MovesInfront,Scoop,NoMovement,Over,Fast,Left,Null,NotReferred,Null,False,False,False,False,True,False,31,False,False,False,False,False,False,4,0,0,0,0,False,True,,,,
655523,8,6.12,12.0,0.0,0.0,49.0,3.0,12.0,27317,,12995,The Men's Hundred 2022,1,928,Manchester Originals Men,931,Trent Rockets Men,2022-09-03T23:43:38Z,2,37,False,7,Lewis Gregory,1032,Ashton Turner,7746,Tristan Stubbs,320,63,Short Mid Wicket,1,0,1,1,BackOfALength,OutsideOff,NotOut,MisTimed,BackFoot,Pull,NoMovement,Over,Fast,Left,Null,NotReferred,Null,False,False,False,False,False,False,31,False,False,False,False,False,False,1,0,0,0,0,False,False,,,,
655523,8,6.12,12.0,0.0,0.0,49.0,3.0,12.0,27317,,12995,The Men's Hundred 2022,1,928,Manchester Originals Men,931,Trent Rockets Men,2022-09-03T23:44:18Z,3,38,False,7,Lewis Gregory,7746,Tristan Stubbs,1032,Ashton Turner,73,175,Fine Leg,4,0,4,4,BackOfALength,OffStump,NotOut,TopEdge,DownTheTrack,Pull,NoMovement,Over,Fast,Left,Null,NotReferred,Null,False,False,False,False,False,False,31,False,False,False,False,False,False,4,0,0,0,0,False,True,,,,
655523,8,6.12,12.0,0.0,0.0,49.0,3.0,12.0,27317,,12995,The Men's Hundred 2022,1,928,Manchester Originals Men,931,Trent Rockets Men,2022-09-03T23:44:49Z,4,39,False,7,Lewis Gregory,7746,Tristan Stubbs,1032,Ashton Turner,41,121,Fine Leg,2,0,2,2,Short,OutsideOff,NotOut,TopEdge,BackFoot,Pull,NoMovement,Over,Fast,Left,Null,NotReferred,Null,False,False,False,False,False,False,31,False,False,False,False,False,False,2,0,0,0,0,False,False,,,,
655523,8,6.12,12.0,0.0,0.0,49.0,3.0,12.0,27317,,12995,The Men's Hundred 2022,1,928,Manchester Originals Men,931,Trent Rockets Men,2022-09-03T23:45:29Z,5,40,False,7,Lewis Gregory,7746,Tristan Stubbs,1032,Ashton Turner,15,151,Deep Backward Square Leg,1,0,1,1,Short,OutsideOff,NotOut,None,BackFoot,Pull,NoMovement,Over,Fast,Left,Null,NotReferred,Null,False,False,False,False,False,False,31,False,False,False,False,False,False,1,0,0,0,0,False,False,,,,
655524,9,6.33,7.0,0.0,1.0,57.0,3.0,8.0,27317,,12995,The Men's Hundred 2022,1,928,Manchester Originals Men,931,Trent Rockets Men,2022-09-03T23:46:35Z,1,41,False,155,Matthew Carter,7746,Tristan Stubbs,1032,Ashton Turner,295,43,Silly Mid On,0,0,0,0,LengthBall,OffStump,NotOut,None,BackFoot,Worked,OffBreak,Round,OffSpin,Left,Null,NotReferred,Null,False,False,False,False,False,False,14,False,False,False,False,False,False,0,0,0,0,0,False,False,,,,
655524,9,6.33,7.0,0.0,1.0,57.0,3.0,8.0,27317,,12995,The Men's Hundred 2022,1,928,Manchester Originals Men,931,Trent Rockets Men,2022-09-03T23:46:51Z,2,42,False,155,Matthew Carter,7746,Tristan Stubbs,1032,Ashton Turner,326,131,Mid Wicket,2,0,2,2,LengthBall,LegStump,NotOut,None,BackFoot,Worked,OffBreak,Round,OffSpin,Left,Null,NotReferred,Null,False,False,False,False,False,False,14,False,False,False,False,False,False,2,0,0,0,0,False,False,,,,
655524,9,6.33,7.0,0.0,1.0,57.0,3.0,8.0,27317,,12995,The Men's Hundred 2022,1,928,Manchester Originals Men,931,Trent Rockets Men,2022-09-03T23:47:15Z,3,43,False,155,Matthew Carter,7746,Tristan Stubbs,1032,Ashton Turner,186,47,Point,0,1,1,0,LengthBall,DownLeg,NotOut,Missed,FrontFoot,ReverseSweep,OffBreak,Round,OffSpin,Left,Null,NotReferred,Null,False,False,True,False,False,False,14,False,False,False,False,False,False,0,1,0,0,0,False,False,,,,
655524,9,6.33,7.0,0.0,1.0,57.0,3.0,8.0,27317,,12995,The Men's Hundred 2022,1,928,Manchester Originals Men,931,Trent Rockets Men,2022-09-03T23:47:39Z,4,44,False,155,Matthew Carter,1032,Ashton Turner,7746,Tristan Stubbs,6,186,Deep Square Leg,4,0,4,4,LengthBall,LegStump,NotOut,WellTimed,FrontFoot,Sweep,OffBreak,Round,OffSpin,Left,Null,NotReferred,Null,False,False,False,False,False,False,14,False,False,False,False,False,False,4,0,0,0,0,False,True,,,,
655524,9,6.33,7.0,0.0,1.0,57.0,3.0,8.0,27317,,12995,The Men's Hundred 2022,1,928,Manchester Originals Men,931,Trent Rockets Men,2022-09-03T23:48:05Z,5,45,False,155,Matthew Carter,1032,Ashton Turner,7746,Tristan Stubbs,342,162,Deep Mid Wicket,1,0,1,1,LengthBall,MiddleStump,NotOut,MisTimed,FrontFoot,Slog,OffBreak,Round,OffSpin,Left,Null,NotReferred,Null,False,False,False,False,False,False,14,False,False,False,False,False,False,1,0,0,0,0,False,False,,,,
655526,10,6.0,3.0,2.0,0.0,60.0,5.0,3.0,27317,,12995,The Men's Hundred 2022,1,928,Manchester Originals Men,931,Trent Rockets Men,2022-09-03T23:48:54Z,1,46,True,149,Samit Patel,7746,Tristan Stubbs,1032,Ashton Turner,12,71,Backward Square Leg,0,0,0,0,LengthBall,DownLeg,NotOut,TopEdge,BacksAway,SlogSweep,StockBall,Round,Orthodox,Right,Out1stUmpire,NotReferred,Null,False,False,False,False,False,False,14,False,False,False,False,False,False,0,0,0,0,0,False,False,Caught,7746.0,Tristan Stubbs,Caught
655526,10,6.0,3.0,2.0,0.0,60.0,5.0,3.0,27317,,12995,The Men's Hundred 2022,1,928,Manchester Originals Men,931,Trent Rockets Men,2022-09-03T23:50:38Z,2,47,True,149,Samit Patel,2692,Paul Walter,1032,Ashton Turner,321,65,Short Extra Cover,0,0,0,0,HalfVolley,OutsideOff,NotOut,LeadingEdge,FrontFoot,Worked,StockBall,Over,Orthodox,Right,Out1stUmpire,NotReferred,Null,False,False,False,False,False,False,14,False,False,False,False,False,False,0,0,0,0,0,False,False,Caught,2692.0,Paul Walter,Caught
655526,10,6.0,3.0,2.0,0.0,60.0,5.0,3.0,27317,,12995,The Men's Hundred 2022,1,928,Manchester Originals Men,931,Trent Rockets Men,2022-09-03T23:52:16Z,3,48,False,149,Samit Patel,3004,Tom Lammonby,1032,Ashton Turner,253,156,Long On,1,0,1,1,LengthBall,MiddleStump,NotOut,None,FrontFoot,Worked,StockBall,Over,Orthodox,Right,Null,NotReferred,Null,False,False,False,False,False,False,14,False,False,False,False,False,False,1,0,0,0,0,False,False,,,,
655526,10,6.0,3.0,2.0,0.0,60.0,5.0,3.0,27317,,12995,The Men's Hundred 2022,1,928,Manchester Originals Men,931,Trent Rockets Men,2022-09-03T23:52:46Z,4,49,False,149,Samit Patel,1032,Ashton Turner,3004,Tom Lammonby,270,40,Bowler,0,0,0,0,LengthBall,OffStump,NotOut,MisTimed,BackFoot,Worked,StockBall,Round,Orthodox,Right,Null,NotReferred,Null,False,False,False,False,False,False,31,False,False,False,False,False,False,0,0,0,0,0,False,False,,,,
655526,10,6.0,3.0,2.0,0.0,60.0,5.0,3.0,27317,,12995,The Men's Hundred 2022,1,928,Manchester Originals Men,931,Trent Rockets Men,2022-09-03T23:53:01Z,5,50,False,149,Samit Patel,1032,Ashton Turner,3004,Tom Lammonby,167,142,Deep Backward Point,2,0,2,2,LengthBall,OffStump,NotOut,None,FrontFoot,ReverseSweep,StockBall,Round,Orthodox,Right,Null,NotReferred,Null,False,False,False,False,False,False,31,False,False,False,False,False,False,2,0,0,0,0,False,False,,,,
655528,11,6.36,10.0,0.0,0.0,70.0,5.0,10.0,27317,,12995,The Men's Hundred 2022,1,928,Manchester Originals Men,931,Trent Rockets Men,2022-09-03T23:54:30Z,1,51,False,1294,Daniel Sams,3004,Tom Lammonby,1032,Ashton Turner,238,137,Long On,2,0,2,2,LengthBall,OutsideOff,NotOut,None,FrontFoot,Worked,NoMovement,Over,Fast,Right,Null,NotReferred,Null,False,False,False,False,False,False,14,False,False,False,False,False,False,2,0,0,0,0,False,False,,,,
655528,11,6.36,10.0,0.0,0.0,70.0,5.0,10.0,27317,,12995,The Men's Hundred 2022,1,928,Manchester Originals Men,931,Trent Rockets Men,2022-09-03T23:55:05Z,2,52,False,1294,Daniel Sams,3004,Tom Lammonby,1032,Ashton Turner,203,185,Deep Mid Wicket,4,0,4,4,BackOfALength,OutsideOff,NotOut,WellTimed,BackFoot,Pull,NoMovement,Over,Fast,Right,Null,NotReferred,Null,False,False,False,False,False,False,14,False,False,False,False,False,False,4,0,0,0,0,False,True,,,,
655528,11,6.36,10.0,0.0,0.0,70.0,5.0,10.0,27317,,12995,The Men's Hundred 2022,1,928,Manchester Originals Men,931,Trent Rockets Men,2022-09-03T23:55:40Z,3,53,False,1294,Daniel Sams,3004,Tom Lammonby,1032,Ashton Turner,163,133,Deep Backward Square Leg,2,0,2,2,HalfVolley,OutsideOff,NotOut,None,FrontFoot,Flick,NoMovement,Over,Fast,Right,Null,NotReferred,Null,False,False,False,False,False,False,14,False,False,False,False,False,False,2,0,0,0,0,False,False,,,,
655528,11,6.36,10.0,0.0,0.0,70.0,5.0,10.0,27317,,12995,The Men's Hundred 2022,1,928,Manchester Originals Men,931,Trent Rockets Men,2022-09-03T23:56:13Z,4,54,False,1294,Daniel Sams,3004,Tom Lammonby,1032,Ashton Turner,47,84,Short Third Man,1,0,1,1,LengthBall,OutsideOff,NotOut,None,BacksAway,Steer,SlowerBall,Over,Fast,Right,Null,NotReferred,Null,False,False,False,False,False,False,14,False,False,False,False,False,False,1,0,0,0,0,False,False,,,,
655528,11,6.36,10.0,0.0,0.0,70.0,5.0,10.0,27317,,12995,The Men's Hundred 2022,1,928,Manchester Originals Men,931,Trent Rockets Men,2022-09-03T23:56:57Z,5,55,False,1294,Daniel Sams,1032,Ashton Turner,3004,Tom Lammonby,158,86,Backward Point,1,0,1,1,BackOfALength,DownLeg,NotOut,None,BackFoot,Pushed,OffCutter,Over,Fast,Right,Null,NotReferred,Null,False,False,False,False,False,False,14,False,False,False,False,False,False,1,0,0,0,0,False,False,,,,
655529,12,6.58,9.0,1.0,0.0,79.0,6.0,9.0,27317,,12995,The Men's Hundred 2022,1,928,Manchester Originals Men,931,Trent Rockets Men,2022-09-03T23:57:58Z,1,56,False,149,Samit Patel,3004,Tom Lammonby,1032,Ashton Turner,167,114,Backward Square Leg,1,0,1,1,LengthBall,OutsideOff,NotOut,TopEdge,FrontFoot,Sweep,StockBall,Over,Orthodox,Right,Null,NotReferred,Null,False,False,False,False,False,False,14,False,False,False,False,False,False,1,0,0,0,0,False,False,,,,
655529,12,6.58,9.0,1.0,0.0,79.0,6.0,9.0,27317,,12995,The Men's Hundred 2022,1,928,Manchester Originals Men,931,Trent Rockets Men,2022-09-03T23:58:22Z,2,57,False,149,Samit Patel,1032,Ashton Turner,3004,Tom Lammonby,280,188,Long On,4,0,4,4,FullToss,OutsideOff,NotOut,WellTimed,FrontFoot,Drive,StockBall,Over,Orthodox,Right,Null,NotReferred,Null,False,False,False,False,False,False,14,False,False,False,False,False,False,4,0,0,0,0,False,True,,,,
655529,12,6.58,9.0,1.0,0.0,79.0,6.0,9.0,27317,,12995,The Men's Hundred 2022,1,928,Manchester Originals Men,931,Trent Rockets Men,2022-09-03T23:58:43Z,3,58,True,149,Samit Patel,1032,Ashton Turner,3004,Tom Lammonby,343,158,Deep Mid Wicket,0,0,0,0,LengthBall,OutsideOff,NotOut,MisTimed,FrontFoot,SlogSweep,StockBall,Over,Orthodox,Right,Out1stUmpire,NotReferred,Null,False,False,False,False,False,False,14,False,False,False,False,False,False,0,0,0,0,0,False,False,Caught,1032.0,Ashton Turner,Caught
655529,12,6.58,9.0,1.0,0.0,79.0,6.0,9.0,27317,,12995,The Men's Hundred 2022,1,928,Manchester Originals Men,931,Trent Rockets Men,2022-09-04T00:00:05Z,4,59,False,149,Samit Patel,6997,Tom Hartley,3004,Tom Lammonby,306,104,Mid Off,0,0,0,0,LengthBall,OutsideOff,NotOut,None,FrontFoot,Drive,StockBall,Over,Orthodox,Right,Null,NotReferred,Null,False,False,False,False,False,False,14,False,False,False,False,False,False,0,0,0,0,0,False,False,,,,
655529,12,6.58,9.0,1.0,0.0,79.0,6.0,9.0,27317,,12995,The Men's Hundred 2022,1,928,Manchester Originals Men,931,Trent Rockets Men,2022-09-04T00:00:22Z,5,60,False,149,Samit Patel,6997,Tom Hartley,3004,Tom Lammonby,264,192,Long On,4,0,4,4,LengthBall,OutsideOff,NotOut,WellTimed,DownTheTrack,Drive,StockBall,Over,Orthodox,Right,Null,NotReferred,Null,False,False,False,False,True,False,14,False,False,False,False,False,False,4,0,0,0,0,False,True,,,,
655530,13,6.38,3.0,0.0,1.0,83.0,6.0,4.0,27317,,12995,The Men's Hundred 2022,1,928,Manchester Originals Men,931,Trent Rockets Men,2022-09-04T00:01:26Z,1,61,False,155,Matthew Carter,3004,Tom Lammonby,6997,Tom Hartley,217,50,Short Mid Wicket,1,0,1,1,LengthBall,OffStump,NotOut,None,BackFoot,Worked,OffBreak,Round,OffSpin,Left,Null,NotReferred,Null,False,False,False,False,False,False,31,False,False,False,False,False,False,1,0,0,0,0,False,False,,,,
655530,13,6.38,3.0,0.0,1.0,83.0,6.0,4.0,27317,,12995,The Men's Hundred 2022,1,928,Manchester Originals Men,931,Trent Rockets Men,2022-09-04T00:01:48Z,2,62,False,155,Matthew Carter,6997,Tom Hartley,3004,Tom Lammonby,0,0,-,1,0,1,1,LengthBall,OffStump,NotOut,InsideEdge,BackFoot,Pushed,OffBreak,Round,OffSpin,Left,Null,NotReferred,Null,False,False,False,False,False,False,31,False,False,False,False,False,False,1,0,0,0,0,False,False,,,,
655530,13,6.38,3.0,0.0,1.0,83.0,6.0,4.0,27317,,12995,The Men's Hundred 2022,1,928,Manchester Originals Men,931,Trent Rockets Men,2022-09-04T00:02:10Z,3,63,False,155,Matthew Carter,3004,Tom Lammonby,6997,Tom Hartley,21,86,Backward Point,1,0,1,1,LengthBall,OutsideOff,NotOut,None,BackFoot,Cut,OffBreak,Round,OffSpin,Left,Null,NotReferred,Null,False,False,False,False,False,False,31,False,False,False,False,False,False,1,0,0,0,0,False,False,,,,
655530,13,6.38,3.0,0.0,1.0,83.0,6.0,4.0,27317,,12995,The Men's Hundred 2022,1,928,Manchester Originals Men,931,Trent Rockets Men,2022-09-04T00:02:26Z,4,64,False,155,Matthew Carter,6997,Tom Hartley,3004,Tom Lammonby,120,93,Short Fine Leg,0,1,1,0,LengthBall,MiddleStump,NotOut,Missed,BackFoot,Steer,OffBreak,Round,OffSpin,Left,Null,NotReferred,Null,False,False,True,False,False,False,31,False,False,False,False,False,False,0,1,0,0,0,False,False,,,,
655530,13,6.38,3.0,0.0,1.0,83.0,6.0,4.0,27317,,12995,The Men's Hundred 2022,1,928,Manchester Originals Men,931,Trent Rockets Men,2022-09-04T00:03:02Z,5,65,False,155,Matthew Carter,3004,Tom Lammonby,6997,Tom Hartley,347,25,Silly Point,0,0,0,0,LengthBall,OffStump,NotOut,MisTimed,FrontFoot,ReverseSweep,OffBreak,Round,OffSpin,Left,Null,NotReferred,Null,False,False,False,False,False,False,31,False,False,False,False,False,False,0,0,0,0,0,False,False,,,,
655531,14,6.29,5.0,0.0,0.0,88.0,6.0,5.0,27317,,12995,The Men's Hundred 2022,1,928,Manchester Originals Men,931,Trent Rockets Men,2022-09-04T00:03:21Z,1,66,False,155,Matthew Carter,3004,Tom Lammonby,6997,Tom Hartley,331,115,Extra Cover,1,0,1,1,LengthBall,OffStump,NotOut,None,BackFoot,Drive,OffBreak,Round,OffSpin,Left,Null,NotReferred,Null,False,False,False,False,False,False,31,False,False,False,False,False,False,1,0,0,0,0,False,False,,,,
655531,14,6.29,5.0,0.0,0.0,88.0,6.0,5.0,27317,,12995,The Men's Hundred 2022,1,928,Manchester Originals Men,931,Trent Rockets Men,2022-09-04T00:03:38Z,2,67,False,155,Matthew Carter,6997,Tom Hartley,3004,Tom Lammonby,289,154,Long Off,1,0,1,1,LengthBall,OffStump,NotOut,None,DownTheTrack,Drive,OffBreak,Round,OffSpin,Left,Null,NotReferred,Null,False,False,False,False,False,False,31,False,False,False,False,False,False,1,0,0,0,0,False,False,,,,
655531,14,6.29,5.0,0.0,0.0,88.0,6.0,5.0,27317,,12995,The Men's Hundred 2022,1,928,Manchester Originals Men,931,Trent Rockets Men,2022-09-04T00:03:54Z,3,68,False,155,Matthew Carter,3004,Tom Lammonby,6997,Tom Hartley,49,78,Short Third Man,1,0,1,1,LengthBall,MiddleStump,NotOut,MisTimed,FrontFoot,ReverseSweep,OffBreak,Round,OffSpin,Left,Null,NotReferred,Null,False,False,False,False,False,False,31,False,False,False,False,False,False,1,0,0,0,0,False,False,,,,
655531,14,6.29,5.0,0.0,0.0,88.0,6.0,5.0,27317,,12995,The Men's Hundred 2022,1,928,Manchester Originals Men,931,Trent Rockets Men,2022-09-04T00:04:20Z,4,69,False,155,Matthew Carter,6997,Tom Hartley,3004,Tom Lammonby,248,159,Long On,1,0,1,1,LengthBall,DownLeg,NotOut,None,FrontFoot,Worked,OffBreak,Round,OffSpin,Left,Null,NotReferred,Null,False,False,False,False,False,False,31,False,False,False,False,False,False,1,0,0,0,0,False,False,,,,
655531,14,6.29,5.0,0.0,0.0,88.0,6.0,5.0,27317,,12995,The Men's Hundred 2022,1,928,Manchester Originals Men,931,Trent Rockets Men,2022-09-04T00:04:38Z,5,70,False,155,Matthew Carter,3004,Tom Lammonby,6997,Tom Hartley,197,91,Mid Wicket,1,0,1,1,LengthBall,OffStump,NotOut,None,BackFoot,Worked,OffBreak,Round,OffSpin,Left,Null,NotReferred,Null,False,False,False,False,False,False,31,False,False,False,False,False,False,1,0,0,0,0,False,False,,,,
655532,15,6.4,7.0,0.0,3.0,96.0,6.0,8.0,27317,,12995,The Men's Hundred 2022,1,928,Manchester Originals Men,931,Trent Rockets Men,2022-09-04T00:05:56Z,1,71,False,354,Luke Wood,3004,Tom Lammonby,6997,Tom Hartley,334,154,Deep Cover,2,0,2,2,BackOfALength,OutsideOff,NotOut,None,DownTheTrack,Cut,NoMovement,Over,Fast,Right,Null,NotReferred,Null,False,False,False,False,False,False,14,False,False,False,False,False,False,2,0,0,0,0,False,False,,,,
655532,15,6.4,7.0,0.0,3.0,96.0,6.0,8.0,27317,,12995,The Men's Hundred 2022,1,928,Manchester Originals Men,931,Trent Rockets Men,2022-09-04T00:06:33Z,2,72,False,354,Luke Wood,3004,Tom Lammonby,6997,Tom Hartley,162,125,Backward Square Leg,1,0,1,1,BackOfALength,OutsideOff,NotOut,None,BackFoot,Worked,OffCutter,Over,Fast,Right,Null,NotReferred,Null,False,False,False,False,False,False,14,False,False,False,False,False,False,1,0,0,0,0,False,False,,,,
655532,15,6.4,7.0,0.0,3.0,96.0,6.0,8.0,27317,,12995,The Men's Hundred 2022,1,928,Manchester Originals Men,931,Trent Rockets Men,2022-09-04T00:07:06Z,3,73,False,354,Luke Wood,6997,Tom Hartley,3004,Tom Lammonby,18,90,Backward Point,1,0,1,1,BackOfALength,OutsideOff,NotOut,ThickEdge,BackFoot,Fended,NoMovement,Over,Fast,Right,Null,NotReferred,Null,False,False,False,False,False,False,14,False,False,False,False,False,False,1,0,0,0,0,False,False,,,,
655532,15,6.4,7.0,0.0,3.0,96.0,6.0,8.0,27317,,12995,The Men's Hundred 2022,1,928,Manchester Originals Men,931,Trent Rockets Men,2022-09-04T00:07:43Z,4,74,False,354,Luke Wood,3004,Tom Lammonby,6997,Tom Hartley,164,132,Deep Backward Square Leg,1,0,1,1,BackOfALength,OutsideOff,NotOut,MisTimed,BackFoot,Pull,NoMovement,Over,Fast,Right,Null,NotReferred,Null,False,False,False,False,False,False,14,False,False,False,False,False,False,1,0,0,0,0,False,False,,,,
655532,15,6.4,7.0,0.0,3.0,96.0,6.0,8.0,27317,,12995,The Men's Hundred 2022,1,928,Manchester Originals Men,931,Trent Rockets Men,2022-09-04T00:08:23Z,5,74,False,354,Luke Wood,6997,Tom Hartley,3004,Tom Lammonby,123,139,Fine Leg,2,2,2,0,Short,OutsideOff,NotOut,PlayAndMissLegSide,BackFoot,Pull,NoMovement,Over,Fast,Right,Null,NotReferred,Null,True,False,False,False,False,False,14,False,False,False,False,False,False,0,0,2,0,0,False,False,,,,
655532,15,6.4,7.0,0.0,3.0,96.0,6.0,8.0,27317,,12995,The Men's Hundred 2022,1,928,Manchester Originals Men,931,Trent Rockets Men,2022-09-04T00:08:59Z,5,75,False,354,Luke Wood,3004,Tom Lammonby,6997,Tom Hartley,325,47,Short Extra Cover,0,1,1,0,LengthBall,DownLeg,NotOut,HitPad,BacksAway,Slog,NoMovement,Over,Fast,Right,Null,NotReferred,Null,False,False,False,True,False,False,14,False,False,False,False,False,False,0,0,0,1,0,False,False,,,,
655533,16,6.25,4.0,0.0,0.0,100.0,6.0,4.0,27317,,12995,The Men's Hundred 2022,1,928,Manchester Originals Men,931,Trent Rockets Men,2022-09-04T00:09:49Z,1,76,False,155,Matthew Carter,6997,Tom Hartley,3004,Tom Lammonby,13,150,Deep Backward Point,2,0,2,2,LengthBall,OffStump,NotOut,MisTimed,BacksAway,Drive,OffBreak,Round,OffSpin,Left,Null,NotReferred,Null,False,False,False,False,False,False,14,False,False,False,False,False,False,2,0,0,0,0,False,False,,,,
655533,16,6.25,4.0,0.0,0.0,100.0,6.0,4.0,27317,,12995,The Men's Hundred 2022,1,928,Manchester Originals Men,931,Trent Rockets Men,2022-09-04T00:10:14Z,2,77,False,155,Matthew Carter,6997,Tom Hartley,3004,Tom Lammonby,44,71,Short Third Man,1,0,1,1,LengthBall,MiddleStump,NotOut,OutsideEdge,DownTheTrack,Drive,OffBreak,Round,OffSpin,Left,Null,NotReferred,Null,False,False,False,False,False,False,14,False,False,False,False,False,False,1,0,0,0,0,False,False,,,,
655533,16,6.25,4.0,0.0,0.0,100.0,6.0,4.0,27317,,12995,The Men's Hundred 2022,1,928,Manchester Originals Men,931,Trent Rockets Men,2022-09-04T00:10:30Z,3,78,False,155,Matthew Carter,3004,Tom Lammonby,6997,Tom Hartley,26,81,Backward Point,1,0,1,1,LengthBall,DownLeg,NotOut,ThickEdge,BacksAway,Worked,OffBreak,Round,OffSpin,Left,Null,NotReferred,Null,False,False,False,False,False,False,14,False,False,False,False,False,False,1,0,0,0,0,False,False,,,,
655533,16,6.25,4.0,0.0,0.0,100.0,6.0,4.0,27317,,12995,The Men's Hundred 2022,1,928,Manchester Originals Men,931,Trent Rockets Men,2022-09-04T00:10:51Z,4,79,False,155,Matthew Carter,6997,Tom Hartley,3004,Tom Lammonby,90,48,Wicketkeeper,0,0,0,0,LengthBall,DownLeg,NotOut,Missed,FrontFoot,ReverseSweep,OffBreak,Round,OffSpin,Left,Null,NotReferred,Null,False,False,False,False,False,False,14,False,False,False,False,False,False,0,0,0,0,0,False,False,,,,
655533,16,6.25,4.0,0.0,0.0,100.0,6.0,4.0,27317,,12995,The Men's Hundred 2022,1,928,Manchester Originals Men,931,Trent Rockets Men,2022-09-04T00:11:05Z,5,80,False,155,Matthew Carter,6997,Tom Hartley,3004,Tom Lammonby,90,48,Wicketkeeper,0,0,0,0,LengthBall,LegStump,NotOut,Missed,FrontFoot,SlogSweep,OffBreak,Round,OffSpin,Left,Null,NotReferred,Null,False,False,False,False,False,False,14,False,False,False,False,False,False,0,0,0,0,0,False,False,,,,
655534,17,6.0,2.0,1.0,0.0,102.0,7.0,2.0,27317,,12995,The Men's Hundred 2022,1,928,Manchester Originals Men,931,Trent Rockets Men,2022-09-04T00:12:06Z,1,81,True,22,Sam Cook,3004,Tom Lammonby,6997,Tom Hartley,0,0,,0,0,0,0,Yorker,LegStump,NotOut,Missed,BacksAway,Drive,NoMovement,Over,Fast,Left,Out2ndUmpire,NotReferred,Null,False,False,False,False,False,False,31,False,False,False,False,False,False,0,0,0,0,0,False,False,Bowled,3004.0,Tom Lammonby,Bowled
655534,17,6.0,2.0,1.0,0.0,102.0,7.0,2.0,27317,,12995,The Men's Hundred 2022,1,928,Manchester Originals Men,931,Trent Rockets Men,2022-09-04T00:13:43Z,2,82,False,22,Sam Cook,467,Richard Gleeson,6997,Tom Hartley,213,61,Short Extra Cover,0,0,0,0,FullToss,OutsideOff,NotOut,None,FrontFoot,Drive,NoMovement,Over,Fast,Left,Null,NotReferred,Null,False,False,False,False,False,False,31,False,False,False,False,False,False,0,0,0,0,0,False,False,,,,
655534,17,6.0,2.0,1.0,0.0,102.0,7.0,2.0,27317,,12995,The Men's Hundred 2022,1,928,Manchester Originals Men,931,Trent Rockets Men,2022-09-04T00:14:10Z,3,83,False,22,Sam Cook,467,Richard Gleeson,6997,Tom Hartley,155,77,Backward Point,1,0,1,1,LengthBall,OutsideOff,NotOut,ThickEdge,NoMovement,Pushed,SlowerBall,Over,Fast,Left,Null,NotReferred,Null,False,False,False,False,False,False,31,False,False,False,False,False,False,1,0,0,0,0,False,False,,,,
655534,17,6.0,2.0,1.0,0.0,102.0,7.0,2.0,27317,,12995,The Men's Hundred 2022,1,928,Manchester Originals Men,931,Trent Rockets Men,2022-09-04T00:14:42Z,4,84,False,22,Sam Cook,6997,Tom Hartley,467,Richard Gleeson,90,48,Wicketkeeper,0,0,0,0,Short,DownLeg,NotOut,Missed,BackFoot,Cut,NoMovement,Over,Fast,Left,Null,NotReferred,Null,False,False,False,False,False,False,31,False,False,False,False,False,False,0,0,0,0,0,False,False,,,,
655534,17,6.0,2.0,1.0,0.0,102.0,7.0,2.0,27317,,12995,The Men's Hundred 2022,1,928,Manchester Originals Men,931,Trent Rockets Men,2022-09-04T00:15:12Z,5,85,False,22,Sam Cook,6997,Tom Hartley,467,Richard Gleeson,252,142,Long On,1,0,1,1,FullToss,OutsideOff,NotOut,MisTimed,FrontFoot,Drive,NoMovement,Over,Fast,Left,Null,NotReferred,Null,False,False,False,False,False,False,31,False,False,False,False,False,False,1,0,0,0,0,False,False,,,,
655535,18,5.72,1.0,1.0,0.0,103.0,8.0,1.0,27317,,12995,The Men's Hundred 2022,1,928,Manchester Originals Men,931,Trent Rockets Men,2022-09-04T00:16:10Z,1,86,False,354,Luke Wood,467,Richard Gleeson,6997,Tom Hartley,242,90,Mid Off,0,0,0,0,FullToss,MiddleStump,NotOut,None,FrontFoot,Drive,SlowerBall,Over,Fast,Right,Null,NotReferred,Null,False,False,False,False,False,False,31,False,False,False,False,False,False,0,0,0,0,0,False,False,,,,
655535,18,5.72,1.0,1.0,0.0,103.0,8.0,1.0,27317,,12995,The Men's Hundred 2022,1,928,Manchester Originals Men,931,Trent Rockets Men,2022-09-04T00:16:45Z,2,87,False,354,Luke Wood,467,Richard Gleeson,6997,Tom Hartley,48,146,Fine Leg,1,0,1,1,HalfVolley,LegStump,NotOut,InsideEdge,BacksAway,Slog,SlowerBall,Over,Fast,Right,Null,NotReferred,Null,False,False,False,False,False,False,31,False,False,False,False,False,False,1,0,0,0,0,False,False,,,,
655535,18,5.72,1.0,1.0,0.0,103.0,8.0,1.0,27317,,12995,The Men's Hundred 2022,1,928,Manchester Originals Men,931,Trent Rockets Men,2022-09-04T00:17:18Z,3,88,False,354,Luke Wood,6997,Tom Hartley,467,Richard Gleeson,90,48,Wicketkeeper,0,0,0,0,LengthBall,OutsideOff,NotOut,Missed,BacksAway,Drive,SlowerBall,Over,Fast,Right,Null,NotReferred,Null,False,False,False,False,False,False,31,False,False,False,False,False,False,0,0,0,0,0,False,False,,,,
655535,18,5.72,1.0,1.0,0.0,103.0,8.0,1.0,27317,,12995,The Men's Hundred 2022,1,928,Manchester Originals Men,931,Trent Rockets Men,2022-09-04T00:17:53Z,4,89,True,354,Luke Wood,6997,Tom Hartley,467,Richard Gleeson,90,48,Wicketkeeper,0,0,0,0,BackOfALength,OutsideOff,NotOut,TopEdge,BackFoot,Pull,NoMovement,Over,Fast,Right,Out2ndUmpire,NotReferred,Null,False,False,False,False,False,False,31,False,False,False,False,False,False,0,0,0,0,0,False,False,Caught,6997.0,Tom Hartley,Caught
655535,18,5.72,1.0,1.0,0.0,103.0,8.0,1.0,27317,,12995,The Men's Hundred 2022,1,928,Manchester Originals Men,931,Trent Rockets Men,2022-09-04T00:19:27Z,5,90,False,354,Luke Wood,248,Matt Parkinson,467,Richard Gleeson,90,48,Wicketkeeper,0,0,0,0,BackOfALength,LegStump,Caught,HitBody,BackFoot,Steer,NoMovement,Over,Fast,Right,NotOut2ndUmpire,NotOutReviewLost,Null,False,False,False,False,False,True,80,False,False,False,False,False,True,0,0,0,0,0,False,False,,,,
655536,19,5.84,7.0,1.0,1.0,111.0,9.0,8.0,27317,,12995,The Men's Hundred 2022,1,928,Manchester Originals Men,931,Trent Rockets Men,2022-09-04T00:21:16Z,1,91,False,22,Sam Cook,467,Richard Gleeson,248,Matt Parkinson,235,203,Long Off,4,0,4,4,LengthBall,OutsideOff,NotOut,WellTimed,FrontFoot,Drive,SlowerBall,Over,Fast,Left,Null,NotReferred,Null,False,False,False,False,True,False,14,False,False,False,False,False,False,4,0,0,0,0,False,True,,,,
655536,19,5.84,7.0,1.0,1.0,111.0,9.0,8.0,27317,,12995,The Men's Hundred 2022,1,928,Manchester Originals Men,931,Trent Rockets Men,2022-09-04T00:22:01Z,2,92,False,22,Sam Cook,467,Richard Gleeson,248,Matt Parkinson,321,57,Short Mid Wicket,0,1,1,0,Yorker,LegStump,NotOut,HitPad,FrontFoot,Flick,NoMovement,Over,Fast,Left,Null,NotReferred,Null,False,False,False,True,False,False,14,False,False,False,False,False,False,0,0,0,1,0,False,False,,,,
655536,19,5.84,7.0,1.0,1.0,111.0,9.0,8.0,27317,,12995,The Men's Hundred 2022,1,928,Manchester Originals Men,931,Trent Rockets Men,2022-09-04T00:22:36Z,3,93,False,22,Sam Cook,248,Matt Parkinson,467,Richard Gleeson,242,96,Mid Off,1,0,1,1,HalfVolley,MiddleStump,NotOut,None,FrontFoot,Drive,NoMovement,Over,Fast,Left,Null,NotReferred,Null,False,False,False,False,False,False,14,False,False,False,False,False,False,1,0,0,0,0,False,False,,,,
655536,19,5.84,7.0,1.0,1.0,111.0,9.0,8.0,27317,,12995,The Men's Hundred 2022,1,928,Manchester Originals Men,931,Trent Rockets Men,2022-09-04T00:23:00Z,4,94,False,22,Sam Cook,467,Richard Gleeson,248,Matt Parkinson,18,150,Deep Backward Square Leg,2,0,2,2,BackOfALength,OutsideOff,NotOut,None,BackFoot,Pull,SlowerBall,Over,Fast,Left,Null,NotReferred,Null,False,False,False,False,False,False,14,False,False,False,False,False,False,2,0,0,0,0,False,False,,,,
655536,19,5.84,7.0,1.0,1.0,111.0,9.0,8.0,27317,,12995,The Men's Hundred 2022,1,928,Manchester Originals Men,931,Trent Rockets Men,2022-09-04T00:23:45Z,5,95,True,22,Sam Cook,467,Richard Gleeson,248,Matt Parkinson,0,0,,0,0,0,0,HalfVolley,MiddleStump,NotOut,Missed,FrontFoot,Drive,NoMovement,Over,Fast,Left,Out1stUmpire,NotReferred,Null,False,False,False,False,False,False,14,False,False,False,False,False,False,0,0,0,0,0,False,False,Bowled,467.0,Richard Gleeson,Bowled
655537,20,6.0,8.0,0.0,3.0,120.0,9.0,9.0,27317,,12995,The Men's Hundred 2022,1,928,Manchester Originals Men,931,Trent Rockets Men,2022-09-04T00:25:07Z,1,96,False,1294,Daniel Sams,260,Josh Little,248,Matt Parkinson,191,48,Point,1,0,1,1,LengthBall,OutsideOff,NotOut,None,FrontFoot,Pushed,SlowerBall,Over,Fast,Right,Null,NotReferred,Null,False,False,False,False,False,False,14,False,False,False,False,False,False,1,0,0,0,0,False,False,,,,
655537,20,6.0,8.0,0.0,3.0,120.0,9.0,9.0,27317,,12995,The Men's Hundred 2022,1,928,Manchester Originals Men,931,Trent Rockets Men,2022-09-04T00:25:44Z,2,97,False,1294,Daniel Sams,248,Matt Parkinson,260,Josh Little,90,48,Wicketkeeper,0,0,0,0,BackOfALength,OutsideOff,NotOut,Missed,DownTheTrack,Cut,SlowerBall,Round,Fast,Right,Null,NotReferred,Null,False,False,False,False,False,False,14,False,False,False,False,False,False,0,0,0,0,0,False,False,,,,
655537,20,6.0,8.0,0.0,3.0,120.0,9.0,9.0,27317,,12995,The Men's Hundred 2022,1,928,Manchester Originals Men,931,Trent Rockets Men,2022-09-04T00:26:03Z,3,98,False,1294,Daniel Sams,248,Matt Parkinson,260,Josh Little,298,102,Mid On,1,0,1,1,BackOfALength,OutsideOff,NotOut,None,BackFoot,Pull,OffCutter,Round,Fast,Right,Null,NotReferred,Null,False,False,False,False,False,False,14,False,False,False,False,False,False,1,0,0,0,0,False,False,,,,
655537,20,6.0,8.0,0.0,3.0,120.0,9.0,9.0,27317,,12995,The Men's Hundred 2022,1,928,Manchester Originals Men,931,Trent Rockets Men,2022-09-04T00:26:52Z,4,99,False,1294,Daniel Sams,260,Josh Little,248,Matt Parkinson,106,174,Third Man,4,0,4,4,LengthBall,OutsideOff,NotOut,ThickEdge,BacksAway,Drive,NoMovement,Round,Fast,Right,Null,NotReferred,Null,False,False,False,False,False,False,14,False,False,False,False,False,False,4,0,0,0,0,False,True,,,,
655537,20,6.0,8.0,0.0,3.0,120.0,9.0,9.0,27317,,12995,The Men's Hundred 2022,1,928,Manchester Originals Men,931,Trent Rockets Men,2022-09-04T00:27:30Z,5,99,False,1294,Daniel Sams,260,Josh Little,248,Matt Parkinson,90,48,Wicketkeeper,2,2,2,0,Short,OutsideOff,NotOut,Missed,BackFoot,Cut,OffCutter,Round,Fast,Right,Null,NotReferred,Null,True,False,False,False,False,False,14,False,False,False,False,False,False,0,0,2,0,0,False,False,,,,
655537,20,6.0,8.0,0.0,3.0,120.0,9.0,9.0,27317,,12995,The Men's Hundred 2022,1,928,Manchester Originals Men,931,Trent Rockets Men,2022-09-04T00:28:10Z,5,100,False,1294,Daniel Sams,248,Matt Parkinson,260,Josh Little,90,48,Wicketkeeper,0,1,1,0,HalfVolley,OutsideOff,NotOut,Missed,FrontFoot,Drive,NoMovement,Round,Fast,Right,Null,NotReferred,Null,False,False,True,False,False,False,14,False,False,False,False,False,False,0,1,0,0,0,False,False,,,,
655538,1,4.0,4.0,0.0,0.0,4.0,0.0,4.0,27354,,12995,The Men's Hundred 2022,2,931,Trent Rockets Men,928,Manchester Originals Men,2022-09-04T00:43:14Z,1,1,False,467,Richard Gleeson,402,Alex Hales,81,Dawid Malan,15,151,Deep Backward Square Leg,2,0,2,2,HalfVolley,LegStump,NotOut,None,FrontFoot,Flick,NoMovement,Over,Fast,Left,Null,NotReferred,Null,False,False,False,False,False,False,14,False,True,True,False,True,False,2,0,0,0,0,False,False,,,,
655538,1,4.0,4.0,0.0,0.0,4.0,0.0,4.0,27354,,12995,The Men's Hundred 2022,2,931,Trent Rockets Men,928,Manchester Originals Men,2022-09-04T00:43:46Z,2,2,False,467,Richard Gleeson,402,Alex Hales,81,Dawid Malan,90,48,Wicketkeeper,0,0,0,0,LengthBall,OutsideOff,NotOut,Left,DownTheTrack,Leave,SeamIn,Over,Fast,Left,Null,NotReferred,Null,False,False,False,False,False,False,14,False,False,True,False,True,False,0,0,0,0,0,False,False,,,,
655538,1,4.0,4.0,0.0,0.0,4.0,0.0,4.0,27354,,12995,The Men's Hundred 2022,2,931,Trent Rockets Men,928,Manchester Originals Men,2022-09-04T00:44:25Z,3,3,False,467,Richard Gleeson,402,Alex Hales,81,Dawid Malan,129,77,Short Third Man,1,0,1,1,LengthBall,OutsideOff,NotOut,OutsideEdge,FrontFoot,Pushed,NoMovement,Over,Fast,Left,Null,NotReferred,Null,False,False,False,False,False,False,14,False,False,True,False,True,False,1,0,0,0,0,False,False,,,,
655538,1,4.0,4.0,0.0,0.0,4.0,0.0,4.0,27354,,12995,The Men's Hundred 2022,2,931,Trent Rockets Men,928,Manchester Originals Men,2022-09-04T00:45:27Z,4,4,False,467,Richard Gleeson,81,Dawid Malan,402,Alex Hales,90,48,Wicketkeeper,0,0,0,0,LengthBall,OutsideOff,NotOut,Missed,FrontFoot,ForwardDefensive,NoMovement,Round,Fast,Left,Null,NotReferred,Null,False,False,False,False,False,False,14,False,False,True,False,True,False,0,0,0,0,0,False,False,,,,
655538,1,4.0,4.0,0.0,0.0,4.0,0.0,4.0,27354,,12995,The Men's Hundred 2022,2,931,Trent Rockets Men,928,Manchester Originals Men,2022-09-04T00:46:01Z,5,5,False,467,Richard Gleeson,81,Dawid Malan,402,Alex Hales,179,145,Deep Square Leg,1,0,1,1,LengthBall,OutsideOff,NotOut,None,FrontFoot,Flick,NoMovement,Round,Fast,Left,Null,NotReferred,Null,False,False,False,False,False,False,14,False,False,True,False,True,False,1,0,0,0,0,False,False,,,,
655539,2,3.5,3.0,0.0,1.0,7.0,0.0,3.0,27354,,12995,The Men's Hundred 2022,2,931,Trent Rockets Men,928,Manchester Originals Men,2022-09-04T00:46:48Z,1,6,False,467,Richard Gleeson,402,Alex Hales,81,Dawid Malan,215,53,Short Extra Cover,0,0,0,0,LengthBall,OutsideOff,NotOut,None,FrontFoot,Pushed,NoMovement,Over,Fast,Left,Null,NotReferred,Null,False,False,False,False,False,False,14,False,False,True,False,True,False,0,0,0,0,0,False,False,,,,
655539,2,3.5,3.0,0.0,1.0,7.0,0.0,3.0,27354,,12995,The Men's Hundred 2022,2,931,Trent Rockets Men,928,Manchester Originals Men,2022-09-04T00:47:26Z,2,7,False,467,Richard Gleeson,402,Alex Hales,81,Dawid Malan,216,53,Short Extra Cover,0,0,0,0,BackOfALength,OutsideOff,NotOut,MisTimed,BackFoot,Drive,NoMovement,Over,Fast,Left,Null,NotReferred,Null,False,False,False,False,False,False,14,False,False,True,False,True,False,0,0,0,0,0,False,False,,,,
655539,2,3.5,3.0,0.0,1.0,7.0,0.0,3.0,27354,,12995,The Men's Hundred 2022,2,931,Trent Rockets Men,928,Manchester Originals Men,2022-09-04T00:48:07Z,3,7,False,467,Richard Gleeson,402,Alex Hales,81,Dawid Malan,90,48,Wicketkeeper,1,1,1,0,LengthBall,OutsideOff,NotOut,Missed,DeepInCrease,Drive,NoMovement,Over,Fast,Left,Null,NotReferred,Null,True,False,False,False,False,False,14,False,False,True,False,True,False,0,0,1,0,0,False,False,,,,
655539,2,3.5,3.0,0.0,1.0,7.0,0.0,3.0,27354,,12995,The Men's Hundred 2022,2,931,Trent Rockets Men,928,Manchester Originals Men,2022-09-04T00:48:46Z,3,8,False,467,Richard Gleeson,402,Alex Hales,81,Dawid Malan,166,127,Deep Backward Point,1,0,1,1,LengthBall,OutsideOff,NotOut,None,FrontFoot,Drive,NoMovement,Over,Fast,Left,Null,NotReferred,Null,False,False,False,False,True,False,14,False,False,True,False,True,False,1,0,0,0,0,False,False,,,,
655539,2,3.5,3.0,0.0,1.0,7.0,0.0,3.0,27354,,12995,The Men's Hundred 2022,2,931,Trent Rockets Men,928,Manchester Originals Men,2022-09-04T00:49:28Z,4,9,False,467,Richard Gleeson,81,Dawid Malan,402,Alex Hales,259,82,Mid On,0,0,0,0,LengthBall,OutsideOff,NotOut,MisTimed,FrontFoot,Drive,NoMovement,Round,Fast,Left,Null,NotReferred,Null,False,False,False,False,False,False,14,False,False,True,False,True,False,0,0,0,0,0,False,False,,,,
655539,2,3.5,3.0,0.0,1.0,7.0,0.0,3.0,27354,,12995,The Men's Hundred 2022,2,931,Trent Rockets Men,928,Manchester Originals Men,2022-09-04T00:50:05Z,5,10,False,467,Richard Gleeson,81,Dawid Malan,402,Alex Hales,328,87,Extra Cover,1,0,1,1,LengthBall,OutsideOff,NotOut,None,FrontFoot,Drive,NoMovement,Round,Fast,Left,Null,NotReferred,Null,False,False,False,False,False,False,14,False,False,True,False,True,False,1,0,0,0,0,False,False,,,,
655540,3,5.33,9.0,1.0,0.0,16.0,1.0,9.0,27354,,12995,The Men's Hundred 2022,2,931,Trent Rockets Men,928,Manchester Originals Men,2022-09-04T00:51:14Z,1,11,False,260,Josh Little,81,Dawid Malan,402,Alex Hales,207,196,Deep Mid Wicket,4,0,4,4,BackOfALength,OutsideOff,NotOut,WellTimed,BackFoot,Pull,NoMovement,Over,Fast,Right,Null,NotReferred,Null,False,False,False,False,False,False,31,False,False,True,False,True,False,4,0,0,0,0,False,True,,,,
655540,3,5.33,9.0,1.0,0.0,16.0,1.0,9.0,27354,,12995,The Men's Hundred 2022,2,931,Trent Rockets Men,928,Manchester Originals Men,2022-09-04T00:51:58Z,2,12,False,260,Josh Little,81,Dawid Malan,402,Alex Hales,180,139,Deep Square Leg,1,0,1,1,BackOfALength,OutsideOff,NotOut,None,BackFoot,Pull,NoMovement,Over,Fast,Right,Null,NotReferred,Null,False,False,False,False,False,False,31,False,False,True,False,True,False,1,0,0,0,0,False,False,,,,
655540,3,5.33,9.0,1.0,0.0,16.0,1.0,9.0,27354,,12995,The Men's Hundred 2022,2,931,Trent Rockets Men,928,Manchester Originals Men,2022-09-04T00:52:31Z,3,13,False,260,Josh Little,402,Alex Hales,81,Dawid Malan,21,197,Deep Backward Square Leg,4,0,4,4,BackOfALength,LegStump,NotOut,WellTimed,BackFoot,Pull,NoMovement,Over,Fast,Right,Null,NotReferred,Null,False,False,False,False,False,False,31,False,False,True,False,True,False,4,0,0,0,0,False,True,,,,
655540,3,5.33,9.0,1.0,0.0,16.0,1.0,9.0,27354,,12995,The Men's Hundred 2022,2,931,Trent Rockets Men,928,Manchester Originals Men,2022-09-04T00:53:08Z,4,14,True,260,Josh Little,402,Alex Hales,81,Dawid Malan,201,102,Cover,0,0,0,0,BackOfALength,MiddleStump,NotOut,MisTimed,DownTheTrack,Cut,NoMovement,Over,Fast,Right,Out2ndUmpire,NotReferred,Null,False,False,False,False,False,False,31,False,False,True,False,True,False,0,0,0,0,0,False,False,Caught,402.0,Alex Hales,Caught
655540,3,5.33,9.0,1.0,0.0,16.0,1.0,9.0,27354,,12995,The Men's Hundred 2022,2,931,Trent Rockets Men,928,Manchester Originals Men,2022-09-04T00:54:36Z,5,15,False,260,Josh Little,163,Tom Kohler-Cadmore,81,Dawid Malan,90,48,Wicketkeeper,0,0,0,0,LengthBall,OffStump,NotOut,Missed,FrontFoot,ForwardDefensive,NoMovement,Over,Fast,Right,Null,NotReferred,Null,False,False,False,False,False,False,31,False,False,True,False,True,False,0,0,0,0,0,False,False,,,,
655541,4,4.25,1.0,0.0,0.0,17.0,1.0,1.0,27354,,12995,The Men's Hundred 2022,2,931,Trent Rockets Men,928,Manchester Originals Men,2022-09-04T00:55:22Z,1,16,False,260,Josh Little,163,Tom Kohler-Cadmore,81,Dawid Malan,90,48,Wicketkeeper,0,0,0,0,LengthBall,OutsideOff,NotOut,Missed,NoMovement,Steer,NoMovement,Over,Fast,Right,Null,NotReferred,Null,False,False,False,False,False,False,31,False,False,True,False,True,False,0,0,0,0,0,False,False,,,,
655541,4,4.25,1.0,0.0,0.0,17.0,1.0,1.0,27354,,12995,The Men's Hundred 2022,2,931,Trent Rockets Men,928,Manchester Originals Men,2022-09-04T00:55:59Z,2,17,False,260,Josh Little,163,Tom Kohler-Cadmore,81,Dawid Malan,300,45,Silly Mid On,0,0,0,0,BackOfALength,OffStump,NotOut,MisTimed,DeepInCrease,Worked,NoMovement,Over,Fast,Right,Null,NotReferred,Null,False,False,False,False,False,False,31,False,False,True,False,True,False,0,0,0,0,0,False,False,,,,
655541,4,4.25,1.0,0.0,0.0,17.0,1.0,1.0,27354,,12995,The Men's Hundred 2022,2,931,Trent Rockets Men,928,Manchester Originals Men,2022-09-04T00:56:36Z,3,18,False,260,Josh Little,163,Tom Kohler-Cadmore,81,Dawid Malan,179,119,Deep Point,1,0,1,1,LengthBall,OutsideOff,NotOut,None,FrontFoot,Drive,NoMovement,Over,Fast,Right,Null,NotReferred,Null,False,False,False,False,False,False,31,False,False,True,False,True,False,1,0,0,0,0,False,False,,,,
655541,4,4.25,1.0,0.0,0.0,17.0,1.0,1.0,27354,,12995,The Men's Hundred 2022,2,931,Trent Rockets Men,928,Manchester Originals Men,2022-09-04T00:57:27Z,4,19,False,260,Josh Little,81,Dawid Malan,163,Tom Kohler-Cadmore,90,48,Wicketkeeper,0,0,0,0,BackOfALength,OutsideOff,NotOut,Missed,BackFoot,Cut,NoMovement,Over,Fast,Right,Null,NotReferred,Null,False,False,False,False,False,False,31,False,False,True,False,True,False,0,0,0,0,0,False,False,,,,
655541,4,4.25,1.0,0.0,0.0,17.0,1.0,1.0,27354,,12995,The Men's Hundred 2022,2,931,Trent Rockets Men,928,Manchester Originals Men,2022-09-04T00:58:00Z,5,20,False,260,Josh Little,81,Dawid Malan,163,Tom Kohler-Cadmore,270,40,Bowler,0,0,0,0,BackOfALength,OutsideOff,NotOut,None,BackFoot,BackwardDefensive,NoMovement,Over,Fast,Right,Null,NotReferred,Null,False,False,False,False,False,False,31,False,False,True,False,True,False,0,0,0,0,0,False,False,,,,
655542,5,5.4,10.0,0.0,0.0,27.0,1.0,10.0,27354,,12995,The Men's Hundred 2022,2,931,Trent Rockets Men,928,Manchester Originals Men,2022-09-04T00:59:09Z,1,21,False,467,Richard Gleeson,163,Tom Kohler-Cadmore,81,Dawid Malan,209,137,Deep Cover,2,0,2,2,LengthBall,OutsideOff,NotOut,None,FrontFoot,Drive,NoMovement,Over,Fast,Left,Null,NotReferred,Null,False,False,False,False,False,False,14,False,False,True,False,True,False,2,0,0,0,0,False,False,,,,
655542,5,5.4,10.0,0.0,0.0,27.0,1.0,10.0,27354,,12995,The Men's Hundred 2022,2,931,Trent Rockets Men,928,Manchester Originals Men,2022-09-04T00:59:43Z,2,22,False,467,Richard Gleeson,163,Tom Kohler-Cadmore,81,Dawid Malan,226,194,Deep Extra Cover,4,0,4,4,LengthBall,OutsideOff,NotOut,WellTimed,FrontFoot,Drive,NoMovement,Over,Fast,Left,Null,NotReferred,Null,False,False,False,False,False,False,14,False,False,True,False,True,False,4,0,0,0,0,False,True,,,,
655542,5,5.4,10.0,0.0,0.0,27.0,1.0,10.0,27354,,12995,The Men's Hundred 2022,2,931,Trent Rockets Men,928,Manchester Originals Men,2022-09-04T01:00:22Z,3,23,False,467,Richard Gleeson,163,Tom Kohler-Cadmore,81,Dawid Malan,198,81,Cover,0,0,0,0,LengthBall,OutsideOff,NotOut,None,BackFoot,Pushed,NoMovement,Over,Fast,Left,Null,NotReferred,Null,False,False,False,False,False,False,14,False,False,True,False,True,False,0,0,0,0,0,False,False,,,,
655542,5,5.4,10.0,0.0,0.0,27.0,1.0,10.0,27354,,12995,The Men's Hundred 2022,2,931,Trent Rockets Men,928,Manchester Originals Men,2022-09-04T01:01:01Z,4,24,False,467,Richard Gleeson,163,Tom Kohler-Cadmore,81,Dawid Malan,285,208,Long On,4,0,4,4,LengthBall,OutsideOff,NotOut,WellTimed,FrontFoot,Drive,NoMovement,Over,Fast,Left,Null,NotReferred,Null,False,False,False,False,False,False,14,False,False,True,False,True,False,4,0,0,0,0,False,True,,,,
655542,5,5.4,10.0,0.0,0.0,27.0,1.0,10.0,27354,,12995,The Men's Hundred 2022,2,931,Trent Rockets Men,928,Manchester Originals Men,2022-09-04T01:01:41Z,5,25,False,467,Richard Gleeson,163,Tom Kohler-Cadmore,81,Dawid Malan,202,82,Cover,0,0,0,0,LengthBall,OutsideOff,NotOut,None,FrontFoot,Drive,NoMovement,Over,Fast,Left,Null,NotReferred,Null,False,False,False,False,False,False,14,False,False,True,False,True,False,0,0,0,0,0,False,False,,,,
655543,6,5.33,5.0,0.0,0.0,32.0,1.0,5.0,27354,,12995,The Men's Hundred 2022,2,931,Trent Rockets Men,928,Manchester Originals Men,2022-09-04T01:03:10Z,1,26,False,2692,Paul Walter,163,Tom Kohler-Cadmore,81,Dawid Malan,339,88,Mid Wicket,1,0,1,1,BackOfALength,OutsideOff,NotOut,None,BackFoot,Worked,NoMovement,Round,Fast,Right,Null,NotReferred,Null,False,False,False,False,False,False,14,False,False,False,False,True,False,1,0,0,0,0,False,False,,,,
655543,6,5.33,5.0,0.0,0.0,32.0,1.0,5.0,27354,,12995,The Men's Hundred 2022,2,931,Trent Rockets Men,928,Manchester Originals Men,2022-09-04T01:04:10Z,2,27,False,2692,Paul Walter,81,Dawid Malan,163,Tom Kohler-Cadmore,125,135,Fine Leg,1,0,1,1,BackOfALength,OffStump,NotOut,None,BackFoot,Glance,SlowerBall,Over,Fast,Right,Null,NotReferred,Null,False,False,False,False,False,False,14,False,False,False,False,True,False,1,0,0,0,0,False,False,,,,
655543,6,5.33,5.0,0.0,0.0,32.0,1.0,5.0,27354,,12995,The Men's Hundred 2022,2,931,Trent Rockets Men,928,Manchester Originals Men,2022-09-04T01:04:52Z,3,28,False,2692,Paul Walter,163,Tom Kohler-Cadmore,81,Dawid Malan,33,138,Fine Leg,2,0,2,2,BackOfALength,OutsideOff,NotOut,None,BackFoot,Pull,OffCutter,Round,Fast,Right,Null,NotReferred,Null,False,False,False,False,False,False,14,False,False,False,False,True,False,2,0,0,0,0,False,False,,,,
655543,6,5.33,5.0,0.0,0.0,32.0,1.0,5.0,27354,,12995,The Men's Hundred 2022,2,931,Trent Rockets Men,928,Manchester Originals Men,2022-09-04T01:05:22Z,4,29,False,2692,Paul Walter,163,Tom Kohler-Cadmore,81,Dawid Malan,209,52,Short Extra Cover,0,0,0,0,LengthBall,OutsideOff,NotOut,HitPad,BackFoot,Worked,SlowerBall,Round,Fast,Right,Null,NotReferred,Null,False,False,False,False,False,False,14,False,False,False,False,True,False,0,0,0,0,0,False,False,,,,
655543,6,5.33,5.0,0.0,0.0,32.0,1.0,5.0,27354,,12995,The Men's Hundred 2022,2,931,Trent Rockets Men,928,Manchester Originals Men,2022-09-04T01:05:54Z,5,30,False,2692,Paul Walter,163,Tom Kohler-Cadmore,81,Dawid Malan,185,132,Deep Point,1,0,1,1,LengthBall,OutsideOff,NotOut,None,FrontFoot,Drive,OffCutter,Round,Fast,Right,Null,NotReferred,Null,False,False,False,False,False,False,14,False,False,False,False,True,False,1,0,0,0,0,False,False,,,,
655544,7,5.71,8.0,0.0,1.0,40.0,1.0,8.0,27354,,12995,The Men's Hundred 2022,2,931,Trent Rockets Men,928,Manchester Originals Men,2022-09-04T01:06:59Z,1,31,False,6997,Tom Hartley,163,Tom Kohler-Cadmore,81,Dawid Malan,210,55,Short Extra Cover,0,0,0,0,LengthBall,OutsideOff,NotOut,None,BackFoot,Drive,StockBall,Round,Orthodox,Right,Null,NotReferred,Null,False,False,False,False,False,False,31,False,False,False,False,True,False,0,0,0,0,0,False,False,,,,
655544,7,5.71,8.0,0.0,1.0,40.0,1.0,8.0,27354,,12995,The Men's Hundred 2022,2,931,Trent Rockets Men,928,Manchester Originals Men,2022-09-04T01:07:10Z,2,31,False,6997,Tom Hartley,163,Tom Kohler-Cadmore,81,Dawid Malan,90,48,Wicketkeeper,1,1,1,0,LengthBall,LegStump,NotOut,PlayAndMissLegSide,BackFoot,Pull,StockBall,Round,Orthodox,Right,Null,NotReferred,Null,True,False,False,False,False,False,31,False,False,False,False,True,False,0,0,1,0,0,False,False,,,,
655544,7,5.71,8.0,0.0,1.0,40.0,1.0,8.0,27354,,12995,The Men's Hundred 2022,2,931,Trent Rockets Men,928,Manchester Originals Men,2022-09-04T01:07:25Z,2,32,False,6997,Tom Hartley,163,Tom Kohler-Cadmore,81,Dawid Malan,180,128,Deep Point,1,0,1,1,LengthBall,OutsideOff,NotOut,None,FrontFoot,Pushed,StockBall,Round,Orthodox,Right,Null,NotReferred,Null,False,False,False,False,False,False,31,False,False,False,False,True,False,1,0,0,0,0,False,False,,,,
655544,7,5.71,8.0,0.0,1.0,40.0,1.0,8.0,27354,,12995,The Men's Hundred 2022,2,931,Trent Rockets Men,928,Manchester Originals Men,2022-09-04T01:08:08Z,3,33,False,6997,Tom Hartley,81,Dawid Malan,163,Tom Kohler-Cadmore,159,96,Backward Square Leg,1,0,1,1,LengthBall,OutsideOff,NotOut,None,BackFoot,Worked,StockBall,Over,Orthodox,Right,Null,NotReferred,Null,False,False,False,False,False,False,31,False,False,False,False,True,False,1,0,0,0,0,False,False,,,,
655544,7,5.71,8.0,0.0,1.0,40.0,1.0,8.0,27354,,12995,The Men's Hundred 2022,2,931,Trent Rockets Men,928,Manchester Originals Men,2022-09-04T01:08:35Z,4,34,False,6997,Tom Hartley,163,Tom Kohler-Cadmore,81,Dawid Malan,303,146,Long On,1,0,1,1,HalfVolley,LegStump,NotOut,None,FrontFoot,Worked,StockBall,Round,Orthodox,Right,Null,NotReferred,Null,False,False,False,False,False,False,31,False,False,False,False,True,False,1,0,0,0,0,False,False,,,,
655544,7,5.71,8.0,0.0,1.0,40.0,1.0,8.0,27354,,12995,The Men's Hundred 2022,2,931,Trent Rockets Men,928,Manchester Originals Men,2022-09-04T01:09:01Z,5,35,False,6997,Tom Hartley,81,Dawid Malan,163,Tom Kohler-Cadmore,206,189,Deep Mid Wicket,4,0,4,4,LengthBall,OutsideOff,NotOut,WellTimed,FrontFoot,Slog,StockBall,Over,Orthodox,Right,Null,NotReferred,Null,False,False,False,False,True,False,31,False,False,False,False,True,False,4,0,0,0,0,False,False,,,,
655545,8,5.62,5.0,1.0,0.0,45.0,2.0,5.0,27354,,12995,The Men's Hundred 2022,2,931,Trent Rockets Men,928,Manchester Originals Men,2022-09-04T01:10:09Z,1,36,False,248,Matt Parkinson,81,Dawid Malan,163,Tom Kohler-Cadmore,237,134,Long On,2,0,2,2,LengthBall,OutsideOff,NotOut,None,BackFoot,Worked,LegSpinner,Over,LegSpin,Left,Null,NotReferred,Null,False,False,False,False,False,False,31,False,False,False,False,True,False,2,0,0,0,0,False,False,,,,
655545,8,5.62,5.0,1.0,0.0,45.0,2.0,5.0,27354,,12995,The Men's Hundred 2022,2,931,Trent Rockets Men,928,Manchester Originals Men,2022-09-04T01:11:15Z,2,37,False,248,Matt Parkinson,81,Dawid Malan,163,Tom Kohler-Cadmore,198,145,Deep Mid Wicket,1,0,1,1,LengthBall,OffStump,NotOut,None,BackFoot,Pull,LegSpinner,Over,LegSpin,Left,Null,NotReferred,Null,False,False,False,False,False,False,31,False,False,False,False,True,False,1,0,0,0,0,False,False,,,,
655545,8,5.62,5.0,1.0,0.0,45.0,2.0,5.0,27354,,12995,The Men's Hundred 2022,2,931,Trent Rockets Men,928,Manchester Originals Men,2022-09-04T01:11:43Z,3,38,False,248,Matt Parkinson,163,Tom Kohler-Cadmore,81,Dawid Malan,201,136,Deep Cover,1,0,1,1,LengthBall,OutsideOff,NotOut,None,BackFoot,Cut,LegSpinner,Over,LegSpin,Left,Null,NotReferred,Null,False,False,False,False,False,False,31,False,False,False,False,True,False,1,0,0,0,0,False,False,,,,
655545,8,5.62,5.0,1.0,0.0,45.0,2.0,5.0,27354,,12995,The Men's Hundred 2022,2,931,Trent Rockets Men,928,Manchester Originals Men,2022-09-04T01:12:16Z,4,39,False,248,Matt Parkinson,81,Dawid Malan,163,Tom Kohler-Cadmore,339,151,Deep Cover,1,0,1,1,LengthBall,OutsideOff,NotOut,None,BackFoot,Drive,LegSpinner,Over,LegSpin,Left,Null,NotReferred,Null,False,False,False,False,False,False,31,False,False,False,False,True,False,1,0,0,0,0,False,False,,,,
655545,8,5.62,5.0,1.0,0.0,45.0,2.0,5.0,27354,,12995,The Men's Hundred 2022,2,931,Trent Rockets Men,928,Manchester Originals Men,2022-09-04T01:12:36Z,5,40,True,248,Matt Parkinson,163,Tom Kohler-Cadmore,81,Dawid Malan,215,41,Short Extra Cover,0,0,0,0,LengthBall,OffStump,NotOut,HitPad,NoMovement,ForwardDefensive,LegSpinner,Over,LegSpin,Left,NotOut2ndUmpire,OutReviewRetained,Null,False,False,False,False,False,False,80,False,False,False,False,True,True,0,0,0,0,0,False,False,Lbw,163.0,Tom Kohler-Cadmore,LBW
655546,9,5.44,4.0,0.0,0.0,49.0,2.0,4.0,27354,,12995,The Men's Hundred 2022,2,931,Trent Rockets Men,928,Manchester Originals Men,2022-09-04T01:16:38Z,1,41,False,260,Josh Little,81,Dawid Malan,149,Samit Patel,90,48,Wicketkeeper,0,0,0,0,BackOfALength,OutsideOff,NotOut,Missed,BackFoot,Cut,NoMovement,Over,Fast,Right,Null,NotReferred,Null,False,False,False,False,False,False,14,False,False,False,False,True,False,0,0,0,0,0,False,False,,,,
655546,9,5.44,4.0,0.0,0.0,49.0,2.0,4.0,27354,,12995,The Men's Hundred 2022,2,931,Trent Rockets Men,928,Manchester Originals Men,2022-09-04T01:17:18Z,2,42,False,260,Josh Little,81,Dawid Malan,149,Samit Patel,205,81,Mid Wicket,1,0,1,1,Short,OutsideOff,NotOut,MisTimed,BackFoot,Pull,NoMovement,Over,Fast,Right,Null,NotReferred,Null,False,False,False,False,False,False,14,False,False,False,False,True,False,1,0,0,0,0,False,False,,,,
655546,9,5.44,4.0,0.0,0.0,49.0,2.0,4.0,27354,,12995,The Men's Hundred 2022,2,931,Trent Rockets Men,928,Manchester Originals Men,2022-09-04T01:18:01Z,3,43,False,260,Josh Little,149,Samit Patel,81,Dawid Malan,199,138,Deep Cover,1,0,1,1,LengthBall,OutsideOff,NotOut,None,FrontFoot,Drive,NoMovement,Over,Fast,Right,Null,NotReferred,Null,False,False,False,False,False,False,14,False,False,False,False,True,False,1,0,0,0,0,False,False,,,,
655546,9,5.44,4.0,0.0,0.0,49.0,2.0,4.0,27354,,12995,The Men's Hundred 2022,2,931,Trent Rockets Men,928,Manchester Originals Men,2022-09-04T01:18:40Z,4,44,False,260,Josh Little,81,Dawid Malan,149,Samit Patel,221,63,Short Mid Wicket,1,0,1,1,LengthBall,OutsideOff,NotOut,None,BackFoot,Worked,NoMovement,Over,Fast,Right,Null,NotReferred,Null,False,False,False,False,False,False,14,False,False,False,False,True,False,1,0,0,0,0,False,False,,,,
655546,9,5.44,4.0,0.0,0.0,49.0,2.0,4.0,27354,,12995,The Men's Hundred 2022,2,931,Trent Rockets Men,928,Manchester Originals Men,2022-09-04T01:19:13Z,5,45,False,260,Josh Little,149,Samit Patel,81,Dawid Malan,346,153,Deep Mid Wicket,1,0,1,1,BackOfALength,LegStump,NotOut,None,BackFoot,Pull,NoMovement,Over,Fast,Right,Null,NotReferred,Null,False,False,False,False,False,False,14,False,False,False,False,True,False,1,0,0,0,0,False,False,,,,
655547,10,5.7,8.0,1.0,1.0,57.0,3.0,8.0,27354,,12995,The Men's Hundred 2022,2,931,Trent Rockets Men,928,Manchester Originals Men,2022-09-04T01:20:22Z,1,46,True,2692,Paul Walter,81,Dawid Malan,149,Samit Patel,328,56,Short Extra Cover,0,0,0,0,LengthBall,OutsideOff,NotOut,LeadingEdge,FrontFoot,Worked,OffCutter,Over,Fast,Right,Out1stUmpire,NotReferred,Null,False,False,False,False,False,False,14,False,False,False,False,True,False,0,0,0,0,0,False,False,Caught,81.0,Dawid Malan,Caught
655547,10,5.7,8.0,1.0,1.0,57.0,3.0,8.0,27354,,12995,The Men's Hundred 2022,2,931,Trent Rockets Men,928,Manchester Originals Men,2022-09-04T01:21:52Z,2,46,False,2692,Paul Walter,781,Colin Munro,149,Samit Patel,90,48,Wicketkeeper,1,1,1,0,LengthBall,Wide,NotOut,Missed,BackFoot,Cut,NoMovement,Over,Fast,Right,Null,NotReferred,Null,True,False,False,False,False,False,14,False,False,False,False,True,False,0,0,1,0,0,False,False,,,,
655547,10,5.7,8.0,1.0,1.0,57.0,3.0,8.0,27354,,12995,The Men's Hundred 2022,2,931,Trent Rockets Men,928,Manchester Originals Men,2022-09-04T01:22:21Z,2,47,False,2692,Paul Walter,781,Colin Munro,149,Samit Patel,219,46,Short Mid Wicket,0,0,0,0,LengthBall,OutsideOff,NotOut,None,BackFoot,Worked,NoMovement,Over,Fast,Right,Null,NotReferred,Null,False,False,False,False,False,False,14,False,False,False,False,True,False,0,0,0,0,0,False,False,,,,
655547,10,5.7,8.0,1.0,1.0,57.0,3.0,8.0,27354,,12995,The Men's Hundred 2022,2,931,Trent Rockets Men,928,Manchester Originals Men,2022-09-04T01:22:50Z,3,48,False,2692,Paul Walter,781,Colin Munro,149,Samit Patel,202,185,Deep Mid Wicket,6,0,6,6,LengthBall,OutsideOff,NotOut,Middled,FrontFoot,Flick,NoMovement,Over,Fast,Right,Null,NotReferred,Null,False,False,False,False,True,False,14,False,False,False,False,True,False,6,0,0,0,0,False,False,,,,
655547,10,5.7,8.0,1.0,1.0,57.0,3.0,8.0,27354,,12995,The Men's Hundred 2022,2,931,Trent Rockets Men,928,Manchester Originals Men,2022-09-04T01:23:23Z,4,49,False,2692,Paul Walter,781,Colin Munro,149,Samit Patel,163,136,Deep Backward Square Leg,1,0,1,1,LengthBall,OffStump,NotOut,None,FrontFoot,Flick,NoMovement,Over,Fast,Right,Null,NotReferred,Null,False,False,False,False,False,False,14,False,False,False,False,True,False,1,0,0,0,0,False,False,,,,
655547,10,5.7,8.0,1.0,1.0,57.0,3.0,8.0,27354,,12995,The Men's Hundred 2022,2,931,Trent Rockets Men,928,Manchester Originals Men,2022-09-04T01:24:08Z,5,50,False,2692,Paul Walter,149,Samit Patel,781,Colin Munro,171,74,Point,0,0,0,0,LengthBall,OutsideOff,NotOut,None,FrontFoot,Drive,NoMovement,Round,Fast,Right,Null,NotReferred,Null,False,False,False,False,False,False,14,False,False,False,False,True,False,0,0,0,0,0,False,False,,,,
655548,11,6.18,11.0,1.0,1.0,68.0,4.0,11.0,27354,,12995,The Men's Hundred 2022,2,931,Trent Rockets Men,928,Manchester Originals Men,2022-09-04T01:25:11Z,1,51,False,248,Matt Parkinson,781,Colin Munro,149,Samit Patel,212,50,Short Mid Wicket,1,0,1,1,LengthBall,DownLeg,NotOut,None,FrontFoot,Worked,LegSpinner,Over,LegSpin,Left,Null,NotReferred,Null,False,False,False,False,False,False,31,False,False,False,False,True,False,1,0,0,0,0,False,False,,,,
655548,11,6.18,11.0,1.0,1.0,68.0,4.0,11.0,27354,,12995,The Men's Hundred 2022,2,931,Trent Rockets Men,928,Manchester Originals Men,2022-09-04T01:25:51Z,2,52,False,248,Matt Parkinson,149,Samit Patel,781,Colin Munro,345,152,Deep Mid Wicket,1,0,1,1,LengthBall,LegStump,NotOut,None,BackFoot,Worked,LegSpinner,Over,LegSpin,Left,Null,NotReferred,Null,False,False,False,False,False,False,31,False,False,False,False,True,False,1,0,0,0,0,False,False,,,,
655548,11,6.18,11.0,1.0,1.0,68.0,4.0,11.0,27354,,12995,The Men's Hundred 2022,2,931,Trent Rockets Men,928,Manchester Originals Men,2022-09-04T01:26:15Z,3,52,False,248,Matt Parkinson,781,Colin Munro,149,Samit Patel,90,48,Wicketkeeper,1,1,1,0,LengthBall,DownLeg,NotOut,PlayAndMissLegSide,FrontFoot,Sweep,LegSpinner,Over,LegSpin,Left,Null,NotReferred,Null,True,False,False,False,False,False,31,False,False,False,False,True,False,0,0,1,0,0,False,False,,,,
655548,11,6.18,11.0,1.0,1.0,68.0,4.0,11.0,27354,,12995,The Men's Hundred 2022,2,931,Trent Rockets Men,928,Manchester Originals Men,2022-09-04T01:26:35Z,3,53,False,248,Matt Parkinson,781,Colin Munro,149,Samit Patel,328,216,Deep Extra Cover,4,0,4,4,LengthBall,OutsideOff,NotOut,WellTimed,BackFoot,Cut,LegSpinner,Over,LegSpin,Left,Null,NotReferred,Null,False,False,False,False,False,False,31,False,False,False,False,True,False,4,0,0,0,0,False,False,,,,
655548,11,6.18,11.0,1.0,1.0,68.0,4.0,11.0,27354,,12995,The Men's Hundred 2022,2,931,Trent Rockets Men,928,Manchester Originals Men,2022-09-04T01:27:00Z,4,54,False,248,Matt Parkinson,781,Colin Munro,149,Samit Patel,283,206,Long Off,4,0,4,4,HalfVolley,OffStump,NotOut,WellTimed,FrontFoot,Drive,LegSpinner,Over,LegSpin,Left,Null,NotReferred,Null,False,False,False,False,True,False,31,False,False,False,False,True,False,4,0,0,0,0,False,False,,,,
655548,11,6.18,11.0,1.0,1.0,68.0,4.0,11.0,27354,,12995,The Men's Hundred 2022,2,931,Trent Rockets Men,928,Manchester Originals Men,2022-09-04T01:27:27Z,5,55,True,248,Matt Parkinson,781,Colin Munro,149,Samit Patel,302,165,Long Off,0,0,0,0,LengthBall,OutsideOff,NotOut,MisTimed,FrontFoot,Drive,LegSpinner,Over,LegSpin,Left,Out2ndUmpire,NotReferred,Null,False,False,False,False,False,False,31,False,False,False,False,True,False,0,0,0,0,0,False,False,Caught,781.0,Colin Munro,Caught
655549,12,6.25,7.0,0.0,0.0,75.0,4.0,7.0,27354,,12995,The Men's Hundred 2022,2,931,Trent Rockets Men,928,Manchester Originals Men,2022-09-04T01:29:03Z,1,56,False,6997,Tom Hartley,403,Tom Moores,149,Samit Patel,233,44,Silly Mid On,0,0,0,0,LengthBall,LegStump,NotOut,None,BackFoot,Worked,StockBall,Round,Orthodox,Right,Null,NotReferred,Null,False,False,False,False,False,False,31,False,False,False,False,True,False,0,0,0,0,0,False,False,,,,
655549,12,6.25,7.0,0.0,0.0,75.0,4.0,7.0,27354,,12995,The Men's Hundred 2022,2,931,Trent Rockets Men,928,Manchester Originals Men,2022-09-04T01:29:19Z,2,57,False,6997,Tom Hartley,403,Tom Moores,149,Samit Patel,327,195,Deep Extra Cover,4,0,4,4,LengthBall,OffStump,NotOut,WellTimed,BackFoot,Drive,StockBall,Round,Orthodox,Right,Null,NotReferred,Null,False,False,False,False,False,False,31,False,False,False,False,True,False,4,0,0,0,0,False,True,,,,
655549,12,6.25,7.0,0.0,0.0,75.0,4.0,7.0,27354,,12995,The Men's Hundred 2022,2,931,Trent Rockets Men,928,Manchester Originals Men,2022-09-04T01:29:41Z,3,58,False,6997,Tom Hartley,403,Tom Moores,149,Samit Patel,237,147,Long On,1,0,1,1,HalfVolley,MiddleStump,NotOut,None,FrontFoot,Worked,StockBall,Round,Orthodox,Right,Null,NotReferred,Null,False,False,False,False,False,False,31,False,False,False,False,True,False,1,0,0,0,0,False,False,,,,
655549,12,6.25,7.0,0.0,0.0,75.0,4.0,7.0,27354,,12995,The Men's Hundred 2022,2,931,Trent Rockets Men,928,Manchester Originals Men,2022-09-04T01:30:17Z,4,59,False,6997,Tom Hartley,149,Samit Patel,403,Tom Moores,239,160,Long Off,1,0,1,1,LengthBall,OutsideOff,NotOut,None,FrontFoot,Drive,StockBall,Round,Orthodox,Right,Null,NotReferred,Null,False,False,False,False,False,False,31,False,False,False,False,True,False,1,0,0,0,0,False,False,,,,
655549,12,6.25,7.0,0.0,0.0,75.0,4.0,7.0,27354,,12995,The Men's Hundred 2022,2,931,Trent Rockets Men,928,Manchester Originals Men,2022-09-04T01:30:41Z,5,60,False,6997,Tom Hartley,403,Tom Moores,149,Samit Patel,335,151,Deep Cover,1,0,1,1,LengthBall,MiddleStump,NotOut,None,BackFoot,Drive,StockBall,Round,Orthodox,Right,Null,NotReferred,Null,False,False,False,False,False,False,31,False,False,False,False,True,False,1,0,0,0,0,False,False,,,,
655550,13,6.15,5.0,0.0,0.0,80.0,4.0,5.0,27354,,12995,The Men's Hundred 2022,2,931,Trent Rockets Men,928,Manchester Originals Men,2022-09-04T01:31:40Z,1,61,False,7746,Tristan Stubbs,403,Tom Moores,149,Samit Patel,339,154,Deep Cover,1,0,1,1,LengthBall,OutsideOff,NotOut,None,FrontFoot,Cut,OffBreak,Round,OffSpin,Left,Null,NotReferred,Null,False,False,False,False,False,False,14,False,False,False,False,True,False,1,0,0,0,0,False,False,,,,
655550,13,6.15,5.0,0.0,0.0,80.0,4.0,5.0,27354,,12995,The Men's Hundred 2022,2,931,Trent Rockets Men,928,Manchester Originals Men,2022-09-04T01:32:13Z,2,62,False,7746,Tristan Stubbs,149,Samit Patel,403,Tom Moores,238,139,Long Off,1,0,1,1,LengthBall,OutsideOff,NotOut,None,BacksAway,Cut,OffBreak,Over,OffSpin,Left,Null,NotReferred,Null,False,False,False,False,False,False,14,False,False,False,False,True,False,1,0,0,0,0,False,False,,,,
655550,13,6.15,5.0,0.0,0.0,80.0,4.0,5.0,27354,,12995,The Men's Hundred 2022,2,931,Trent Rockets Men,928,Manchester Originals Men,2022-09-04T01:32:36Z,3,63,False,7746,Tristan Stubbs,403,Tom Moores,149,Samit Patel,12,80,Backward Point,0,0,0,0,LengthBall,OffStump,NotOut,ThickEdge,NoMovement,Drive,OffBreak,Round,OffSpin,Left,Null,NotReferred,Null,False,False,False,False,False,False,14,False,False,False,False,True,False,0,0,0,0,0,False,False,,,,
655550,13,6.15,5.0,0.0,0.0,80.0,4.0,5.0,27354,,12995,The Men's Hundred 2022,2,931,Trent Rockets Men,928,Manchester Originals Men,2022-09-04T01:32:56Z,4,64,False,7746,Tristan Stubbs,403,Tom Moores,149,Samit Patel,180,136,Deep Square Leg,1,0,1,1,LengthBall,LegStump,NotOut,None,BackFoot,Worked,OffBreak,Round,OffSpin,Left,Null,NotReferred,Null,False,False,False,False,False,False,14,False,False,False,False,True,False,1,0,0,0,0,False,False,,,,
655550,13,6.15,5.0,0.0,0.0,80.0,4.0,5.0,27354,,12995,The Men's Hundred 2022,2,931,Trent Rockets Men,928,Manchester Originals Men,2022-09-04T01:33:24Z,5,65,False,7746,Tristan Stubbs,149,Samit Patel,403,Tom Moores,337,155,Deep Mid Wicket,2,0,2,2,LengthBall,OutsideOff,NotOut,None,BackFoot,Worked,OffBreak,Over,OffSpin,Left,Null,NotReferred,Null,False,False,False,False,False,False,14,False,False,False,False,True,False,2,0,0,0,0,False,False,,,,
655551,14,5.86,2.0,0.0,0.0,82.0,4.0,2.0,27354,,12995,The Men's Hundred 2022,2,931,Trent Rockets Men,928,Manchester Originals Men,2022-09-04T01:34:33Z,1,66,False,2692,Paul Walter,149,Samit Patel,403,Tom Moores,90,48,Wicketkeeper,0,0,0,0,BackOfALength,OutsideOff,NotOut,Missed,BacksAway,Cut,NoMovement,Round,Fast,Right,Null,NotReferred,Null,False,False,False,False,False,False,14,False,False,False,False,True,False,0,0,0,0,0,False,False,,,,
655551,14,5.86,2.0,0.0,0.0,82.0,4.0,2.0,27354,,12995,The Men's Hundred 2022,2,931,Trent Rockets Men,928,Manchester Originals Men,2022-09-04T01:35:02Z,2,67,False,2692,Paul Walter,149,Samit Patel,403,Tom Moores,156,78,Backward Point,0,0,0,0,Short,OutsideOff,NotOut,HitHelmet,BackFoot,Pull,NoMovement,Round,Fast,Right,Null,NotReferred,Null,False,False,False,False,False,False,14,False,False,False,False,True,False,0,0,0,0,0,False,False,,,,
655551,14,5.86,2.0,0.0,0.0,82.0,4.0,2.0,27354,,12995,The Men's Hundred 2022,2,931,Trent Rockets Men,928,Manchester Originals Men,2022-09-04T01:37:12Z,3,68,False,2692,Paul Walter,149,Samit Patel,403,Tom Moores,90,48,Wicketkeeper,0,0,0,0,LengthBall,OutsideOff,NotOut,Missed,BackFoot,Cut,NoMovement,Round,Fast,Right,Null,NotReferred,Null,False,False,False,False,False,False,31,False,False,False,False,True,False,0,0,0,0,0,False,False,,,,
655551,14,5.86,2.0,0.0,0.0,82.0,4.0,2.0,27354,,12995,The Men's Hundred 2022,2,931,Trent Rockets Men,928,Manchester Originals Men,2022-09-04T01:37:39Z,4,69,False,2692,Paul Walter,149,Samit Patel,403,Tom Moores,196,144,Deep Cover,1,0,1,1,BackOfALength,OutsideOff,NotOut,None,BackFoot,Cut,OffCutter,Round,Fast,Right,Null,NotReferred,Null,False,False,False,False,False,False,31,False,False,False,False,True,False,1,0,0,0,0,False,False,,,,
655551,14,5.86,2.0,0.0,0.0,82.0,4.0,2.0,27354,,12995,The Men's Hundred 2022,2,931,Trent Rockets Men,928,Manchester Originals Men,2022-09-04T01:38:12Z,5,70,False,2692,Paul Walter,403,Tom Moores,149,Samit Patel,217,52,Short Mid Wicket,1,0,1,1,LengthBall,OutsideOff,NotOut,None,FrontFoot,Worked,SlowerBall,Over,Fast,Right,Null,NotReferred,Null,False,False,False,False,False,False,31,False,False,False,False,True,False,1,0,0,0,0,False,False,,,,
655552,15,5.73,4.0,1.0,0.0,86.0,5.0,4.0,27354,,12995,The Men's Hundred 2022,2,931,Trent Rockets Men,928,Manchester Originals Men,2022-09-04T01:39:23Z,1,71,False,6997,Tom Hartley,403,Tom Moores,149,Samit Patel,341,92,Cover,1,0,1,1,LengthBall,MiddleStump,NotOut,None,BackFoot,Drive,StockBall,Round,Orthodox,Right,Null,NotReferred,Null,False,False,False,False,False,False,14,False,False,False,False,True,False,1,0,0,0,0,False,False,,,,
655552,15,5.73,4.0,1.0,0.0,86.0,5.0,4.0,27354,,12995,The Men's Hundred 2022,2,931,Trent Rockets Men,928,Manchester Originals Men,2022-09-04T01:39:51Z,2,72,False,6997,Tom Hartley,149,Samit Patel,403,Tom Moores,205,145,Deep Cover,1,0,1,1,LengthBall,OutsideOff,NotOut,None,BacksAway,Cut,StockBall,Round,Orthodox,Right,Null,NotReferred,Null,False,False,False,False,True,False,14,False,False,False,False,True,False,1,0,0,0,0,False,False,,,,
655552,15,5.73,4.0,1.0,0.0,86.0,5.0,4.0,27354,,12995,The Men's Hundred 2022,2,931,Trent Rockets Men,928,Manchester Originals Men,2022-09-04T01:40:13Z,3,73,False,6997,Tom Hartley,403,Tom Moores,149,Samit Patel,33,87,Backward Point,1,0,1,1,LengthBall,MiddleStump,NotOut,None,BackFoot,Cut,StockBall,Round,Orthodox,Right,Null,NotReferred,Null,False,False,False,False,False,False,14,False,False,False,False,True,False,1,0,0,0,0,False,False,,,,
655552,15,5.73,4.0,1.0,0.0,86.0,5.0,4.0,27354,,12995,The Men's Hundred 2022,2,931,Trent Rockets Men,928,Manchester Originals Men,2022-09-04T01:40:38Z,4,74,True,6997,Tom Hartley,149,Samit Patel,403,Tom Moores,346,160,Deep Mid Wicket,0,0,0,0,LengthBall,OffStump,NotOut,MisTimed,BacksAway,Slog,StockBall,Round,Orthodox,Right,Out1stUmpire,NotReferred,Null,False,False,False,False,False,False,14,False,False,False,False,True,False,0,0,0,0,0,False,False,Caught,149.0,Samit Patel,Caught
655552,15,5.73,4.0,1.0,0.0,86.0,5.0,4.0,27354,,12995,The Men's Hundred 2022,2,931,Trent Rockets Men,928,Manchester Originals Men,2022-09-04T01:42:00Z,5,75,False,6997,Tom Hartley,1294,Daniel Sams,403,Tom Moores,286,136,Long On,1,0,1,1,LengthBall,OutsideOff,NotOut,None,FrontFoot,Worked,StockBall,Round,Orthodox,Right,Null,NotReferred,Null,False,False,False,False,False,False,14,False,False,False,False,True,False,1,0,0,0,0,False,False,,,,
655553,16,5.69,5.0,0.0,0.0,91.0,5.0,5.0,27354,,12995,The Men's Hundred 2022,2,931,Trent Rockets Men,928,Manchester Originals Men,2022-09-04T01:42:54Z,1,76,False,248,Matt Parkinson,403,Tom Moores,1294,Daniel Sams,232,146,Long On,2,0,2,2,HalfVolley,MiddleStump,NotOut,None,FrontFoot,Worked,LegSpinner,Over,LegSpin,Left,Null,NotReferred,Null,False,False,False,False,False,False,14,False,False,False,False,True,False,2,0,0,0,0,False,False,,,,
655553,16,5.69,5.0,0.0,0.0,91.0,5.0,5.0,27354,,12995,The Men's Hundred 2022,2,931,Trent Rockets Men,928,Manchester Originals Men,2022-09-04T01:43:18Z,2,77,False,248,Matt Parkinson,403,Tom Moores,1294,Daniel Sams,15,93,Backward Point,1,0,1,1,LengthBall,MiddleStump,RunOut,LeadingEdge,FrontFoot,Worked,LegSpinner,Over,LegSpin,Left,NotOut3rdUmpire,NotReferred,Null,False,False,False,False,False,True,80,False,False,False,False,True,False,1,0,0,0,0,False,False,,,,
655553,16,5.69,5.0,0.0,0.0,91.0,5.0,5.0,27354,,12995,The Men's Hundred 2022,2,931,Trent Rockets Men,928,Manchester Originals Men,2022-09-04T01:44:20Z,3,78,False,248,Matt Parkinson,1294,Daniel Sams,403,Tom Moores,240,144,Long Off,1,0,1,1,LengthBall,OutsideOff,NotOut,None,FrontFoot,Drive,LegSpinner,Over,LegSpin,Left,Null,NotReferred,Null,False,False,False,False,False,False,14,False,False,False,False,True,False,1,0,0,0,0,False,False,,,,
655553,16,5.69,5.0,0.0,0.0,91.0,5.0,5.0,27354,,12995,The Men's Hundred 2022,2,931,Trent Rockets Men,928,Manchester Originals Men,2022-09-04T01:45:37Z,4,79,False,248,Matt Parkinson,403,Tom Moores,1294,Daniel Sams,252,145,Long On,1,0,1,1,LengthBall,MiddleStump,NotOut,None,BackFoot,Worked,LegSpinner,Over,LegSpin,Left,Null,NotReferred,Null,False,False,False,False,False,False,14,False,False,False,False,True,False,1,0,0,0,0,False,False,,,,
655553,16,5.69,5.0,0.0,0.0,91.0,5.0,5.0,27354,,12995,The Men's Hundred 2022,2,931,Trent Rockets Men,928,Manchester Originals Men,2022-09-04T01:45:59Z,5,80,False,248,Matt Parkinson,1294,Daniel Sams,403,Tom Moores,216,59,Short Extra Cover,0,0,0,0,LengthBall,OutsideOff,NotOut,None,DownTheTrack,Cut,LegSpinner,Over,LegSpin,Left,Null,NotReferred,Null,False,False,False,False,False,False,14,False,False,False,False,True,False,0,0,0,0,0,False,False,,,,
655554,17,5.71,6.0,1.0,0.0,97.0,6.0,6.0,27354,,12995,The Men's Hundred 2022,2,931,Trent Rockets Men,928,Manchester Originals Men,2022-09-04T01:47:18Z,1,81,False,2692,Paul Walter,403,Tom Moores,1294,Daniel Sams,202,157,Deep Mid Wicket,1,0,1,1,BackOfALength,OutsideOff,NotOut,None,BackFoot,Pull,OffCutter,Over,Fast,Right,Null,NotReferred,Null,False,False,False,False,False,False,31,False,False,False,False,True,False,1,0,0,0,0,False,False,,,,
655554,17,5.71,6.0,1.0,0.0,97.0,6.0,6.0,27354,,12995,The Men's Hundred 2022,2,931,Trent Rockets Men,928,Manchester Originals Men,2022-09-04T01:48:00Z,2,82,False,2692,Paul Walter,1294,Daniel Sams,403,Tom Moores,90,48,Wicketkeeper,0,0,0,0,LengthBall,OutsideOff,NotOut,HitPad,NoMovement,Worked,NoMovement,Round,Fast,Right,Null,NotReferred,Null,False,False,False,False,False,False,31,False,False,False,False,True,False,0,0,0,0,0,False,False,,,,
655554,17,5.71,6.0,1.0,0.0,97.0,6.0,6.0,27354,,12995,The Men's Hundred 2022,2,931,Trent Rockets Men,928,Manchester Originals Men,2022-09-04T01:48:31Z,3,83,False,2692,Paul Walter,1294,Daniel Sams,403,Tom Moores,251,194,Long Off,4,0,4,4,FullToss,OutsideOff,NotOut,WellTimed,FrontFoot,Drive,OffCutter,Round,Fast,Right,Null,NotReferred,Null,False,False,False,False,True,False,31,False,False,False,False,True,False,4,0,0,0,0,False,True,,,,
655554,17,5.71,6.0,1.0,0.0,97.0,6.0,6.0,27354,,12995,The Men's Hundred 2022,2,931,Trent Rockets Men,928,Manchester Originals Men,2022-09-04T01:49:06Z,4,84,False,2692,Paul Walter,1294,Daniel Sams,403,Tom Moores,2,144,Deep Square Leg,1,0,1,1,BackOfALength,OutsideOff,NotOut,MisTimed,BackFoot,Pull,NoMovement,Round,Fast,Right,Null,NotReferred,Null,False,False,False,False,False,False,31,False,False,False,False,True,False,1,0,0,0,0,False,False,,,,
655554,17,5.71,6.0,1.0,0.0,97.0,6.0,6.0,27354,,12995,The Men's Hundred 2022,2,931,Trent Rockets Men,928,Manchester Originals Men,2022-09-04T01:49:36Z,5,85,True,2692,Paul Walter,403,Tom Moores,1294,Daniel Sams,331,118,Extra Cover,0,0,0,0,LengthBall,OutsideOff,NotOut,MisTimed,FrontFoot,Drive,NoMovement,Over,Fast,Right,Out2ndUmpire,NotReferred,Null,False,False,False,False,False,False,31,False,False,False,False,True,False,0,0,0,0,0,False,False,Caught,403.0,Tom Moores,Caught
655555,18,5.89,9.0,1.0,0.0,106.0,7.0,9.0,27354,,12995,The Men's Hundred 2022,2,931,Trent Rockets Men,928,Manchester Originals Men,2022-09-04T01:51:36Z,1,86,False,6997,Tom Hartley,7,Lewis Gregory,1294,Daniel Sams,133,141,Third Man,3,0,3,3,LengthBall,OffStump,NotOut,ThickEdge,FrontFoot,Pushed,StockBall,Round,Orthodox,Right,Null,NotReferred,Null,False,False,False,False,False,False,31,False,False,False,False,True,False,3,0,0,0,0,False,False,,,,
655555,18,5.89,9.0,1.0,0.0,106.0,7.0,9.0,27354,,12995,The Men's Hundred 2022,2,931,Trent Rockets Men,928,Manchester Originals Men,2022-09-04T01:52:17Z,2,87,False,6997,Tom Hartley,1294,Daniel Sams,7,Lewis Gregory,330,212,Deep Mid Wicket,6,0,6,6,BackOfALength,OutsideOff,NotOut,Middled,BackFoot,Pull,StockBall,Round,Orthodox,Right,Null,NotReferred,Null,False,False,False,False,True,False,31,False,False,False,False,True,False,6,0,0,0,0,False,True,,,,
655555,18,5.89,9.0,1.0,0.0,106.0,7.0,9.0,27354,,12995,The Men's Hundred 2022,2,931,Trent Rockets Men,928,Manchester Originals Men,2022-09-04T01:52:49Z,3,88,True,6997,Tom Hartley,1294,Daniel Sams,7,Lewis Gregory,295,153,Long On,0,0,0,0,LengthBall,OutsideOff,NotOut,MisTimed,FrontFoot,Slog,StockBall,Round,Orthodox,Right,Out2ndUmpire,NotReferred,Null,False,False,False,False,False,False,31,False,False,False,False,True,False,0,0,0,0,0,False,False,Caught,1294.0,Daniel Sams,Caught
655555,18,5.89,9.0,1.0,0.0,106.0,7.0,9.0,27354,,12995,The Men's Hundred 2022,2,931,Trent Rockets Men,928,Manchester Originals Men,2022-09-04T01:54:35Z,4,89,False,6997,Tom Hartley,155,Matthew Carter,7,Lewis Gregory,270,40,Bowler,0,0,0,0,LengthBall,OffStump,NotOut,None,FrontFoot,Pushed,StockBall,Round,Orthodox,Right,Null,NotReferred,Null,False,False,False,False,False,False,31,False,False,False,False,True,False,0,0,0,0,0,False,False,,,,
655555,18,5.89,9.0,1.0,0.0,106.0,7.0,9.0,27354,,12995,The Men's Hundred 2022,2,931,Trent Rockets Men,928,Manchester Originals Men,2022-09-04T01:54:54Z,5,90,False,6997,Tom Hartley,155,Matthew Carter,7,Lewis Gregory,270,40,Bowler,0,0,0,0,LengthBall,OffStump,NotOut,MisTimed,BackFoot,Worked,StockBall,Round,Orthodox,Right,Null,NotReferred,Null,False,False,False,False,False,False,31,False,False,False,False,True,False,0,0,0,0,0,False,False,,,,
655556,19,5.79,4.0,1.0,0.0,110.0,8.0,4.0,27354,,12995,The Men's Hundred 2022,2,931,Trent Rockets Men,928,Manchester Originals Men,2022-09-04T01:56:04Z,1,91,False,260,Josh Little,7,Lewis Gregory,155,Matthew Carter,137,128,Third Man,1,0,1,1,LengthBall,MiddleStump,NotOut,ThickEdge,BackFoot,Drive,NoMovement,Over,Fast,Right,Null,NotReferred,Null,False,False,False,False,False,False,14,False,False,False,False,True,False,1,0,0,0,0,False,False,,,,
655556,19,5.79,4.0,1.0,0.0,110.0,8.0,4.0,27354,,12995,The Men's Hundred 2022,2,931,Trent Rockets Men,928,Manchester Originals Men,2022-09-04T01:56:38Z,2,92,True,260,Josh Little,155,Matthew Carter,7,Lewis Gregory,306,154,Long On,0,0,0,0,LengthBall,DownLeg,NotOut,MisTimed,BacksAway,Slog,NoMovement,Over,Fast,Right,Out1stUmpire,NotReferred,Null,False,False,False,False,False,False,14,False,False,False,False,True,False,0,0,0,0,0,False,False,Caught,155.0,Matthew Carter,Caught
655556,19,5.79,4.0,1.0,0.0,110.0,8.0,4.0,27354,,12995,The Men's Hundred 2022,2,931,Trent Rockets Men,928,Manchester Originals Men,2022-09-04T01:59:51Z,3,93,False,260,Josh Little,354,Luke Wood,7,Lewis Gregory,90,48,Wicketkeeper,0,0,0,0,HalfVolley,LegStump,NotOut,PlayAndMissLegSide,FrontFoot,Flick,NoMovement,Over,Fast,Right,Null,NotReferred,Null,False,False,False,False,False,False,14,False,False,False,False,True,False,0,0,0,0,0,False,False,,,,
655556,19,5.79,4.0,1.0,0.0,110.0,8.0,4.0,27354,,12995,The Men's Hundred 2022,2,931,Trent Rockets Men,928,Manchester Originals Men,2022-09-04T02:00:22Z,4,94,False,260,Josh Little,354,Luke Wood,7,Lewis Gregory,338,146,Deep Cover,1,0,1,1,LengthBall,OutsideOff,NotOut,None,FrontFoot,Drive,NoMovement,Over,Fast,Right,Null,NotReferred,Null,False,False,False,False,False,False,14,False,False,False,False,True,False,1,0,0,0,0,False,False,,,,
655556,19,5.79,4.0,1.0,0.0,110.0,8.0,4.0,27354,,12995,The Men's Hundred 2022,2,931,Trent Rockets Men,928,Manchester Originals Men,2022-09-04T02:01:24Z,5,95,False,260,Josh Little,7,Lewis Gregory,354,Luke Wood,301,97,Mid On,2,0,2,2,BackOfALength,LegStump,NotOut,MisTimed,BackFoot,Pull,NoMovement,Over,Fast,Right,Null,NotReferred,Null,False,False,False,False,False,False,14,False,False,False,False,True,False,2,0,0,0,0,False,False,,,,
655557,20,6.27,11.0,0.0,0.0,121.0,8.0,11.0,27354,,12995,The Men's Hundred 2022,2,931,Trent Rockets Men,928,Manchester Originals Men,2022-09-04T02:03:27Z,1,96,False,467,Richard Gleeson,7,Lewis Gregory,354,Luke Wood,1,180,Deep Square Leg,6,0,6,6,LengthBall,MiddleStump,NotOut,Middled,FrontFoot,Flick,NoMovement,Over,Fast,Left,Null,NotReferred,Null,False,False,False,False,True,False,14,False,False,False,False,True,False,6,0,0,0,0,False,True,,,,
655557,20,6.27,11.0,0.0,0.0,121.0,8.0,11.0,27354,,12995,The Men's Hundred 2022,2,931,Trent Rockets Men,928,Manchester Originals Men,2022-09-04T02:04:08Z,2,97,False,467,Richard Gleeson,7,Lewis Gregory,354,Luke Wood,65,188,Fine Leg,4,0,4,4,FullToss,DownLeg,NotOut,InsideEdge,FrontFoot,Slog,NoMovement,Over,Fast,Left,Null,NotReferred,Null,False,False,False,False,False,False,14,False,False,False,False,True,False,4,0,0,0,0,False,True,,,,
655557,20,6.27,11.0,0.0,0.0,121.0,8.0,11.0,27354,,12995,The Men's Hundred 2022,2,931,Trent Rockets Men,928,Manchester Originals Men,2022-09-04T02:05:53Z,3,98,False,467,Richard Gleeson,7,Lewis Gregory,354,Luke Wood,222,201,Deep Extra Cover,1,0,1,1,FullToss,OffStump,NotOut,None,BacksAway,Drive,NoMovement,Over,Fast,Left,Null,NotReferred,Null,False,False,False,False,False,False,14,False,False,False,False,True,False,1,0,0,0,0,False,False,,,,
