over_id,over_overNumber,over_runrate,over_runsConceded,over_wickets,over_runsExtras,over_totalInningRuns,over_totalInningWickets,over_totalRuns,id,matchName,fixtureId,fixtureName,inningNumber,battingTeamId,battingTeamName,bowlingTeamId,bowlingTeamName,ballDateTime,ballNumber,isWicket,bowlerPlayerId,bowlerPlayerName,battingPlayerId,battingPlayerName,nonStrikeBattingPlayerId,nonStrikeBattingPlayerName,shotAngle,shotMagnitude,fieldingPosition,runsConceded,extras,runs,runsScored,lengthTypeId,lineTypeId,appealDismissalTypeId,battingConnectionId,battingFeetId,battingShotTypeId,bowlingDetailId,bowlingFromId,bowlingTypeId,bowlingHandId,outcomeId,referralOutcomeId,noBallReasonId,isWide,isNoBall,isByes,isLegByes,isAirControlled,isAppeal,decisionOfficialId,isFreeHit,isNewBall,isPowerPlay,isBattingPowerPlay,isFloodLit,isReferred,teamRuns,runsByes,runsWide,runsLegByes,noBallsCount,isBoundry,isAirNotControlled,dismissalTypeId,dismissalPlayerId,dismissalPlayerName,dismissalType
785083,1,4.0,4.0,0.0,0.0,4.0,0.0,4.0,30352,,16872,Sri Lanka v New Zealand T20Is - Women,1,62,New Zealand Women,77,Sri Lanka Women,2023-07-12T09:59:57Z,1,False,12295,Kawya Kavindi,431,Suzie Bates,8487,Izzy Gaze,219,14,Silly Point,0,0,0,0,LengthBall,Null,NotOut,Edged,0,Worked,Null,Over,Medium,Right,Null,NotReferred,Null,False,False,False,False,False,False,1109,False,True,True,False,False,False,0,0,0,0,0,False,False,,,,
785083,1,4.0,4.0,0.0,0.0,4.0,0.0,4.0,30352,,16872,Sri Lanka v New Zealand T20Is - Women,1,62,New Zealand Women,77,Sri Lanka Women,2023-07-12T10:00:22Z,2,False,12295,Kawya Kavindi,431,Suzie Bates,8487,Izzy Gaze,287,89,Mid On,0,0,0,0,HalfVolley,Null,NotOut,MisTimed,0,Drive,Null,Over,Medium,Right,Null,NotReferred,Null,False,False,False,False,False,False,1109,False,False,True,False,False,False,0,0,0,0,0,False,False,,,,
785083,1,4.0,4.0,0.0,0.0,4.0,0.0,4.0,30352,,16872,Sri Lanka v New Zealand T20Is - Women,1,62,New Zealand Women,77,Sri Lanka Women,2023-07-12T10:00:51Z,3,False,12295,Kawya Kavindi,431,Suzie Bates,8487,Izzy Gaze,290,104,Mid On,0,0,0,0,HalfVolley,Null,NotOut,Played,0,Worked,Null,Over,Medium,Right,Null,NotReferred,Null,False,False,False,False,False,False,1109,False,False,True,False,False,False,0,0,0,0,0,False,False,,,,
785083,1,4.0,4.0,0.0,0.0,4.0,0.0,4.0,30352,,16872,Sri Lanka v New Zealand T20Is - Women,1,62,New Zealand Women,77,Sri Lanka Women,2023-07-12T10:01:25Z,4,False,12295,Kawya Kavindi,431,Suzie Bates,8487,Izzy Gaze,255,92,Mid Off,0,0,0,0,HalfVolley,Null,NotOut,MisTimed,0,Drive,Null,Over,Medium,Right,Null,NotReferred,Null,False,False,False,False,False,False,1109,False,False,True,False,False,False,0,0,0,0,0,False,False,,,,
785083,1,4.0,4.0,0.0,0.0,4.0,0.0,4.0,30352,,16872,Sri Lanka v New Zealand T20Is - Women,1,62,New Zealand Women,77,Sri Lanka Women,2023-07-12T10:01:56Z,5,False,12295,Kawya Kavindi,431,Suzie Bates,8487,Izzy Gaze,322,45,Short Mid Wicket,0,0,0,0,LengthBall,Null,NotOut,Played,0,Worked,Null,Over,Medium,Right,Null,NotReferred,Null,False,False,False,False,False,False,1109,False,False,True,False,False,False,0,0,0,0,0,False,False,,,,
785083,1,4.0,4.0,0.0,0.0,4.0,0.0,4.0,30352,,16872,Sri Lanka v New Zealand T20Is - Women,1,62,New Zealand Women,77,Sri Lanka Women,2023-07-12T10:02:33Z,6,False,12295,Kawya Kavindi,431,Suzie Bates,8487,Izzy Gaze,0,187,Deep Square Leg,4,0,4,4,BackOfALength,Null,NotOut,HitHard,0,Pull,Null,Over,Medium,Right,Null,NotReferred,Null,False,False,False,False,False,False,1109,False,False,True,False,False,False,4,0,0,0,0,False,True,,,,
785084,2,5.0,5.0,0.0,0.0,10.0,0.0,5.0,30352,,16872,Sri Lanka v New Zealand T20Is - Women,1,62,New Zealand Women,77,Sri Lanka Women,2023-07-12T10:04:02Z,1,False,1865,Inoshi Fernando,8487,Izzy Gaze,431,Suzie Bates,300,82,Mid On,0,0,0,0,LengthBall,Null,NotOut,Played,0,Worked,Null,Over,OffSpin,Right,Null,NotReferred,Null,False,False,False,False,False,False,1087,False,False,True,False,False,False,0,0,0,0,0,False,False,,,,
785084,2,5.0,5.0,0.0,0.0,10.0,0.0,5.0,30352,,16872,Sri Lanka v New Zealand T20Is - Women,1,62,New Zealand Women,77,Sri Lanka Women,2023-07-12T10:04:27Z,2,False,1865,Inoshi Fernando,8487,Izzy Gaze,431,Suzie Bates,253,89,Mid Off,1,0,1,1,HalfVolley,Null,NotOut,Played,0,Drive,Null,Over,OffSpin,Right,Null,NotReferred,Null,False,False,False,False,False,False,1087,False,False,True,False,False,False,1,0,0,0,0,False,False,,,,
785084,2,5.0,5.0,0.0,0.0,10.0,0.0,5.0,30352,,16872,Sri Lanka v New Zealand T20Is - Women,1,62,New Zealand Women,77,Sri Lanka Women,2023-07-12T10:04:57Z,3,False,1865,Inoshi Fernando,431,Suzie Bates,8487,Izzy Gaze,202,88,Cover,0,0,0,0,LengthBall,Null,NotOut,Played,0,Cut,Null,Over,OffSpin,Right,Null,NotReferred,Null,False,False,False,False,False,False,1087,False,False,True,False,False,False,0,0,0,0,0,False,False,,,,
785084,2,5.0,5.0,0.0,0.0,10.0,0.0,5.0,30352,,16872,Sri Lanka v New Zealand T20Is - Women,1,62,New Zealand Women,77,Sri Lanka Women,2023-07-12T10:05:17Z,4,False,1865,Inoshi Fernando,431,Suzie Bates,8487,Izzy Gaze,291,203,Long On,4,0,4,4,LengthBall,Null,NotOut,HitHard,0,Slog,Null,Over,OffSpin,Right,Null,NotReferred,Null,False,False,False,False,True,False,1087,False,False,True,False,False,False,4,0,0,0,0,False,True,,,,
785084,2,5.0,5.0,0.0,0.0,10.0,0.0,5.0,30352,,16872,Sri Lanka v New Zealand T20Is - Women,1,62,New Zealand Women,77,Sri Lanka Women,2023-07-12T10:05:58Z,5,False,1865,Inoshi Fernando,431,Suzie Bates,8487,Izzy Gaze,90,48,Wicketkeeper,0,0,0,0,LengthBall,Null,NotOut,Edged,0,Cut,Null,Over,OffSpin,Right,Null,NotReferred,Null,False,False,False,False,False,False,1087,False,False,True,False,False,False,0,0,0,0,0,False,False,,,,
785084,2,5.0,5.0,0.0,0.0,10.0,0.0,5.0,30352,,16872,Sri Lanka v New Zealand T20Is - Women,1,62,New Zealand Women,77,Sri Lanka Women,2023-07-12T10:06:31Z,6,False,1865,Inoshi Fernando,431,Suzie Bates,8487,Izzy Gaze,249,42,Silly Mid Off,0,0,0,0,LengthBall,Null,NotOut,Played,0,Pushed,Null,Over,OffSpin,Right,Null,NotReferred,Null,False,False,False,False,False,False,1087,False,False,True,False,False,False,0,0,0,0,0,False,False,,,,
785085,3,6.33,9.0,0.0,7.0,19.0,0.0,10.0,30352,,16872,Sri Lanka v New Zealand T20Is - Women,1,62,New Zealand Women,77,Sri Lanka Women,2023-07-12T10:07:28Z,1,False,12295,Kawya Kavindi,8487,Izzy Gaze,431,Suzie Bates,295,90,Mid On,1,1,1,0,LengthBall,Null,NotOut,Played,0,Worked,Null,Over,Medium,Right,Null,NotReferred,FrontFoot,False,True,False,False,False,False,1109,False,False,True,False,False,False,0,0,0,0,1,False,False,,,,
785085,3,6.33,9.0,0.0,7.0,19.0,0.0,10.0,30352,,16872,Sri Lanka v New Zealand T20Is - Women,1,62,New Zealand Women,77,Sri Lanka Women,2023-07-12T10:08:06Z,1,False,12295,Kawya Kavindi,8487,Izzy Gaze,431,Suzie Bates,230,106,Mid Off,1,0,1,1,HalfVolley,Null,NotOut,Played,0,Drive,Null,Over,Medium,Right,Null,NotReferred,Null,False,False,False,False,False,False,1109,True,False,True,False,False,False,1,0,0,0,0,False,False,,,,
785085,3,6.33,9.0,0.0,7.0,19.0,0.0,10.0,30352,,16872,Sri Lanka v New Zealand T20Is - Women,1,62,New Zealand Women,77,Sri Lanka Women,2023-07-12T10:08:48Z,2,False,12295,Kawya Kavindi,431,Suzie Bates,8487,Izzy Gaze,79,190,Fine Leg,5,5,5,0,BackOfALength,Null,NotOut,MissedLegSide,0,Pull,Null,Over,Medium,Right,Null,NotReferred,Null,True,False,False,False,False,False,1109,False,False,True,False,False,False,0,0,5,0,0,False,False,,,,
785085,3,6.33,9.0,0.0,7.0,19.0,0.0,10.0,30352,,16872,Sri Lanka v New Zealand T20Is - Women,1,62,New Zealand Women,77,Sri Lanka Women,2023-07-12T10:09:43Z,2,False,12295,Kawya Kavindi,431,Suzie Bates,8487,Izzy Gaze,321,50,Short Mid Wicket,0,1,1,0,LengthBall,Null,NotOut,HitPad,0,Flick,Null,Over,Medium,Right,Null,NotReferred,Null,False,False,False,True,False,False,1109,False,False,True,False,False,False,0,0,0,1,0,False,False,,,,
785085,3,6.33,9.0,0.0,7.0,19.0,0.0,10.0,30352,,16872,Sri Lanka v New Zealand T20Is - Women,1,62,New Zealand Women,77,Sri Lanka Women,2023-07-12T10:10:22Z,3,False,12295,Kawya Kavindi,8487,Izzy Gaze,431,Suzie Bates,90,48,Wicketkeeper,0,0,0,0,LengthBall,Null,NotOut,MissedLegSide,0,Scoop,Null,Over,Medium,Right,Null,NotReferred,Null,False,False,False,False,False,False,1109,False,False,True,False,False,False,0,0,0,0,0,False,False,,,,
785085,3,6.33,9.0,0.0,7.0,19.0,0.0,10.0,30352,,16872,Sri Lanka v New Zealand T20Is - Women,1,62,New Zealand Women,77,Sri Lanka Women,2023-07-12T10:10:55Z,4,False,12295,Kawya Kavindi,8487,Izzy Gaze,431,Suzie Bates,358,86,Square Leg,1,0,1,1,LengthBall,Null,NotOut,Edged,0,Worked,Null,Over,Medium,Right,Null,NotReferred,Null,False,False,False,False,False,False,1109,False,False,True,False,False,False,1,0,0,0,0,False,False,,,,
785085,3,6.33,9.0,0.0,7.0,19.0,0.0,10.0,30352,,16872,Sri Lanka v New Zealand T20Is - Women,1,62,New Zealand Women,77,Sri Lanka Women,2023-07-12T10:11:33Z,5,False,12295,Kawya Kavindi,431,Suzie Bates,8487,Izzy Gaze,286,89,Mid On,0,0,0,0,HalfVolley,Null,NotOut,Played,0,Drive,Null,Over,Medium,Right,Null,NotReferred,Null,False,False,False,False,False,False,1109,False,False,True,False,False,False,0,0,0,0,0,False,False,,,,
785085,3,6.33,9.0,0.0,7.0,19.0,0.0,10.0,30352,,16872,Sri Lanka v New Zealand T20Is - Women,1,62,New Zealand Women,77,Sri Lanka Women,2023-07-12T10:12:11Z,6,False,12295,Kawya Kavindi,431,Suzie Bates,8487,Izzy Gaze,15,151,Deep Backward Square Leg,1,0,1,1,BackOfALength,Null,NotOut,Played,0,Pull,Null,Over,Medium,Right,Null,NotReferred,Null,False,False,False,False,False,False,1109,False,False,True,False,False,False,1,0,0,0,0,False,False,,,,
785086,4,6.5,7.0,0.0,0.0,26.0,0.0,7.0,30352,,16872,Sri Lanka v New Zealand T20Is - Women,1,62,New Zealand Women,77,Sri Lanka Women,2023-07-12T10:13:19Z,1,False,1128,Sugandika Kumari,431,Suzie Bates,8487,Izzy Gaze,343,145,Deep Mid Wicket,1,0,1,1,LengthBall,Null,NotOut,Played,0,Slog,Null,Round,Orthodox,Left,Null,NotReferred,Null,False,False,False,False,False,False,1087,False,False,True,False,False,False,1,0,0,0,0,False,False,,,,
785086,4,6.5,7.0,0.0,0.0,26.0,0.0,7.0,30352,,16872,Sri Lanka v New Zealand T20Is - Women,1,62,New Zealand Women,77,Sri Lanka Women,2023-07-12T10:13:39Z,2,False,1128,Sugandika Kumari,8487,Izzy Gaze,431,Suzie Bates,242,94,Mid Off,1,0,1,1,HalfVolley,Null,NotOut,Played,0,Drive,Null,Round,Orthodox,Left,Null,NotReferred,Null,False,False,False,False,False,False,1087,False,False,True,False,False,False,1,0,0,0,0,False,False,,,,
785086,4,6.5,7.0,0.0,0.0,26.0,0.0,7.0,30352,,16872,Sri Lanka v New Zealand T20Is - Women,1,62,New Zealand Women,77,Sri Lanka Women,2023-07-12T10:14:05Z,3,False,1128,Sugandika Kumari,431,Suzie Bates,8487,Izzy Gaze,289,138,Long On,1,0,1,1,LengthBall,Null,NotOut,Played,0,Worked,Null,Round,Orthodox,Left,Null,NotReferred,Null,False,False,False,False,False,False,1087,False,False,True,False,False,False,1,0,0,0,0,False,False,,,,
785086,4,6.5,7.0,0.0,0.0,26.0,0.0,7.0,30352,,16872,Sri Lanka v New Zealand T20Is - Women,1,62,New Zealand Women,77,Sri Lanka Women,2023-07-12T10:14:32Z,4,False,1128,Sugandika Kumari,8487,Izzy Gaze,431,Suzie Bates,241,83,Mid Off,0,0,0,0,HalfVolley,Null,NotOut,Played,0,Drive,Null,Round,Orthodox,Left,Null,NotReferred,Null,False,False,False,False,False,False,1087,False,False,True,False,False,False,0,0,0,0,0,False,False,,,,
785086,4,6.5,7.0,0.0,0.0,26.0,0.0,7.0,30352,,16872,Sri Lanka v New Zealand T20Is - Women,1,62,New Zealand Women,77,Sri Lanka Women,2023-07-12T10:14:50Z,5,False,1128,Sugandika Kumari,8487,Izzy Gaze,431,Suzie Bates,326,55,Short Mid Wicket,0,0,0,0,LengthBall,Null,NotOut,Played,0,Worked,Null,Round,Orthodox,Left,Null,NotReferred,Null,False,False,False,False,False,False,1087,False,False,True,False,False,False,0,0,0,0,0,False,False,,,,
785086,4,6.5,7.0,0.0,0.0,26.0,0.0,7.0,30352,,16872,Sri Lanka v New Zealand T20Is - Women,1,62,New Zealand Women,77,Sri Lanka Women,2023-07-12T10:15:21Z,6,False,1128,Sugandika Kumari,8487,Izzy Gaze,431,Suzie Bates,282,199,Long On,4,0,4,4,LengthBall,Null,NotOut,HitHard,0,Drive,Null,Round,Orthodox,Left,Null,NotReferred,Null,False,False,False,False,False,False,1087,False,False,True,False,False,False,4,0,0,0,0,False,True,,,,
785087,5,7.4,11.0,0.0,0.0,37.0,0.0,11.0,30352,,16872,Sri Lanka v New Zealand T20Is - Women,1,62,New Zealand Women,77,Sri Lanka Women,2023-07-12T10:16:33Z,1,False,1865,Inoshi Fernando,431,Suzie Bates,8487,Izzy Gaze,263,45,Silly Mid Off,0,0,0,0,HalfVolley,Null,NotOut,Played,0,Drive,Null,Over,OffSpin,Right,Null,NotReferred,Null,False,False,False,False,False,False,1109,False,False,True,False,False,False,0,0,0,0,0,False,False,,,,
785087,5,7.4,11.0,0.0,0.0,37.0,0.0,11.0,30352,,16872,Sri Lanka v New Zealand T20Is - Women,1,62,New Zealand Women,77,Sri Lanka Women,2023-07-12T10:16:52Z,2,False,1865,Inoshi Fernando,431,Suzie Bates,8487,Izzy Gaze,338,207,Deep Mid Wicket,4,0,4,4,LengthBall,Null,NotOut,HitHard,0,Flick,Null,Over,OffSpin,Right,Null,NotReferred,Null,False,False,False,False,False,False,1109,False,False,True,False,False,False,4,0,0,0,0,False,True,,,,
785087,5,7.4,11.0,0.0,0.0,37.0,0.0,11.0,30352,,16872,Sri Lanka v New Zealand T20Is - Women,1,62,New Zealand Women,77,Sri Lanka Women,2023-07-12T10:17:48Z,3,False,1865,Inoshi Fernando,431,Suzie Bates,8487,Izzy Gaze,353,155,Deep Square Leg,2,0,2,2,LengthBall,Null,NotOut,Played,0,Sweep,Null,Over,OffSpin,Right,Null,NotReferred,Null,False,False,False,False,False,False,1109,False,False,True,False,False,False,2,0,0,0,0,False,False,,,,
785087,5,7.4,11.0,0.0,0.0,37.0,0.0,11.0,30352,,16872,Sri Lanka v New Zealand T20Is - Women,1,62,New Zealand Women,77,Sri Lanka Women,2023-07-12T10:18:27Z,4,False,1865,Inoshi Fernando,431,Suzie Bates,8487,Izzy Gaze,210,50,Short Extra Cover,0,0,0,0,LengthBall,Null,NotOut,Played,0,Pushed,Null,Over,OffSpin,Right,Null,NotReferred,Null,False,False,False,False,False,False,1109,False,False,True,False,False,False,0,0,0,0,0,False,False,,,,
785087,5,7.4,11.0,0.0,0.0,37.0,0.0,11.0,30352,,16872,Sri Lanka v New Zealand T20Is - Women,1,62,New Zealand Women,77,Sri Lanka Women,2023-07-12T10:18:45Z,5,False,1865,Inoshi Fernando,431,Suzie Bates,8487,Izzy Gaze,346,93,Mid Wicket,1,0,1,1,LengthBall,Null,NotOut,Played,0,Worked,Null,Over,OffSpin,Right,Null,NotReferred,Null,False,False,False,False,False,False,1109,False,False,True,False,False,False,1,0,0,0,0,False,False,,,,
785087,5,7.4,11.0,0.0,0.0,37.0,0.0,11.0,30352,,16872,Sri Lanka v New Zealand T20Is - Women,1,62,New Zealand Women,77,Sri Lanka Women,2023-07-12T10:19:09Z,6,False,1865,Inoshi Fernando,8487,Izzy Gaze,431,Suzie Bates,261,210,Long Off,4,0,4,4,HalfVolley,Null,NotOut,HitHard,0,Drive,Null,Over,OffSpin,Right,Null,NotReferred,Null,False,False,False,False,False,False,1109,False,False,True,False,False,False,4,0,0,0,0,False,True,,,,
785088,6,7.17,6.0,0.0,0.0,43.0,0.0,6.0,30352,,16872,Sri Lanka v New Zealand T20Is - Women,1,62,New Zealand Women,77,Sri Lanka Women,2023-07-12T10:20:09Z,1,False,1128,Sugandika Kumari,431,Suzie Bates,8487,Izzy Gaze,294,130,Long On,1,0,1,1,LengthBall,Null,NotOut,Played,0,Worked,Null,Round,Orthodox,Left,Null,NotReferred,Null,False,False,False,False,False,False,1087,False,False,True,False,False,False,1,0,0,0,0,False,False,,,,
785088,6,7.17,6.0,0.0,0.0,43.0,0.0,6.0,30352,,16872,Sri Lanka v New Zealand T20Is - Women,1,62,New Zealand Women,77,Sri Lanka Women,2023-07-12T10:20:29Z,2,False,1128,Sugandika Kumari,8487,Izzy Gaze,431,Suzie Bates,172,77,Point,0,0,0,0,LengthBall,Null,NotOut,HitPad,0,Worked,Null,Round,Orthodox,Left,Null,NotReferred,Null,False,False,False,False,False,False,1087,False,False,True,False,False,False,0,0,0,0,0,False,False,,,,
785088,6,7.17,6.0,0.0,0.0,43.0,0.0,6.0,30352,,16872,Sri Lanka v New Zealand T20Is - Women,1,62,New Zealand Women,77,Sri Lanka Women,2023-07-12T10:20:54Z,3,False,1128,Sugandika Kumari,8487,Izzy Gaze,431,Suzie Bates,45,93,Short Fine Leg,1,0,1,1,LengthBall,Null,RunOut,Played,0,Glance,Null,Round,Orthodox,Left,NotOut1stUmpire,NotReferred,Null,False,False,False,False,False,True,1109,False,False,True,False,False,False,1,0,0,0,0,False,False,,,,
785088,6,7.17,6.0,0.0,0.0,43.0,0.0,6.0,30352,,16872,Sri Lanka v New Zealand T20Is - Women,1,62,New Zealand Women,77,Sri Lanka Women,2023-07-12T10:21:37Z,4,False,1128,Sugandika Kumari,431,Suzie Bates,8487,Izzy Gaze,111,183,Third Man,4,0,4,4,LengthBall,Null,NotOut,Edged,0,Cut,Null,Round,Orthodox,Left,Null,NotReferred,Null,False,False,False,False,False,False,1087,False,False,True,False,False,False,4,0,0,0,0,False,True,,,,
785088,6,7.17,6.0,0.0,0.0,43.0,0.0,6.0,30352,,16872,Sri Lanka v New Zealand T20Is - Women,1,62,New Zealand Women,77,Sri Lanka Women,2023-07-12T10:22:18Z,5,False,1128,Sugandika Kumari,431,Suzie Bates,8487,Izzy Gaze,284,42,Silly Mid On,0,0,0,0,LengthBall,Null,NotOut,Played,0,Worked,Null,Round,Orthodox,Left,Null,NotReferred,Null,False,False,False,False,False,False,1087,False,False,True,False,False,False,0,0,0,0,0,False,False,,,,
785088,6,7.17,6.0,0.0,0.0,43.0,0.0,6.0,30352,,16872,Sri Lanka v New Zealand T20Is - Women,1,62,New Zealand Women,77,Sri Lanka Women,2023-07-12T10:22:45Z,6,False,1128,Sugandika Kumari,431,Suzie Bates,8487,Izzy Gaze,259,78,Mid Off,0,0,0,0,HalfVolley,Null,NotOut,MisTimed,0,Drive,Null,Round,Orthodox,Left,Null,NotReferred,Null,False,False,False,False,False,False,1087,False,False,True,False,False,False,0,0,0,0,0,False,False,,,,
785089,7,6.57,3.0,1.0,0.0,46.0,1.0,3.0,30352,,16872,Sri Lanka v New Zealand T20Is - Women,1,62,New Zealand Women,77,Sri Lanka Women,2023-07-12T10:24:07Z,1,True,968,Inoka Ranaweera,8487,Izzy Gaze,431,Suzie Bates,0,0,,0,0,0,0,HalfVolley,Null,NotOut,Missed,0,ReverseSweep,Null,Round,Orthodox,Left,Out2ndUmpire,NotReferred,Null,False,False,False,False,False,False,1087,False,False,False,False,False,False,0,0,0,0,0,False,False,Bowled,8487.0,Izzy Gaze,Bowled
785089,7,6.57,3.0,1.0,0.0,46.0,1.0,3.0,30352,,16872,Sri Lanka v New Zealand T20Is - Women,1,62,New Zealand Women,77,Sri Lanka Women,2023-07-12T10:25:49Z,2,False,968,Inoka Ranaweera,437,Amelia Kerr,431,Suzie Bates,270,40,Bowler,0,0,0,0,LengthBall,Null,NotOut,Played,0,ForwardDefensive,Null,Round,Orthodox,Left,Null,NotReferred,Null,False,False,False,False,False,False,1087,False,False,False,False,False,False,0,0,0,0,0,False,False,,,,
785089,7,6.57,3.0,1.0,0.0,46.0,1.0,3.0,30352,,16872,Sri Lanka v New Zealand T20Is - Women,1,62,New Zealand Women,77,Sri Lanka Women,2023-07-12T10:26:22Z,3,False,968,Inoka Ranaweera,437,Amelia Kerr,431,Suzie Bates,90,48,Wicketkeeper,0,0,0,0,LengthBall,Null,NotOut,Missed,0,Cut,Null,Round,Orthodox,Left,Null,NotReferred,Null,False,False,False,False,False,False,1087,False,False,False,False,False,False,0,0,0,0,0,False,False,,,,
785089,7,6.57,3.0,1.0,0.0,46.0,1.0,3.0,30352,,16872,Sri Lanka v New Zealand T20Is - Women,1,62,New Zealand Women,77,Sri Lanka Women,2023-07-12T10:26:43Z,4,False,968,Inoka Ranaweera,437,Amelia Kerr,431,Suzie Bates,213,44,Short Extra Cover,0,0,0,0,LengthBall,Null,NotOut,Played,0,Pushed,Null,Round,Orthodox,Left,Null,NotReferred,Null,False,False,False,False,False,False,1087,False,False,False,False,False,False,0,0,0,0,0,False,False,,,,
785089,7,6.57,3.0,1.0,0.0,46.0,1.0,3.0,30352,,16872,Sri Lanka v New Zealand T20Is - Women,1,62,New Zealand Women,77,Sri Lanka Women,2023-07-12T10:27:05Z,5,False,968,Inoka Ranaweera,437,Amelia Kerr,431,Suzie Bates,13,147,Deep Backward Square Leg,2,0,2,2,LengthBall,Null,NotOut,Played,0,Worked,Null,Round,Orthodox,Left,Null,NotReferred,Null,False,False,False,False,False,False,1087,False,False,False,False,False,False,2,0,0,0,0,False,False,,,,
785089,7,6.57,3.0,1.0,0.0,46.0,1.0,3.0,30352,,16872,Sri Lanka v New Zealand T20Is - Women,1,62,New Zealand Women,77,Sri Lanka Women,2023-07-12T10:27:44Z,6,False,968,Inoka Ranaweera,437,Amelia Kerr,431,Suzie Bates,215,49,Short Extra Cover,1,0,1,1,LengthBall,Null,NotOut,Played,0,Pushed,Null,Round,Orthodox,Left,Null,NotReferred,Null,False,False,False,False,False,False,1087,False,False,False,False,False,False,1,0,0,0,0,False,False,,,,
785090,8,6.12,3.0,0.0,0.0,49.0,1.0,3.0,30352,,16872,Sri Lanka v New Zealand T20Is - Women,1,62,New Zealand Women,77,Sri Lanka Women,2023-07-12T10:28:59Z,1,False,421,Chamari Athapaththu,437,Amelia Kerr,431,Suzie Bates,290,144,Long On,1,0,1,1,FullToss,Null,NotOut,Played,0,Worked,Null,Over,OffSpin,Right,Null,NotReferred,Null,False,False,False,False,False,False,1109,False,False,False,False,False,False,1,0,0,0,0,False,False,,,,
785090,8,6.12,3.0,0.0,0.0,49.0,1.0,3.0,30352,,16872,Sri Lanka v New Zealand T20Is - Women,1,62,New Zealand Women,77,Sri Lanka Women,2023-07-12T10:29:31Z,2,False,421,Chamari Athapaththu,431,Suzie Bates,437,Amelia Kerr,338,155,Deep Mid Wicket,1,0,1,1,LengthBall,Null,NotOut,Played,0,Pull,Null,Over,OffSpin,Right,Null,NotReferred,Null,False,False,False,False,False,False,1109,False,False,False,False,False,False,1,0,0,0,0,False,False,,,,
785090,8,6.12,3.0,0.0,0.0,49.0,1.0,3.0,30352,,16872,Sri Lanka v New Zealand T20Is - Women,1,62,New Zealand Women,77,Sri Lanka Women,2023-07-12T10:29:55Z,3,False,421,Chamari Athapaththu,437,Amelia Kerr,431,Suzie Bates,288,138,Long On,1,0,1,1,LengthBall,Null,NotOut,Played,0,Worked,Null,Over,OffSpin,Right,Null,NotReferred,Null,False,False,False,False,False,False,1109,False,False,False,False,False,False,1,0,0,0,0,False,False,,,,
785090,8,6.12,3.0,0.0,0.0,49.0,1.0,3.0,30352,,16872,Sri Lanka v New Zealand T20Is - Women,1,62,New Zealand Women,77,Sri Lanka Women,2023-07-12T10:30:25Z,4,False,421,Chamari Athapaththu,431,Suzie Bates,437,Amelia Kerr,164,86,Backward Point,0,0,0,0,LengthBall,Null,NotOut,Played,0,Cut,Null,Over,OffSpin,Right,Null,NotReferred,Null,False,False,False,False,False,False,1109,False,False,False,False,False,False,0,0,0,0,0,False,False,,,,
785090,8,6.12,3.0,0.0,0.0,49.0,1.0,3.0,30352,,16872,Sri Lanka v New Zealand T20Is - Women,1,62,New Zealand Women,77,Sri Lanka Women,2023-07-12T10:30:42Z,5,False,421,Chamari Athapaththu,431,Suzie Bates,437,Amelia Kerr,254,86,Mid Off,0,0,0,0,LengthBall,Null,NotOut,Played,0,Drive,Null,Over,OffSpin,Right,Null,NotReferred,Null,False,False,False,False,False,False,1109,False,False,False,False,False,False,0,0,0,0,0,False,False,,,,
785090,8,6.12,3.0,0.0,0.0,49.0,1.0,3.0,30352,,16872,Sri Lanka v New Zealand T20Is - Women,1,62,New Zealand Women,77,Sri Lanka Women,2023-07-12T10:31:00Z,6,False,421,Chamari Athapaththu,431,Suzie Bates,437,Amelia Kerr,270,40,Bowler,0,0,0,0,HalfVolley,Null,NotOut,MisTimed,0,Drive,Null,Over,OffSpin,Right,Null,NotReferred,Null,False,False,False,False,False,False,1109,False,False,False,False,False,False,0,0,0,0,0,False,False,,,,
785091,9,5.89,4.0,0.0,0.0,53.0,1.0,4.0,30352,,16872,Sri Lanka v New Zealand T20Is - Women,1,62,New Zealand Women,77,Sri Lanka Women,2023-07-12T10:31:59Z,1,False,968,Inoka Ranaweera,437,Amelia Kerr,431,Suzie Bates,270,40,Bowler,0,0,0,0,LengthBall,Null,NotOut,Played,0,Pushed,Null,Round,Orthodox,Left,Null,NotReferred,Null,False,False,False,False,False,False,1087,False,False,False,False,False,False,0,0,0,0,0,False,False,,,,
785091,9,5.89,4.0,0.0,0.0,53.0,1.0,4.0,30352,,16872,Sri Lanka v New Zealand T20Is - Women,1,62,New Zealand Women,77,Sri Lanka Women,2023-07-12T10:32:17Z,2,False,968,Inoka Ranaweera,437,Amelia Kerr,431,Suzie Bates,202,138,Deep Cover,1,0,1,1,LengthBall,Null,NotOut,Played,0,Drive,Null,Round,Orthodox,Left,Null,NotReferred,Null,False,False,False,False,False,False,1087,False,False,False,False,False,False,1,0,0,0,0,False,False,,,,
785091,9,5.89,4.0,0.0,0.0,53.0,1.0,4.0,30352,,16872,Sri Lanka v New Zealand T20Is - Women,1,62,New Zealand Women,77,Sri Lanka Women,2023-07-12T10:32:44Z,3,False,968,Inoka Ranaweera,431,Suzie Bates,437,Amelia Kerr,288,44,Silly Mid On,0,0,0,0,LengthBall,Null,NotOut,MisTimed,0,Worked,Null,Round,Orthodox,Left,Null,NotReferred,Null,False,False,False,False,False,False,1087,False,False,False,False,False,False,0,0,0,0,0,False,False,,,,
785091,9,5.89,4.0,0.0,0.0,53.0,1.0,4.0,30352,,16872,Sri Lanka v New Zealand T20Is - Women,1,62,New Zealand Women,77,Sri Lanka Women,2023-07-12T10:33:08Z,4,False,968,Inoka Ranaweera,431,Suzie Bates,437,Amelia Kerr,344,164,Deep Mid Wicket,1,0,1,1,FullToss,Null,NotOut,Played,0,Slog,Null,Round,Orthodox,Left,Null,NotReferred,Null,False,False,False,False,True,False,1087,False,False,False,False,False,False,1,0,0,0,0,False,False,,,,
785091,9,5.89,4.0,0.0,0.0,53.0,1.0,4.0,30352,,16872,Sri Lanka v New Zealand T20Is - Women,1,62,New Zealand Women,77,Sri Lanka Women,2023-07-12T10:33:37Z,5,False,968,Inoka Ranaweera,437,Amelia Kerr,431,Suzie Bates,295,141,Long On,1,0,1,1,LengthBall,Null,NotOut,Played,0,Worked,Null,Round,Orthodox,Left,Null,NotReferred,Null,False,False,False,False,False,False,1087,False,False,False,False,False,False,1,0,0,0,0,False,False,,,,
785091,9,5.89,4.0,0.0,0.0,53.0,1.0,4.0,30352,,16872,Sri Lanka v New Zealand T20Is - Women,1,62,New Zealand Women,77,Sri Lanka Women,2023-07-12T10:34:01Z,6,False,968,Inoka Ranaweera,431,Suzie Bates,437,Amelia Kerr,51,85,Short Fine Leg,1,0,1,1,LengthBall,Null,NotOut,Edged,0,SlogSweep,Null,Round,Orthodox,Left,Null,NotReferred,Null,False,False,False,False,False,False,1087,False,False,False,False,False,False,1,0,0,0,0,False,False,,,,
785092,10,6.5,12.0,0.0,0.0,65.0,1.0,12.0,30352,,16872,Sri Lanka v New Zealand T20Is - Women,1,62,New Zealand Women,77,Sri Lanka Women,2023-07-12T10:35:00Z,1,False,421,Chamari Athapaththu,431,Suzie Bates,437,Amelia Kerr,285,210,Long On,4,0,4,4,FullToss,Null,NotOut,HitHard,0,Drive,Null,Over,OffSpin,Right,Null,NotReferred,Null,False,False,False,False,True,False,1109,False,False,False,False,False,False,4,0,0,0,0,False,True,,,,
785092,10,6.5,12.0,0.0,0.0,65.0,1.0,12.0,30352,,16872,Sri Lanka v New Zealand T20Is - Women,1,62,New Zealand Women,77,Sri Lanka Women,2023-07-12T10:36:22Z,2,False,421,Chamari Athapaththu,431,Suzie Bates,437,Amelia Kerr,270,40,Bowler,0,0,0,0,LengthBall,Null,NotOut,MisTimed,0,Pull,Null,Over,OffSpin,Right,Null,NotReferred,Null,False,False,False,False,False,False,1109,False,False,False,False,False,False,0,0,0,0,0,False,False,,,,
785092,10,6.5,12.0,0.0,0.0,65.0,1.0,12.0,30352,,16872,Sri Lanka v New Zealand T20Is - Women,1,62,New Zealand Women,77,Sri Lanka Women,2023-07-12T10:36:43Z,3,False,421,Chamari Athapaththu,431,Suzie Bates,437,Amelia Kerr,233,107,Mid Off,1,0,1,1,LengthBall,Null,NotOut,Played,0,Drive,Null,Over,OffSpin,Right,Null,NotReferred,Null,False,False,False,False,False,False,1109,False,False,False,False,False,False,1,0,0,0,0,False,False,,,,
785092,10,6.5,12.0,0.0,0.0,65.0,1.0,12.0,30352,,16872,Sri Lanka v New Zealand T20Is - Women,1,62,New Zealand Women,77,Sri Lanka Women,2023-07-12T10:37:15Z,4,False,421,Chamari Athapaththu,437,Amelia Kerr,431,Suzie Bates,56,145,Fine Leg,2,0,2,2,LengthBall,Null,NotOut,HitHard,0,Scoop,Null,Over,OffSpin,Right,Null,NotReferred,Null,False,False,False,False,True,False,1109,False,False,False,False,False,False,2,0,0,0,0,False,False,,,,
785092,10,6.5,12.0,0.0,0.0,65.0,1.0,12.0,30352,,16872,Sri Lanka v New Zealand T20Is - Women,1,62,New Zealand Women,77,Sri Lanka Women,2023-07-12T10:37:47Z,5,False,421,Chamari Athapaththu,437,Amelia Kerr,431,Suzie Bates,158,198,Deep Backward Point,4,0,4,4,LengthBall,Null,NotOut,HitHard,0,Cut,Null,Over,OffSpin,Right,Null,NotReferred,Null,False,False,False,False,False,False,1109,False,False,False,False,False,False,4,0,0,0,0,False,True,,,,
785092,10,6.5,12.0,0.0,0.0,65.0,1.0,12.0,30352,,16872,Sri Lanka v New Zealand T20Is - Women,1,62,New Zealand Women,77,Sri Lanka Women,2023-07-12T10:38:34Z,6,False,421,Chamari Athapaththu,437,Amelia Kerr,431,Suzie Bates,329,147,Deep Mid Wicket,1,0,1,1,Yorker,Null,NotOut,Played,0,Worked,Null,Over,OffSpin,Right,Null,NotReferred,Null,False,False,False,False,False,False,1109,False,False,False,False,False,False,1,0,0,0,0,False,False,,,,
785093,11,6.64,8.0,1.0,0.0,73.0,2.0,8.0,30352,,16872,Sri Lanka v New Zealand T20Is - Women,1,62,New Zealand Women,77,Sri Lanka Women,2023-07-12T10:41:34Z,1,True,1128,Sugandika Kumari,437,Amelia Kerr,431,Suzie Bates,247,87,Mid Off,0,0,0,0,LengthBall,Null,NotOut,MisTimed,0,Drive,Null,Round,Orthodox,Left,Out2ndUmpire,NotReferred,Null,False,False,False,False,False,False,1087,False,False,False,False,False,False,0,0,0,0,0,False,False,Caught,437.0,Amelia Kerr,Caught
785093,11,6.64,8.0,1.0,0.0,73.0,2.0,8.0,30352,,16872,Sri Lanka v New Zealand T20Is - Women,1,62,New Zealand Women,77,Sri Lanka Women,2023-07-12T10:43:04Z,2,False,1128,Sugandika Kumari,408,Sophie Devine,431,Suzie Bates,246,141,Long Off,1,0,1,1,LengthBall,Null,NotOut,Played,0,Drive,Null,Round,Orthodox,Left,Null,NotReferred,Null,False,False,False,False,False,False,1087,False,False,False,False,False,False,1,0,0,0,0,False,False,,,,
785093,11,6.64,8.0,1.0,0.0,73.0,2.0,8.0,30352,,16872,Sri Lanka v New Zealand T20Is - Women,1,62,New Zealand Women,77,Sri Lanka Women,2023-07-12T10:43:25Z,3,False,1128,Sugandika Kumari,431,Suzie Bates,408,Sophie Devine,294,160,Long On,1,0,1,1,HalfVolley,Null,NotOut,Played,0,Worked,Null,Round,Orthodox,Left,Null,NotReferred,Null,False,False,False,False,False,False,1087,False,False,False,False,False,False,1,0,0,0,0,False,False,,,,
785093,11,6.64,8.0,1.0,0.0,73.0,2.0,8.0,30352,,16872,Sri Lanka v New Zealand T20Is - Women,1,62,New Zealand Women,77,Sri Lanka Women,2023-07-12T10:43:52Z,4,False,1128,Sugandika Kumari,408,Sophie Devine,431,Suzie Bates,342,151,Deep Mid Wicket,1,0,1,1,LengthBall,Null,NotOut,Played,0,Worked,Null,Round,Orthodox,Left,Null,NotReferred,Null,False,False,False,False,False,False,1087,False,False,False,False,False,False,1,0,0,0,0,False,False,,,,
785093,11,6.64,8.0,1.0,0.0,73.0,2.0,8.0,30352,,16872,Sri Lanka v New Zealand T20Is - Women,1,62,New Zealand Women,77,Sri Lanka Women,2023-07-12T10:44:15Z,5,False,1128,Sugandika Kumari,431,Suzie Bates,408,Sophie Devine,279,207,Long On,4,0,4,4,LengthBall,Null,NotOut,HitHard,0,Drive,Null,Round,Orthodox,Left,Null,NotReferred,Null,False,False,False,False,True,False,1087,False,False,False,False,False,False,4,0,0,0,0,False,True,,,,
785093,11,6.64,8.0,1.0,0.0,73.0,2.0,8.0,30352,,16872,Sri Lanka v New Zealand T20Is - Women,1,62,New Zealand Women,77,Sri Lanka Women,2023-07-12T10:44:51Z,6,False,1128,Sugandika Kumari,431,Suzie Bates,408,Sophie Devine,349,156,Deep Mid Wicket,1,0,1,1,LengthBall,Null,NotOut,Played,0,Worked,Null,Round,Orthodox,Left,Null,NotReferred,Null,False,False,False,False,False,False,1087,False,False,False,False,False,False,1,0,0,0,0,False,False,,,,
785094,12,6.5,5.0,1.0,0.0,78.0,3.0,5.0,30352,,16872,Sri Lanka v New Zealand T20Is - Women,1,62,New Zealand Women,77,Sri Lanka Women,2023-07-12T10:46:07Z,1,True,1863,Kavisha Dilhari,431,Suzie Bates,408,Sophie Devine,0,0,,0,0,0,0,HalfVolley,Null,NotOut,Missed,0,Slog,Null,Over,OffSpin,Right,Out1stUmpire,NotReferred,Null,False,False,False,False,False,False,1109,False,False,False,False,False,False,0,0,0,0,0,False,False,Bowled,431.0,Suzie Bates,Bowled
785094,12,6.5,5.0,1.0,0.0,78.0,3.0,5.0,30352,,16872,Sri Lanka v New Zealand T20Is - Women,1,62,New Zealand Women,77,Sri Lanka Women,2023-07-12T10:47:38Z,2,False,1863,Kavisha Dilhari,664,Maddy Green,408,Sophie Devine,340,81,Mid Wicket,1,0,1,1,LengthBall,Null,NotOut,Played,0,Worked,Null,Over,OffSpin,Right,Null,NotReferred,Null,False,False,False,False,False,False,1109,False,False,False,False,False,False,1,0,0,0,0,False,False,,,,
785094,12,6.5,5.0,1.0,0.0,78.0,3.0,5.0,30352,,16872,Sri Lanka v New Zealand T20Is - Women,1,62,New Zealand Women,77,Sri Lanka Women,2023-07-12T10:48:20Z,3,False,1863,Kavisha Dilhari,408,Sophie Devine,664,Maddy Green,252,158,Long Off,1,0,1,1,HalfVolley,Null,NotOut,Played,0,Drive,Null,Over,OffSpin,Right,Null,NotReferred,Null,False,False,False,False,False,False,1109,False,False,False,False,False,False,1,0,0,0,0,False,False,,,,
785094,12,6.5,5.0,1.0,0.0,78.0,3.0,5.0,30352,,16872,Sri Lanka v New Zealand T20Is - Women,1,62,New Zealand Women,77,Sri Lanka Women,2023-07-12T10:48:47Z,4,False,1863,Kavisha Dilhari,664,Maddy Green,408,Sophie Devine,335,158,Deep Mid Wicket,1,0,1,1,LengthBall,Null,NotOut,Played,0,Worked,Null,Over,OffSpin,Right,Null,NotReferred,Null,False,False,False,False,False,False,1109,False,False,False,False,False,False,1,0,0,0,0,False,False,,,,
785094,12,6.5,5.0,1.0,0.0,78.0,3.0,5.0,30352,,16872,Sri Lanka v New Zealand T20Is - Women,1,62,New Zealand Women,77,Sri Lanka Women,2023-07-12T10:49:16Z,5,False,1863,Kavisha Dilhari,408,Sophie Devine,664,Maddy Green,326,157,Deep Mid Wicket,1,0,1,1,LengthBall,Null,NotOut,Played,0,Worked,Null,Over,OffSpin,Right,Null,NotReferred,Null,False,False,False,False,False,False,1109,False,False,False,False,False,False,1,0,0,0,0,False,False,,,,
785094,12,6.5,5.0,1.0,0.0,78.0,3.0,5.0,30352,,16872,Sri Lanka v New Zealand T20Is - Women,1,62,New Zealand Women,77,Sri Lanka Women,2023-07-12T10:50:00Z,6,False,1863,Kavisha Dilhari,664,Maddy Green,408,Sophie Devine,136,75,Short Third Man,1,0,1,1,LengthBall,Null,NotOut,Played,0,ReverseSweep,Null,Over,OffSpin,Right,Null,NotReferred,Null,False,False,False,False,False,False,1109,False,False,False,False,False,False,1,0,0,0,0,False,False,,,,
785095,13,6.38,5.0,0.0,0.0,83.0,3.0,5.0,30352,,16872,Sri Lanka v New Zealand T20Is - Women,1,62,New Zealand Women,77,Sri Lanka Women,2023-07-12T10:51:18Z,1,False,968,Inoka Ranaweera,664,Maddy Green,408,Sophie Devine,270,40,Bowler,0,0,0,0,LengthBall,Null,NotOut,Played,0,ForwardDefensive,Null,Round,Orthodox,Left,Null,NotReferred,Null,False,False,False,False,False,False,1087,False,False,False,False,False,False,0,0,0,0,0,False,False,,,,
785095,13,6.38,5.0,0.0,0.0,83.0,3.0,5.0,30352,,16872,Sri Lanka v New Zealand T20Is - Women,1,62,New Zealand Women,77,Sri Lanka Women,2023-07-12T10:51:35Z,2,False,968,Inoka Ranaweera,664,Maddy Green,408,Sophie Devine,254,141,Long Off,1,0,1,1,FullToss,Null,NotOut,Played,0,Drive,Null,Round,Orthodox,Left,Null,NotReferred,Null,False,False,False,False,False,False,1087,False,False,False,False,False,False,1,0,0,0,0,False,False,,,,
785095,13,6.38,5.0,0.0,0.0,83.0,3.0,5.0,30352,,16872,Sri Lanka v New Zealand T20Is - Women,1,62,New Zealand Women,77,Sri Lanka Women,2023-07-12T10:52:19Z,3,False,968,Inoka Ranaweera,408,Sophie Devine,664,Maddy Green,291,153,Long On,1,0,1,1,LengthBall,Null,NotOut,MisTimed,0,Slog,Null,Round,Orthodox,Left,Null,NotReferred,Null,False,False,False,False,False,False,1087,False,False,False,False,False,False,1,0,0,0,0,False,False,,,,
785095,13,6.38,5.0,0.0,0.0,83.0,3.0,5.0,30352,,16872,Sri Lanka v New Zealand T20Is - Women,1,62,New Zealand Women,77,Sri Lanka Women,2023-07-12T10:52:56Z,4,False,968,Inoka Ranaweera,664,Maddy Green,408,Sophie Devine,338,153,Deep Mid Wicket,1,0,1,1,LengthBall,Null,NotOut,Played,0,Pull,Null,Round,Orthodox,Left,Null,NotReferred,Null,False,False,False,False,False,False,1087,False,False,False,False,False,False,1,0,0,0,0,False,False,,,,
785095,13,6.38,5.0,0.0,0.0,83.0,3.0,5.0,30352,,16872,Sri Lanka v New Zealand T20Is - Women,1,62,New Zealand Women,77,Sri Lanka Women,2023-07-12T10:53:19Z,5,False,968,Inoka Ranaweera,408,Sophie Devine,664,Maddy Green,348,148,Deep Mid Wicket,1,0,1,1,LengthBall,Null,NotOut,Played,0,Sweep,Null,Round,Orthodox,Left,Null,NotReferred,Null,False,False,False,False,False,False,1087,False,False,False,False,False,False,1,0,0,0,0,False,False,,,,
785095,13,6.38,5.0,0.0,0.0,83.0,3.0,5.0,30352,,16872,Sri Lanka v New Zealand T20Is - Women,1,62,New Zealand Women,77,Sri Lanka Women,2023-07-12T10:53:50Z,6,False,968,Inoka Ranaweera,664,Maddy Green,408,Sophie Devine,290,151,Long On,1,0,1,1,LengthBall,Null,NotOut,Played,0,Worked,Null,Round,Orthodox,Left,Null,NotReferred,Null,False,False,False,False,False,False,1087,False,False,False,False,False,False,1,0,0,0,0,False,False,,,,
785096,14,7.07,16.0,0.0,0.0,99.0,3.0,16.0,30352,,16872,Sri Lanka v New Zealand T20Is - Women,1,62,New Zealand Women,77,Sri Lanka Women,2023-07-12T10:54:48Z,1,False,1863,Kavisha Dilhari,664,Maddy Green,408,Sophie Devine,139,76,Short Third Man,1,0,1,1,LengthBall,Null,NotOut,Played,0,ReverseSweep,Null,Over,OffSpin,Right,Null,NotReferred,Null,False,False,False,False,False,False,1109,False,False,False,False,False,False,1,0,0,0,0,False,False,,,,
785096,14,7.07,16.0,0.0,0.0,99.0,3.0,16.0,30352,,16872,Sri Lanka v New Zealand T20Is - Women,1,62,New Zealand Women,77,Sri Lanka Women,2023-07-12T10:55:18Z,2,False,1863,Kavisha Dilhari,408,Sophie Devine,664,Maddy Green,337,215,Deep Mid Wicket,6,0,6,6,LengthBall,Null,NotOut,HitHard,0,Slog,Null,Over,OffSpin,Right,Null,NotReferred,Null,False,False,False,False,True,False,1109,False,False,False,False,False,False,6,0,0,0,0,False,True,,,,
785096,14,7.07,16.0,0.0,0.0,99.0,3.0,16.0,30352,,16872,Sri Lanka v New Zealand T20Is - Women,1,62,New Zealand Women,77,Sri Lanka Women,2023-07-12T10:56:11Z,3,False,1863,Kavisha Dilhari,408,Sophie Devine,664,Maddy Green,300,209,Long On,6,0,6,6,LengthBall,Null,NotOut,HitHard,0,Slog,Null,Round,OffSpin,Right,Null,NotReferred,Null,False,False,False,False,True,False,1109,False,False,False,False,False,False,6,0,0,0,0,False,True,,,,
785096,14,7.07,16.0,0.0,0.0,99.0,3.0,16.0,30352,,16872,Sri Lanka v New Zealand T20Is - Women,1,62,New Zealand Women,77,Sri Lanka Women,2023-07-12T10:56:56Z,4,False,1863,Kavisha Dilhari,408,Sophie Devine,664,Maddy Green,302,146,Long On,1,0,1,1,LengthBall,Null,NotOut,Played,0,Worked,Null,Round,OffSpin,Right,Null,NotReferred,Null,False,False,False,False,False,False,1109,False,False,False,False,False,False,1,0,0,0,0,False,False,,,,
785096,14,7.07,16.0,0.0,0.0,99.0,3.0,16.0,30352,,16872,Sri Lanka v New Zealand T20Is - Women,1,62,New Zealand Women,77,Sri Lanka Women,2023-07-12T10:57:35Z,5,False,1863,Kavisha Dilhari,664,Maddy Green,408,Sophie Devine,338,158,Deep Mid Wicket,1,0,1,1,LengthBall,Null,NotOut,MisTimed,0,Slog,Null,Over,OffSpin,Right,Null,NotReferred,Null,False,False,False,False,False,False,1109,False,False,False,False,False,False,1,0,0,0,0,False,False,,,,
785096,14,7.07,16.0,0.0,0.0,99.0,3.0,16.0,30352,,16872,Sri Lanka v New Zealand T20Is - Women,1,62,New Zealand Women,77,Sri Lanka Women,2023-07-12T10:58:02Z,6,False,1863,Kavisha Dilhari,408,Sophie Devine,664,Maddy Green,341,160,Deep Mid Wicket,1,0,1,1,FullToss,Null,NotOut,Played,0,Worked,Null,Over,OffSpin,Right,Null,NotReferred,Null,False,False,False,False,False,False,1109,False,False,False,False,False,False,1,0,0,0,0,False,False,,,,
785097,15,7.0,4.0,1.0,1.0,105.0,4.0,5.0,30352,,16872,Sri Lanka v New Zealand T20Is - Women,1,62,New Zealand Women,77,Sri Lanka Women,2023-07-12T10:59:16Z,1,False,12295,Kawya Kavindi,408,Sophie Devine,664,Maddy Green,240,85,Mid Off,1,0,1,1,LengthBall,Null,NotOut,Played,0,Drive,Null,Over,Medium,Right,Null,NotReferred,Null,False,False,False,False,False,False,1087,False,False,False,False,False,False,1,0,0,0,0,False,False,,,,
785097,15,7.0,4.0,1.0,1.0,105.0,4.0,5.0,30352,,16872,Sri Lanka v New Zealand T20Is - Women,1,62,New Zealand Women,77,Sri Lanka Women,2023-07-12T10:59:59Z,2,False,12295,Kawya Kavindi,664,Maddy Green,408,Sophie Devine,190,42,Point,0,1,1,0,LengthBall,Null,Lbw,HitPad,0,Worked,Null,Over,Medium,Right,NotOut2ndUmpire,NotReferred,Null,False,False,False,True,False,True,1087,False,False,False,False,False,False,0,0,0,1,0,False,False,,,,
785097,15,7.0,4.0,1.0,1.0,105.0,4.0,5.0,30352,,16872,Sri Lanka v New Zealand T20Is - Women,1,62,New Zealand Women,77,Sri Lanka Women,2023-07-12T11:00:28Z,3,False,12295,Kawya Kavindi,408,Sophie Devine,664,Maddy Green,295,40,Silly Mid On,0,0,0,0,LengthBall,Null,NotOut,HitPad,0,Slog,Null,Over,Medium,Right,Null,NotReferred,Null,False,False,False,False,False,False,1087,False,False,False,False,False,False,0,0,0,0,0,False,False,,,,
785097,15,7.0,4.0,1.0,1.0,105.0,4.0,5.0,30352,,16872,Sri Lanka v New Zealand T20Is - Women,1,62,New Zealand Women,77,Sri Lanka Women,2023-07-12T11:01:07Z,4,False,12295,Kawya Kavindi,408,Sophie Devine,664,Maddy Green,288,138,Long On,1,0,1,1,LengthBall,Null,NotOut,Played,0,Slog,Null,Over,Medium,Right,Null,NotReferred,Null,False,False,False,False,True,False,1087,False,False,False,False,False,False,1,0,0,0,0,False,False,,,,
785097,15,7.0,4.0,1.0,1.0,105.0,4.0,5.0,30352,,16872,Sri Lanka v New Zealand T20Is - Women,1,62,New Zealand Women,77,Sri Lanka Women,2023-07-12T11:01:39Z,5,False,12295,Kawya Kavindi,664,Maddy Green,408,Sophie Devine,334,163,Deep Mid Wicket,2,0,2,2,HalfVolley,Null,NotOut,Played,0,Worked,Null,Over,Medium,Right,Null,NotReferred,Null,False,False,False,False,False,False,1087,False,False,False,False,False,False,2,0,0,0,0,False,False,,,,
785097,15,7.0,4.0,1.0,1.0,105.0,4.0,5.0,30352,,16872,Sri Lanka v New Zealand T20Is - Women,1,62,New Zealand Women,77,Sri Lanka Women,2023-07-12T11:02:18Z,6,True,12295,Kawya Kavindi,664,Maddy Green,408,Sophie Devine,251,83,Mid Off,0,0,0,0,LengthBall,Null,NotOut,MisTimed,0,Drive,Null,Over,Medium,Right,Out2ndUmpire,NotReferred,Null,False,False,False,False,False,False,1087,False,False,False,False,False,False,0,0,0,0,0,False,False,Caught,664.0,Maddy Green,Caught
785098,16,7.19,11.0,0.0,1.0,115.0,4.0,11.0,30352,,16872,Sri Lanka v New Zealand T20Is - Women,1,62,New Zealand Women,77,Sri Lanka Women,2023-07-12T11:03:36Z,1,False,1863,Kavisha Dilhari,408,Sophie Devine,7167,Georgia Plimmer,90,48,Wicketkeeper,1,1,1,0,HalfVolley,Null,NotOut,NoShot,0,Leave,Null,Round,OffSpin,Right,Null,NotReferred,Null,True,False,False,False,False,False,1109,False,False,False,False,False,False,0,0,1,0,0,False,False,,,,
785098,16,7.19,11.0,0.0,1.0,115.0,4.0,11.0,30352,,16872,Sri Lanka v New Zealand T20Is - Women,1,62,New Zealand Women,77,Sri Lanka Women,2023-07-12T11:04:02Z,1,False,1863,Kavisha Dilhari,408,Sophie Devine,7167,Georgia Plimmer,268,209,Long Off,4,0,4,4,HalfVolley,Null,NotOut,HitHard,0,Drive,Null,Round,OffSpin,Right,Null,NotReferred,Null,False,False,False,False,False,False,1109,False,False,False,False,False,False,4,0,0,0,0,False,False,,,,
785098,16,7.19,11.0,0.0,1.0,115.0,4.0,11.0,30352,,16872,Sri Lanka v New Zealand T20Is - Women,1,62,New Zealand Women,77,Sri Lanka Women,2023-07-12T11:04:49Z,2,False,1863,Kavisha Dilhari,408,Sophie Devine,7167,Georgia Plimmer,332,146,Deep Mid Wicket,1,0,1,1,HalfVolley,Null,NotOut,MisTimed,0,Slog,Null,Round,OffSpin,Right,Null,NotReferred,Null,False,False,False,False,False,False,1109,False,False,False,False,False,False,1,0,0,0,0,False,False,,,,
785098,16,7.19,11.0,0.0,1.0,115.0,4.0,11.0,30352,,16872,Sri Lanka v New Zealand T20Is - Women,1,62,New Zealand Women,77,Sri Lanka Women,2023-07-12T11:05:25Z,3,False,1863,Kavisha Dilhari,7167,Georgia Plimmer,408,Sophie Devine,342,153,Deep Mid Wicket,1,0,1,1,LengthBall,Null,NotOut,Played,0,Worked,Null,Over,OffSpin,Right,Null,NotReferred,Null,False,False,False,False,False,False,1109,False,False,False,False,False,False,1,0,0,0,0,False,False,,,,
785098,16,7.19,11.0,0.0,1.0,115.0,4.0,11.0,30352,,16872,Sri Lanka v New Zealand T20Is - Women,1,62,New Zealand Women,77,Sri Lanka Women,2023-07-12T11:05:59Z,4,False,1863,Kavisha Dilhari,408,Sophie Devine,7167,Georgia Plimmer,246,148,Long Off,1,0,1,1,LengthBall,Null,NotOut,Played,0,Drive,Null,Over,OffSpin,Right,Null,NotReferred,Null,False,False,False,False,False,False,1109,False,False,False,False,False,False,1,0,0,0,0,False,False,,,,
785098,16,7.19,11.0,0.0,1.0,115.0,4.0,11.0,30352,,16872,Sri Lanka v New Zealand T20Is - Women,1,62,New Zealand Women,77,Sri Lanka Women,2023-07-12T11:06:28Z,5,False,1863,Kavisha Dilhari,7167,Georgia Plimmer,408,Sophie Devine,0,147,Deep Square Leg,1,0,1,1,LengthBall,Null,NotOut,Played,0,Worked,Null,Over,OffSpin,Right,Null,NotReferred,Null,False,False,False,False,False,False,1109,False,False,False,False,False,False,1,0,0,0,0,False,False,,,,
785098,16,7.19,11.0,0.0,1.0,115.0,4.0,11.0,30352,,16872,Sri Lanka v New Zealand T20Is - Women,1,62,New Zealand Women,77,Sri Lanka Women,2023-07-12T11:06:54Z,6,False,1863,Kavisha Dilhari,408,Sophie Devine,7167,Georgia Plimmer,244,158,Long Off,2,0,2,2,LengthBall,Null,NotOut,HitHard,0,Drive,Null,Over,OffSpin,Right,Null,NotReferred,Null,False,False,False,False,False,False,1109,False,False,False,False,False,False,2,0,0,0,0,False,False,,,,
785099,17,7.41,10.0,0.0,2.0,126.0,4.0,11.0,30352,,16872,Sri Lanka v New Zealand T20Is - Women,1,62,New Zealand Women,77,Sri Lanka Women,2023-07-12T11:07:56Z,1,False,12295,Kawya Kavindi,7167,Georgia Plimmer,408,Sophie Devine,62,50,Leg Slip,0,1,1,0,LengthBall,Null,NotOut,HitPad,0,Flick,Null,Over,Medium,Right,Null,NotReferred,Null,False,False,False,True,False,False,1087,False,False,False,False,False,False,0,0,0,1,0,False,False,,,,
785099,17,7.41,10.0,0.0,2.0,126.0,4.0,11.0,30352,,16872,Sri Lanka v New Zealand T20Is - Women,1,62,New Zealand Women,77,Sri Lanka Women,2023-07-12T11:08:35Z,2,False,12295,Kawya Kavindi,408,Sophie Devine,7167,Georgia Plimmer,76,200,Fine Leg,5,1,5,4,LengthBall,Null,NotOut,Edged,0,Cut,Null,Over,Medium,Right,Null,NotReferred,FrontFoot,False,True,False,False,False,False,1087,False,False,False,False,False,False,4,0,0,0,1,False,True,,,,
785099,17,7.41,10.0,0.0,2.0,126.0,4.0,11.0,30352,,16872,Sri Lanka v New Zealand T20Is - Women,1,62,New Zealand Women,77,Sri Lanka Women,2023-07-12T11:09:18Z,2,False,12295,Kawya Kavindi,408,Sophie Devine,7167,Georgia Plimmer,234,114,Mid Off,2,0,2,2,LengthBall,Null,NotOut,Played,0,Drive,Null,Over,Medium,Right,Null,NotReferred,Null,False,False,False,False,False,False,1087,True,False,False,False,False,False,2,0,0,0,0,False,False,,,,
785099,17,7.41,10.0,0.0,2.0,126.0,4.0,11.0,30352,,16872,Sri Lanka v New Zealand T20Is - Women,1,62,New Zealand Women,77,Sri Lanka Women,2023-07-12T11:10:01Z,3,False,12295,Kawya Kavindi,408,Sophie Devine,7167,Georgia Plimmer,298,156,Long On,1,0,1,1,LengthBall,Null,NotOut,MisTimed,0,Slog,Null,Over,Medium,Right,Null,NotReferred,Null,False,False,False,False,False,False,1087,False,False,False,False,False,False,1,0,0,0,0,False,False,,,,
785099,17,7.41,10.0,0.0,2.0,126.0,4.0,11.0,30352,,16872,Sri Lanka v New Zealand T20Is - Women,1,62,New Zealand Women,77,Sri Lanka Women,2023-07-12T11:10:30Z,4,False,12295,Kawya Kavindi,7167,Georgia Plimmer,408,Sophie Devine,270,40,Bowler,0,0,0,0,LengthBall,Null,NotOut,HitPad,0,Flick,Null,Over,Medium,Right,Null,NotReferred,Null,False,False,False,False,False,False,1087,False,False,False,False,False,False,0,0,0,0,0,False,False,,,,
785099,17,7.41,10.0,0.0,2.0,126.0,4.0,11.0,30352,,16872,Sri Lanka v New Zealand T20Is - Women,1,62,New Zealand Women,77,Sri Lanka Women,2023-07-12T11:11:02Z,5,False,12295,Kawya Kavindi,7167,Georgia Plimmer,408,Sophie Devine,287,150,Long On,1,0,1,1,HalfVolley,Null,NotOut,Played,0,Worked,Null,Over,Medium,Right,Null,NotReferred,Null,False,False,False,False,False,False,1087,False,False,False,False,False,False,1,0,0,0,0,False,False,,,,
785099,17,7.41,10.0,0.0,2.0,126.0,4.0,11.0,30352,,16872,Sri Lanka v New Zealand T20Is - Women,1,62,New Zealand Women,77,Sri Lanka Women,2023-07-12T11:11:31Z,6,False,12295,Kawya Kavindi,408,Sophie Devine,7167,Georgia Plimmer,244,92,Mid Off,1,0,1,1,LengthBall,Null,NotOut,Played,0,Drive,Null,Over,Medium,Right,Null,NotReferred,Null,False,False,False,False,False,False,1087,False,False,False,False,False,False,1,0,0,0,0,False,False,,,,
785100,18,7.5,9.0,1.0,0.0,135.0,5.0,9.0,30352,,16872,Sri Lanka v New Zealand T20Is - Women,1,62,New Zealand Women,77,Sri Lanka Women,2023-07-12T11:12:57Z,1,False,1865,Inoshi Fernando,408,Sophie Devine,7167,Georgia Plimmer,214,48,Short Extra Cover,1,0,1,1,LengthBall,Null,NotOut,MisTimed,0,Slog,Null,Over,OffSpin,Right,Null,NotReferred,Null,False,False,False,False,False,False,1109,False,False,False,False,False,False,1,0,0,0,0,False,False,,,,
785100,18,7.5,9.0,1.0,0.0,135.0,5.0,9.0,30352,,16872,Sri Lanka v New Zealand T20Is - Women,1,62,New Zealand Women,77,Sri Lanka Women,2023-07-12T11:13:35Z,2,True,1865,Inoshi Fernando,7167,Georgia Plimmer,408,Sophie Devine,90,48,Wicketkeeper,0,0,0,0,LengthBall,Null,NotOut,Missed,0,Drive,Null,Over,OffSpin,Right,Out2ndUmpire,NotReferred,Null,False,False,False,False,False,False,1087,False,False,False,False,False,False,0,0,0,0,0,False,False,Stumped,7167.0,Georgia Plimmer,Stumped
785100,18,7.5,9.0,1.0,0.0,135.0,5.0,9.0,30352,,16872,Sri Lanka v New Zealand T20Is - Women,1,62,New Zealand Women,77,Sri Lanka Women,2023-07-12T11:15:08Z,3,False,1865,Inoshi Fernando,7203,Brooke Halliday,408,Sophie Devine,163,146,Deep Backward Square Leg,1,0,1,1,LengthBall,Null,NotOut,Played,0,Sweep,Null,Round,OffSpin,Right,Null,NotReferred,Null,False,False,False,False,False,False,1109,False,False,False,False,False,False,1,0,0,0,0,False,False,,,,
785100,18,7.5,9.0,1.0,0.0,135.0,5.0,9.0,30352,,16872,Sri Lanka v New Zealand T20Is - Women,1,62,New Zealand Women,77,Sri Lanka Women,2023-07-12T11:15:34Z,4,False,1865,Inoshi Fernando,408,Sophie Devine,7203,Brooke Halliday,359,190,Deep Square Leg,6,0,6,6,LengthBall,Null,NotOut,HitHard,0,SlogSweep,Null,Over,OffSpin,Right,Null,NotReferred,Null,False,False,False,False,True,False,1109,False,False,False,False,False,False,6,0,0,0,0,False,True,,,,
785100,18,7.5,9.0,1.0,0.0,135.0,5.0,9.0,30352,,16872,Sri Lanka v New Zealand T20Is - Women,1,62,New Zealand Women,77,Sri Lanka Women,2023-07-12T11:16:11Z,5,False,1865,Inoshi Fernando,408,Sophie Devine,7203,Brooke Halliday,244,147,Long Off,1,0,1,1,LengthBall,Null,NotOut,Played,0,Cut,Null,Over,OffSpin,Right,Null,NotReferred,Null,False,False,False,False,False,False,1109,False,False,False,False,False,False,1,0,0,0,0,False,False,,,,
785100,18,7.5,9.0,1.0,0.0,135.0,5.0,9.0,30352,,16872,Sri Lanka v New Zealand T20Is - Women,1,62,New Zealand Women,77,Sri Lanka Women,2023-07-12T11:16:39Z,6,False,1865,Inoshi Fernando,7203,Brooke Halliday,408,Sophie Devine,154,14,Short Leg,0,0,0,0,LengthBall,Null,NotOut,HitPad,0,Worked,Null,Round,OffSpin,Right,Null,NotReferred,Null,False,False,False,False,False,False,1109,False,False,False,False,False,False,0,0,0,0,0,False,False,,,,
785101,19,7.26,3.0,2.0,0.0,138.0,7.0,3.0,30352,,16872,Sri Lanka v New Zealand T20Is - Women,1,62,New Zealand Women,77,Sri Lanka Women,2023-07-12T11:17:49Z,1,True,968,Inoka Ranaweera,408,Sophie Devine,7203,Brooke Halliday,289,150,Long On,0,0,0,0,LengthBall,Null,NotOut,MisTimed,0,Slog,Null,Round,Orthodox,Left,Out2ndUmpire,NotReferred,Null,False,False,False,False,False,False,1087,False,False,False,False,False,False,0,0,0,0,0,False,False,Caught,408.0,Sophie Devine,Caught
785101,19,7.26,3.0,2.0,0.0,138.0,7.0,3.0,30352,,16872,Sri Lanka v New Zealand T20Is - Women,1,62,New Zealand Women,77,Sri Lanka Women,2023-07-12T11:19:02Z,2,True,968,Inoka Ranaweera,813,Hannah Rowe,7203,Brooke Halliday,270,40,Bowler,0,0,0,0,HalfVolley,Null,NotOut,MisTimed,0,Drive,Null,Round,Orthodox,Left,Out2ndUmpire,NotReferred,Null,False,False,False,False,False,False,1087,False,False,False,False,False,False,0,0,0,0,0,False,False,CaughtAndBowled,813.0,Hannah Rowe,Caught and bowled
785101,19,7.26,3.0,2.0,0.0,138.0,7.0,3.0,30352,,16872,Sri Lanka v New Zealand T20Is - Women,1,62,New Zealand Women,77,Sri Lanka Women,2023-07-12T11:20:20Z,3,False,968,Inoka Ranaweera,7205,Molly Penfold,7203,Brooke Halliday,344,81,Mid Wicket,1,0,1,1,LengthBall,Null,NotOut,Played,0,Worked,Null,Round,Orthodox,Left,Null,NotReferred,Null,False,False,False,False,False,False,1087,False,False,False,False,False,False,1,0,0,0,0,False,False,,,,
785101,19,7.26,3.0,2.0,0.0,138.0,7.0,3.0,30352,,16872,Sri Lanka v New Zealand T20Is - Women,1,62,New Zealand Women,77,Sri Lanka Women,2023-07-12T11:21:15Z,4,False,968,Inoka Ranaweera,7203,Brooke Halliday,7205,Molly Penfold,247,153,Long On,1,0,1,1,LengthBall,Null,NotOut,MisTimed,0,Drive,Null,Over,Orthodox,Left,Null,NotReferred,Null,False,False,False,False,False,False,1087,False,False,False,False,False,False,1,0,0,0,0,False,False,,,,
785101,19,7.26,3.0,2.0,0.0,138.0,7.0,3.0,30352,,16872,Sri Lanka v New Zealand T20Is - Women,1,62,New Zealand Women,77,Sri Lanka Women,2023-07-12T11:21:49Z,5,False,968,Inoka Ranaweera,7205,Molly Penfold,7203,Brooke Halliday,217,65,Short Extra Cover,0,0,0,0,LengthBall,Null,NotOut,Edged,0,Worked,Null,Round,Orthodox,Left,Null,NotReferred,Null,False,False,False,False,False,False,1087,False,False,False,False,False,False,0,0,0,0,0,False,False,,,,
785101,19,7.26,3.0,2.0,0.0,138.0,7.0,3.0,30352,,16872,Sri Lanka v New Zealand T20Is - Women,1,62,New Zealand Women,77,Sri Lanka Women,2023-07-12T11:22:16Z,6,False,968,Inoka Ranaweera,7205,Molly Penfold,7203,Brooke Halliday,301,48,Silly Mid On,1,0,1,1,LengthBall,Null,NotOut,Played,0,Worked,Null,Round,Orthodox,Left,Null,NotReferred,Null,False,False,False,False,False,False,1087,False,False,False,False,False,False,1,0,0,0,0,False,False,,,,
785102,20,7.0,2.0,2.0,0.0,140.0,9.0,2.0,30352,,16872,Sri Lanka v New Zealand T20Is - Women,1,62,New Zealand Women,77,Sri Lanka Women,2023-07-12T11:23:20Z,1,False,1128,Sugandika Kumari,7205,Molly Penfold,7203,Brooke Halliday,211,55,Short Extra Cover,0,0,0,0,LengthBall,Null,NotOut,Played,0,Drive,Null,Round,Orthodox,Left,Null,NotReferred,Null,False,False,False,False,False,False,1109,False,False,False,False,False,False,0,0,0,0,0,False,False,,,,
785102,20,7.0,2.0,2.0,0.0,140.0,9.0,2.0,30352,,16872,Sri Lanka v New Zealand T20Is - Women,1,62,New Zealand Women,77,Sri Lanka Women,2023-07-12T11:23:48Z,2,False,1128,Sugandika Kumari,7205,Molly Penfold,7203,Brooke Halliday,215,89,Extra Cover,0,0,0,0,LengthBall,Null,NotOut,Played,0,Drive,Null,Round,Orthodox,Left,Null,NotReferred,Null,False,False,False,False,False,False,1109,False,False,False,False,False,False,0,0,0,0,0,False,False,,,,
785102,20,7.0,2.0,2.0,0.0,140.0,9.0,2.0,30352,,16872,Sri Lanka v New Zealand T20Is - Women,1,62,New Zealand Women,77,Sri Lanka Women,2023-07-12T11:24:07Z,3,True,1128,Sugandika Kumari,7205,Molly Penfold,7203,Brooke Halliday,324,22,Short Leg,0,0,0,0,LengthBall,Null,NotOut,HitPad,0,Slog,Null,Round,Orthodox,Left,Out1stUmpire,NotReferred,Null,False,False,False,False,False,False,1109,False,False,False,False,False,False,0,0,0,0,0,False,False,RunOut,7205.0,Molly Penfold,Run out
785102,20,7.0,2.0,2.0,0.0,140.0,9.0,2.0,30352,,16872,Sri Lanka v New Zealand T20Is - Women,1,62,New Zealand Women,77,Sri Lanka Women,2023-07-12T11:25:25Z,4,True,1128,Sugandika Kumari,7203,Brooke Halliday,7182,Eden Carson,261,153,Long On,0,0,0,0,LengthBall,Null,NotOut,MisTimed,0,SlogSweep,Null,Over,Orthodox,Left,Out1stUmpire,NotReferred,Null,False,False,False,False,False,False,1109,False,False,False,False,False,False,0,0,0,0,0,False,False,Caught,7203.0,Brooke Halliday,Caught
785102,20,7.0,2.0,2.0,0.0,140.0,9.0,2.0,30352,,16872,Sri Lanka v New Zealand T20Is - Women,1,62,New Zealand Women,77,Sri Lanka Women,2023-07-12T11:26:37Z,5,False,1128,Sugandika Kumari,7166,Fran Jonas,7182,Eden Carson,90,48,Wicketkeeper,0,0,0,0,LengthBall,Null,NotOut,Missed,0,Pull,Null,Over,Orthodox,Left,Null,NotReferred,Null,False,False,False,False,False,False,1109,False,False,False,False,False,False,0,0,0,0,0,False,False,,,,
785102,20,7.0,2.0,2.0,0.0,140.0,9.0,2.0,30352,,16872,Sri Lanka v New Zealand T20Is - Women,1,62,New Zealand Women,77,Sri Lanka Women,2023-07-12T11:26:56Z,6,False,1128,Sugandika Kumari,7166,Fran Jonas,7182,Eden Carson,316,167,Long On,2,0,2,2,LengthBall,Null,NotOut,MisTimed,0,Slog,Null,Over,Orthodox,Left,Null,NotReferred,Null,False,False,False,False,False,False,1109,False,False,False,False,False,False,2,0,0,0,0,False,False,,,,
785103,1,13.0,11.0,0.0,0.0,13.0,0.0,11.0,30353,,16872,Sri Lanka v New Zealand T20Is - Women,2,77,Sri Lanka Women,62,New Zealand Women,2023-07-12T11:38:03Z,1,False,7182,Eden Carson,740,Harshitha Samarawickrama,421,Chamari Athapaththu,357,83,Point,0,0,0,0,LengthBall,Null,NotOut,Played,0,Pushed,Null,Over,OffSpin,Right,Null,NotReferred,Null,False,False,False,False,False,False,1109,False,True,True,False,False,False,0,0,0,0,0,False,False,,,,
785103,1,13.0,11.0,0.0,0.0,13.0,0.0,11.0,30353,,16872,Sri Lanka v New Zealand T20Is - Women,2,77,Sri Lanka Women,62,New Zealand Women,2023-07-12T11:38:23Z,2,False,7182,Eden Carson,740,Harshitha Samarawickrama,421,Chamari Athapaththu,225,117,Mid On,1,0,1,1,LengthBall,Null,NotOut,Played,0,Worked,Null,Over,OffSpin,Right,Null,NotReferred,Null,False,False,False,False,False,False,1109,False,False,True,False,False,False,1,0,0,0,0,False,False,,,,
785103,1,13.0,11.0,0.0,0.0,13.0,0.0,11.0,30353,,16872,Sri Lanka v New Zealand T20Is - Women,2,77,Sri Lanka Women,62,New Zealand Women,2023-07-12T11:38:53Z,3,False,7182,Eden Carson,421,Chamari Athapaththu,740,Harshitha Samarawickrama,90,48,Wicketkeeper,0,0,0,0,LengthBall,Null,NotOut,NoShot,0,Leave,Null,Round,OffSpin,Right,Null,NotReferred,Null,False,False,False,False,False,False,1109,False,False,True,False,False,False,0,0,0,0,0,False,False,,,,
785103,1,13.0,11.0,0.0,0.0,13.0,0.0,11.0,30353,,16872,Sri Lanka v New Zealand T20Is - Women,2,77,Sri Lanka Women,62,New Zealand Women,2023-07-12T11:39:09Z,4,False,7182,Eden Carson,421,Chamari Athapaththu,740,Harshitha Samarawickrama,247,198,Long On,6,0,6,6,LengthBall,Null,NotOut,HitHard,0,Slog,Null,Round,OffSpin,Right,Null,NotReferred,Null,False,False,False,False,True,False,1109,False,False,True,False,False,False,6,0,0,0,0,False,True,,,,
785103,1,13.0,11.0,0.0,0.0,13.0,0.0,11.0,30353,,16872,Sri Lanka v New Zealand T20Is - Women,2,77,Sri Lanka Women,62,New Zealand Women,2023-07-12T11:39:36Z,5,False,7182,Eden Carson,421,Chamari Athapaththu,740,Harshitha Samarawickrama,90,48,Wicketkeeper,0,0,0,0,LengthBall,Null,NotOut,Missed,0,Cut,Null,Round,OffSpin,Right,Null,NotReferred,Null,False,False,False,False,False,False,1109,False,False,True,False,False,False,0,0,0,0,0,False,False,,,,
785103,1,13.0,11.0,0.0,0.0,13.0,0.0,11.0,30353,,16872,Sri Lanka v New Zealand T20Is - Women,2,77,Sri Lanka Women,62,New Zealand Women,2023-07-12T11:39:55Z,6,False,7182,Eden Carson,421,Chamari Athapaththu,740,Harshitha Samarawickrama,18,189,Deep Backward Point,4,0,4,4,LengthBall,Null,NotOut,HitHard,0,Drive,Null,Round,OffSpin,Right,Null,NotReferred,Null,False,False,False,False,False,False,1109,False,False,True,False,False,False,4,0,0,0,0,False,True,,,,
785104,2,13.0,15.0,0.0,4.0,26.0,0.0,15.0,30353,,16872,Sri Lanka v New Zealand T20Is - Women,2,77,Sri Lanka Women,62,New Zealand Women,2023-07-12T11:41:10Z,1,False,813,Hannah Rowe,740,Harshitha Samarawickrama,421,Chamari Athapaththu,75,75,Short Third Man,2,2,2,0,BackOfALength,Null,NotOut,MissedLegSide,0,Glance,Null,Over,Medium,Right,Null,NotReferred,Null,True,False,False,False,False,False,1087,False,False,True,False,False,False,0,0,2,0,0,False,False,,,,
785104,2,13.0,15.0,0.0,4.0,26.0,0.0,15.0,30353,,16872,Sri Lanka v New Zealand T20Is - Women,2,77,Sri Lanka Women,62,New Zealand Women,2023-07-12T11:41:51Z,1,False,813,Hannah Rowe,421,Chamari Athapaththu,740,Harshitha Samarawickrama,329,90,Extra Cover,1,0,1,1,LengthBall,Null,NotOut,Played,0,Pushed,Null,Over,Medium,Right,Null,NotReferred,Null,False,False,False,False,False,False,1087,False,False,True,False,False,False,1,0,0,0,0,False,False,,,,
785104,2,13.0,15.0,0.0,4.0,26.0,0.0,15.0,30353,,16872,Sri Lanka v New Zealand T20Is - Women,2,77,Sri Lanka Women,62,New Zealand Women,2023-07-12T11:42:20Z,2,False,813,Hannah Rowe,740,Harshitha Samarawickrama,421,Chamari Athapaththu,326,198,Deep Extra Cover,4,0,4,4,FullToss,Null,NotOut,HitHard,0,Drive,Null,Over,Medium,Right,Null,NotReferred,Null,False,False,False,False,False,False,1087,False,False,True,False,False,False,4,0,0,0,0,False,False,,,,
785104,2,13.0,15.0,0.0,4.0,26.0,0.0,15.0,30353,,16872,Sri Lanka v New Zealand T20Is - Women,2,77,Sri Lanka Women,62,New Zealand Women,2023-07-12T11:42:58Z,3,False,813,Hannah Rowe,740,Harshitha Samarawickrama,421,Chamari Athapaththu,90,48,Wicketkeeper,1,1,1,0,LengthBall,Null,NotOut,MissedLegSide,0,Glance,Null,Over,Medium,Right,Null,NotReferred,Null,True,False,False,False,False,False,1087,False,False,True,False,False,False,0,0,1,0,0,False,False,,,,
785104,2,13.0,15.0,0.0,4.0,26.0,0.0,15.0,30353,,16872,Sri Lanka v New Zealand T20Is - Women,2,77,Sri Lanka Women,62,New Zealand Women,2023-07-12T11:43:31Z,3,False,813,Hannah Rowe,740,Harshitha Samarawickrama,421,Chamari Athapaththu,153,129,Fine Leg,1,0,1,1,BackOfALength,Null,NotOut,Played,0,Pull,Null,Over,Medium,Right,Null,NotReferred,Null,False,False,False,False,False,False,1087,False,False,True,False,False,False,1,0,0,0,0,False,False,,,,
785104,2,13.0,15.0,0.0,4.0,26.0,0.0,15.0,30353,,16872,Sri Lanka v New Zealand T20Is - Women,2,77,Sri Lanka Women,62,New Zealand Women,2023-07-12T11:44:03Z,4,False,813,Hannah Rowe,421,Chamari Athapaththu,740,Harshitha Samarawickrama,122,79,Short Fine Leg,0,0,0,0,Short,Null,NotOut,MisTimed,0,Pull,Null,Over,Medium,Right,Null,NotReferred,Null,False,False,False,False,False,False,1087,False,False,True,False,False,False,0,0,0,0,0,False,False,,,,
785104,2,13.0,15.0,0.0,4.0,26.0,0.0,15.0,30353,,16872,Sri Lanka v New Zealand T20Is - Women,2,77,Sri Lanka Women,62,New Zealand Women,2023-07-12T11:44:35Z,5,False,813,Hannah Rowe,421,Chamari Athapaththu,740,Harshitha Samarawickrama,90,48,Wicketkeeper,1,1,1,0,LengthBall,Null,NotOut,MissedLegSide,0,Slog,SlowerBall,Over,Medium,Right,Null,NotReferred,Null,True,False,False,False,False,False,1087,False,False,True,False,False,False,0,0,1,0,0,False,False,,,,
785104,2,13.0,15.0,0.0,4.0,26.0,0.0,15.0,30353,,16872,Sri Lanka v New Zealand T20Is - Women,2,77,Sri Lanka Women,62,New Zealand Women,2023-07-12T11:45:12Z,5,False,813,Hannah Rowe,421,Chamari Athapaththu,740,Harshitha Samarawickrama,159,186,Deep Backward Square Leg,4,0,4,4,BackOfALength,Null,NotOut,MisTimed,0,Pull,Null,Over,Medium,Right,Null,NotReferred,Null,False,False,False,False,False,False,1087,False,False,True,False,False,False,4,0,0,0,0,False,False,,,,
785104,2,13.0,15.0,0.0,4.0,26.0,0.0,15.0,30353,,16872,Sri Lanka v New Zealand T20Is - Women,2,77,Sri Lanka Women,62,New Zealand Women,2023-07-12T11:45:53Z,6,False,813,Hannah Rowe,421,Chamari Athapaththu,740,Harshitha Samarawickrama,214,28,Short Leg,1,0,1,1,LengthBall,Null,NotOut,Edged,0,Worked,Null,Over,Medium,Right,Null,NotReferred,Null,False,False,False,False,False,False,1087,False,False,True,False,False,False,1,0,0,0,0,False,False,,,,
785105,3,13.67,15.0,0.0,3.0,41.0,0.0,15.0,30353,,16872,Sri Lanka v New Zealand T20Is - Women,2,77,Sri Lanka Women,62,New Zealand Women,2023-07-12T11:47:00Z,1,False,7205,Molly Penfold,421,Chamari Athapaththu,740,Harshitha Samarawickrama,135,204,Fine Leg,4,0,4,4,Short,Null,NotOut,HitHard,0,Pull,Null,Over,Fast,Right,Null,NotReferred,Null,False,False,False,False,True,False,1109,False,False,True,False,False,False,4,0,0,0,0,False,True,,,,
785105,3,13.67,15.0,0.0,3.0,41.0,0.0,15.0,30353,,16872,Sri Lanka v New Zealand T20Is - Women,2,77,Sri Lanka Women,62,New Zealand Women,2023-07-12T11:47:40Z,2,False,7205,Molly Penfold,421,Chamari Athapaththu,740,Harshitha Samarawickrama,291,79,Mid Off,0,0,0,0,LengthBall,Null,NotOut,Played,0,Pushed,Null,Over,Fast,Right,Null,NotReferred,Null,False,False,False,False,False,False,1109,False,False,True,False,False,False,0,0,0,0,0,False,False,,,,
785105,3,13.67,15.0,0.0,3.0,41.0,0.0,15.0,30353,,16872,Sri Lanka v New Zealand T20Is - Women,2,77,Sri Lanka Women,62,New Zealand Women,2023-07-12T11:48:10Z,3,False,7205,Molly Penfold,421,Chamari Athapaththu,740,Harshitha Samarawickrama,90,48,Wicketkeeper,1,1,1,0,BackOfALength,Null,NotOut,Missed,0,Cut,Null,Over,Fast,Right,Null,NotReferred,Null,True,False,False,False,False,False,1109,False,False,True,False,False,False,0,0,1,0,0,False,False,,,,
785105,3,13.67,15.0,0.0,3.0,41.0,0.0,15.0,30353,,16872,Sri Lanka v New Zealand T20Is - Women,2,77,Sri Lanka Women,62,New Zealand Women,2023-07-12T11:48:40Z,3,False,7205,Molly Penfold,421,Chamari Athapaththu,740,Harshitha Samarawickrama,15,88,Backward Point,0,0,0,0,BackOfALength,Null,NotOut,Played,0,Pushed,Null,Over,Fast,Right,Null,NotReferred,Null,False,False,False,False,False,False,1109,False,False,True,False,False,False,0,0,0,0,0,False,False,,,,
785105,3,13.67,15.0,0.0,3.0,41.0,0.0,15.0,30353,,16872,Sri Lanka v New Zealand T20Is - Women,2,77,Sri Lanka Women,62,New Zealand Women,2023-07-12T11:49:11Z,4,False,7205,Molly Penfold,421,Chamari Athapaththu,740,Harshitha Samarawickrama,90,48,Wicketkeeper,1,1,1,0,LengthBall,Null,NotOut,MissedLegSide,0,Glance,Null,Over,Fast,Right,Null,NotReferred,Null,True,False,False,False,False,False,1109,False,False,True,False,False,False,0,0,1,0,0,False,False,,,,
785105,3,13.67,15.0,0.0,3.0,41.0,0.0,15.0,30353,,16872,Sri Lanka v New Zealand T20Is - Women,2,77,Sri Lanka Women,62,New Zealand Women,2023-07-12T11:49:45Z,4,False,7205,Molly Penfold,421,Chamari Athapaththu,740,Harshitha Samarawickrama,90,48,Wicketkeeper,1,1,1,0,LengthBall,Null,NotOut,NoShot,0,Leave,Null,Over,Fast,Right,Null,NotReferred,Null,True,False,False,False,False,False,1109,False,False,True,False,False,False,0,0,1,0,0,False,False,,,,
785105,3,13.67,15.0,0.0,3.0,41.0,0.0,15.0,30353,,16872,Sri Lanka v New Zealand T20Is - Women,2,77,Sri Lanka Women,62,New Zealand Women,2023-07-12T11:50:19Z,4,False,7205,Molly Penfold,421,Chamari Athapaththu,740,Harshitha Samarawickrama,111,187,Fine Leg,4,0,4,4,Short,Null,NotOut,Edged,0,Pull,Null,Over,Fast,Right,Null,NotReferred,Null,False,False,False,False,False,False,1109,False,False,True,False,False,False,4,0,0,0,0,False,False,,,,
785105,3,13.67,15.0,0.0,3.0,41.0,0.0,15.0,30353,,16872,Sri Lanka v New Zealand T20Is - Women,2,77,Sri Lanka Women,62,New Zealand Women,2023-07-12T11:50:59Z,5,False,7205,Molly Penfold,421,Chamari Athapaththu,740,Harshitha Samarawickrama,325,195,Deep Extra Cover,4,0,4,4,LengthBall,Null,NotOut,HitHard,0,Drive,Null,Over,Fast,Right,Null,NotReferred,Null,False,False,False,False,True,False,1109,False,False,True,False,False,False,4,0,0,0,0,False,False,,,,
785105,3,13.67,15.0,0.0,3.0,41.0,0.0,15.0,30353,,16872,Sri Lanka v New Zealand T20Is - Women,2,77,Sri Lanka Women,62,New Zealand Women,2023-07-12T11:51:43Z,6,False,7205,Molly Penfold,421,Chamari Athapaththu,740,Harshitha Samarawickrama,219,75,Mid Wicket,0,0,0,0,LengthBall,Null,NotOut,Played,0,Worked,Null,Over,Fast,Right,Null,NotReferred,Null,False,False,False,False,False,False,1109,False,False,True,False,False,False,0,0,0,0,0,False,False,,,,
785106,4,12.25,8.0,0.0,1.0,49.0,0.0,8.0,30353,,16872,Sri Lanka v New Zealand T20Is - Women,2,77,Sri Lanka Women,62,New Zealand Women,2023-07-12T11:52:37Z,1,False,408,Sophie Devine,740,Harshitha Samarawickrama,421,Chamari Athapaththu,211,45,Short Mid Wicket,1,0,1,1,LengthBall,Null,NotOut,Played,0,Worked,Null,Over,Medium,Right,Null,NotReferred,Null,False,False,False,False,False,False,1087,False,False,True,False,False,False,1,0,0,0,0,False,False,,,,
785106,4,12.25,8.0,0.0,1.0,49.0,0.0,8.0,30353,,16872,Sri Lanka v New Zealand T20Is - Women,2,77,Sri Lanka Women,62,New Zealand Women,2023-07-12T11:53:17Z,2,False,408,Sophie Devine,421,Chamari Athapaththu,740,Harshitha Samarawickrama,90,48,Wicketkeeper,1,1,1,0,Short,Null,NotOut,Missed,0,Pull,SlowerBall,Over,Medium,Right,Null,NotReferred,Null,True,False,False,False,False,False,1087,False,False,True,False,False,False,0,0,1,0,0,False,False,,,,
785106,4,12.25,8.0,0.0,1.0,49.0,0.0,8.0,30353,,16872,Sri Lanka v New Zealand T20Is - Women,2,77,Sri Lanka Women,62,New Zealand Women,2023-07-12T11:53:41Z,2,False,408,Sophie Devine,421,Chamari Athapaththu,740,Harshitha Samarawickrama,327,94,Extra Cover,1,0,1,1,BackOfALength,Null,NotOut,MisTimed,0,Cut,Null,Over,Medium,Right,Null,NotReferred,Null,False,False,False,False,False,False,1087,False,False,True,False,False,False,1,0,0,0,0,False,False,,,,
785106,4,12.25,8.0,0.0,1.0,49.0,0.0,8.0,30353,,16872,Sri Lanka v New Zealand T20Is - Women,2,77,Sri Lanka Women,62,New Zealand Women,2023-07-12T11:54:11Z,3,False,408,Sophie Devine,740,Harshitha Samarawickrama,421,Chamari Athapaththu,3,83,Point,0,0,0,0,LengthBall,Null,NotOut,Played,0,Pushed,Null,Over,Medium,Right,Null,NotReferred,Null,False,False,False,False,False,False,1087,False,False,True,False,False,False,0,0,0,0,0,False,False,,,,
785106,4,12.25,8.0,0.0,1.0,49.0,0.0,8.0,30353,,16872,Sri Lanka v New Zealand T20Is - Women,2,77,Sri Lanka Women,62,New Zealand Women,2023-07-12T11:54:39Z,4,False,408,Sophie Devine,740,Harshitha Samarawickrama,421,Chamari Athapaththu,155,138,Deep Backward Square Leg,1,0,1,1,LengthBall,Null,NotOut,Played,0,Worked,Null,Over,Medium,Right,Null,NotReferred,Null,False,False,False,False,False,False,1087,False,False,True,False,False,False,1,0,0,0,0,False,False,,,,
785106,4,12.25,8.0,0.0,1.0,49.0,0.0,8.0,30353,,16872,Sri Lanka v New Zealand T20Is - Women,2,77,Sri Lanka Women,62,New Zealand Women,2023-07-12T11:55:10Z,5,False,408,Sophie Devine,421,Chamari Athapaththu,740,Harshitha Samarawickrama,237,214,Long On,4,0,4,4,BackOfALength,Null,NotOut,HitHard,0,Pull,Null,Over,Medium,Right,Null,NotReferred,Null,False,False,False,False,False,False,1087,False,False,True,False,False,False,4,0,0,0,0,False,False,,,,
785106,4,12.25,8.0,0.0,1.0,49.0,0.0,8.0,30353,,16872,Sri Lanka v New Zealand T20Is - Women,2,77,Sri Lanka Women,62,New Zealand Women,2023-07-12T11:55:38Z,6,False,408,Sophie Devine,421,Chamari Athapaththu,740,Harshitha Samarawickrama,60,88,Short Third Man,0,0,0,0,LengthBall,Null,NotOut,MisTimed,0,Cut,Null,Over,Medium,Right,Null,NotReferred,Null,False,False,False,False,False,False,1087,False,False,True,False,False,False,0,0,0,0,0,False,False,,,,
785107,5,11.8,10.0,0.0,1.0,59.0,0.0,10.0,30353,,16872,Sri Lanka v New Zealand T20Is - Women,2,77,Sri Lanka Women,62,New Zealand Women,2023-07-12T11:56:34Z,1,False,7182,Eden Carson,740,Harshitha Samarawickrama,421,Chamari Athapaththu,166,85,Backward Square Leg,0,0,0,0,LengthBall,Null,NotOut,HitPad,0,Worked,Null,Round,OffSpin,Right,Null,NotReferred,Null,False,False,False,False,False,False,1109,False,False,True,False,False,False,0,0,0,0,0,False,False,,,,
785107,5,11.8,10.0,0.0,1.0,59.0,0.0,10.0,30353,,16872,Sri Lanka v New Zealand T20Is - Women,2,77,Sri Lanka Women,62,New Zealand Women,2023-07-12T11:56:55Z,2,False,7182,Eden Carson,740,Harshitha Samarawickrama,421,Chamari Athapaththu,169,80,Backward Square Leg,0,0,0,0,BackOfALength,Null,NotOut,MisTimed,0,Pull,Null,Round,OffSpin,Right,Null,NotReferred,Null,False,False,False,False,False,False,1109,False,False,True,False,False,False,0,0,0,0,0,False,False,,,,
785107,5,11.8,10.0,0.0,1.0,59.0,0.0,10.0,30353,,16872,Sri Lanka v New Zealand T20Is - Women,2,77,Sri Lanka Women,62,New Zealand Women,2023-07-12T11:57:16Z,3,False,7182,Eden Carson,740,Harshitha Samarawickrama,421,Chamari Athapaththu,90,48,Wicketkeeper,1,1,1,0,LengthBall,Null,NotOut,MissedLegSide,0,Sweep,Null,Round,OffSpin,Right,Null,NotReferred,Null,True,False,False,False,False,False,1109,False,False,True,False,False,False,0,0,1,0,0,False,False,,,,
785107,5,11.8,10.0,0.0,1.0,59.0,0.0,10.0,30353,,16872,Sri Lanka v New Zealand T20Is - Women,2,77,Sri Lanka Women,62,New Zealand Women,2023-07-12T11:57:38Z,3,False,7182,Eden Carson,740,Harshitha Samarawickrama,421,Chamari Athapaththu,270,40,Bowler,0,0,0,0,HalfVolley,Null,NotOut,Played,0,Drive,Null,Round,OffSpin,Right,Null,NotReferred,Null,False,False,False,False,False,False,1109,False,False,True,False,False,False,0,0,0,0,0,False,False,,,,
785107,5,11.8,10.0,0.0,1.0,59.0,0.0,10.0,30353,,16872,Sri Lanka v New Zealand T20Is - Women,2,77,Sri Lanka Women,62,New Zealand Women,2023-07-12T11:57:53Z,4,False,7182,Eden Carson,740,Harshitha Samarawickrama,421,Chamari Athapaththu,211,44,Short Mid Wicket,1,0,1,1,LengthBall,Null,NotOut,Played,0,Worked,Null,Round,OffSpin,Right,Null,NotReferred,Null,False,False,False,False,False,False,1109,False,False,True,False,False,False,1,0,0,0,0,False,False,,,,
785107,5,11.8,10.0,0.0,1.0,59.0,0.0,10.0,30353,,16872,Sri Lanka v New Zealand T20Is - Women,2,77,Sri Lanka Women,62,New Zealand Women,2023-07-12T11:58:15Z,5,False,7182,Eden Carson,421,Chamari Athapaththu,740,Harshitha Samarawickrama,282,204,Long Off,4,0,4,4,LengthBall,Null,NotOut,HitHard,0,Drive,Null,Round,OffSpin,Right,Null,NotReferred,Null,False,False,False,False,True,False,1109,False,False,True,False,False,False,4,0,0,0,0,False,False,,,,
785107,5,11.8,10.0,0.0,1.0,59.0,0.0,10.0,30353,,16872,Sri Lanka v New Zealand T20Is - Women,2,77,Sri Lanka Women,62,New Zealand Women,2023-07-12T11:58:43Z,6,False,7182,Eden Carson,421,Chamari Athapaththu,740,Harshitha Samarawickrama,214,208,Deep Mid Wicket,4,0,4,4,BackOfALength,Null,NotOut,HitHard,0,Pull,Null,Round,OffSpin,Right,Null,NotReferred,Null,False,False,False,False,True,False,1109,False,False,True,False,False,False,4,0,0,0,0,False,False,,,,
785108,6,10.67,5.0,0.0,0.0,64.0,0.0,5.0,30353,,16872,Sri Lanka v New Zealand T20Is - Women,2,77,Sri Lanka Women,62,New Zealand Women,2023-07-12T11:59:31Z,1,False,408,Sophie Devine,740,Harshitha Samarawickrama,421,Chamari Athapaththu,293,86,Mid Off,0,0,0,0,LengthBall,Null,NotOut,Played,0,Drive,Null,Over,Medium,Right,Null,NotReferred,Null,False,False,False,False,False,False,1087,False,False,True,False,False,False,0,0,0,0,0,False,False,,,,
785108,6,10.67,5.0,0.0,0.0,64.0,0.0,5.0,30353,,16872,Sri Lanka v New Zealand T20Is - Women,2,77,Sri Lanka Women,62,New Zealand Women,2023-07-12T11:59:58Z,2,False,408,Sophie Devine,740,Harshitha Samarawickrama,421,Chamari Athapaththu,19,87,Backward Point,0,0,0,0,Short,Null,NotOut,Played,0,Cut,Null,Over,Medium,Right,Null,NotReferred,Null,False,False,False,False,False,False,1087,False,False,True,False,False,False,0,0,0,0,0,False,False,,,,
785108,6,10.67,5.0,0.0,0.0,64.0,0.0,5.0,30353,,16872,Sri Lanka v New Zealand T20Is - Women,2,77,Sri Lanka Women,62,New Zealand Women,2023-07-12T12:00:28Z,3,False,408,Sophie Devine,740,Harshitha Samarawickrama,421,Chamari Athapaththu,338,137,Deep Cover,1,0,1,1,LengthBall,Null,NotOut,Played,0,Drive,Null,Over,Medium,Right,Null,NotReferred,Null,False,False,False,False,False,False,1087,False,False,True,False,False,False,1,0,0,0,0,False,False,,,,
785108,6,10.67,5.0,0.0,0.0,64.0,0.0,5.0,30353,,16872,Sri Lanka v New Zealand T20Is - Women,2,77,Sri Lanka Women,62,New Zealand Women,2023-07-12T12:00:56Z,4,False,408,Sophie Devine,421,Chamari Athapaththu,740,Harshitha Samarawickrama,22,188,Deep Backward Point,4,0,4,4,BackOfALength,Null,NotOut,HitHard,0,LateCut,Null,Over,Medium,Right,Null,NotReferred,Null,False,False,False,False,True,False,1087,False,False,True,False,False,False,4,0,0,0,0,False,True,,,,
785108,6,10.67,5.0,0.0,0.0,64.0,0.0,5.0,30353,,16872,Sri Lanka v New Zealand T20Is - Women,2,77,Sri Lanka Women,62,New Zealand Women,2023-07-12T12:01:43Z,5,False,408,Sophie Devine,421,Chamari Athapaththu,740,Harshitha Samarawickrama,90,48,Wicketkeeper,0,0,0,0,Short,Null,NotOut,Missed,0,Pull,Null,Over,Medium,Right,Null,NotReferred,Null,False,False,False,False,False,False,1087,False,False,True,False,False,False,0,0,0,0,0,False,False,,,,
785108,6,10.67,5.0,0.0,0.0,64.0,0.0,5.0,30353,,16872,Sri Lanka v New Zealand T20Is - Women,2,77,Sri Lanka Women,62,New Zealand Women,2023-07-12T12:02:07Z,6,False,408,Sophie Devine,421,Chamari Athapaththu,740,Harshitha Samarawickrama,333,87,Extra Cover,0,0,0,0,LengthBall,Null,NotOut,MisTimed,0,Cut,Null,Over,Medium,Right,Null,NotReferred,Null,False,False,False,False,False,False,1087,False,False,True,False,False,False,0,0,0,0,0,False,False,,,,
785109,7,10.29,8.0,0.0,1.0,72.0,0.0,8.0,30353,,16872,Sri Lanka v New Zealand T20Is - Women,2,77,Sri Lanka Women,62,New Zealand Women,2023-07-12T12:03:19Z,1,False,437,Amelia Kerr,740,Harshitha Samarawickrama,421,Chamari Athapaththu,90,48,Wicketkeeper,0,0,0,0,LengthBall,Null,NotOut,Missed,0,Pushed,Null,Round,LegSpin,Right,Null,NotReferred,Null,False,False,False,False,False,False,1109,False,False,False,False,False,False,0,0,0,0,0,False,False,,,,
785109,7,10.29,8.0,0.0,1.0,72.0,0.0,8.0,30353,,16872,Sri Lanka v New Zealand T20Is - Women,2,77,Sri Lanka Women,62,New Zealand Women,2023-07-12T12:03:37Z,2,False,437,Amelia Kerr,740,Harshitha Samarawickrama,421,Chamari Athapaththu,338,82,Cover,1,0,1,1,LengthBall,Null,NotOut,Played,0,Pushed,Null,Round,LegSpin,Right,Null,NotReferred,Null,False,False,False,False,False,False,1109,False,False,False,False,False,False,1,0,0,0,0,False,False,,,,
785109,7,10.29,8.0,0.0,1.0,72.0,0.0,8.0,30353,,16872,Sri Lanka v New Zealand T20Is - Women,2,77,Sri Lanka Women,62,New Zealand Women,2023-07-12T12:04:05Z,3,False,437,Amelia Kerr,421,Chamari Athapaththu,740,Harshitha Samarawickrama,338,141,Deep Cover,1,0,1,1,LengthBall,Null,NotOut,Played,0,Drive,Null,Round,LegSpin,Right,Null,NotReferred,Null,False,False,False,False,True,False,1109,False,False,False,False,False,False,1,0,0,0,0,False,False,,,,
785109,7,10.29,8.0,0.0,1.0,72.0,0.0,8.0,30353,,16872,Sri Lanka v New Zealand T20Is - Women,2,77,Sri Lanka Women,62,New Zealand Women,2023-07-12T12:04:29Z,4,False,437,Amelia Kerr,740,Harshitha Samarawickrama,421,Chamari Athapaththu,90,48,Wicketkeeper,1,1,1,0,LengthBall,Null,NotOut,NoShot,0,Leave,Null,Round,LegSpin,Right,Null,NotReferred,Null,True,False,False,False,False,False,1109,False,False,False,False,False,False,0,0,1,0,0,False,False,,,,
785109,7,10.29,8.0,0.0,1.0,72.0,0.0,8.0,30353,,16872,Sri Lanka v New Zealand T20Is - Women,2,77,Sri Lanka Women,62,New Zealand Women,2023-07-12T12:04:48Z,4,False,437,Amelia Kerr,740,Harshitha Samarawickrama,421,Chamari Athapaththu,293,150,Long Off,1,0,1,1,HalfVolley,Null,NotOut,Played,0,Drive,Null,Round,LegSpin,Right,Null,NotReferred,Null,False,False,False,False,False,False,1109,False,False,False,False,False,False,1,0,0,0,0,False,False,,,,
785109,7,10.29,8.0,0.0,1.0,72.0,0.0,8.0,30353,,16872,Sri Lanka v New Zealand T20Is - Women,2,77,Sri Lanka Women,62,New Zealand Women,2023-07-12T12:05:11Z,5,False,437,Amelia Kerr,421,Chamari Athapaththu,740,Harshitha Samarawickrama,90,48,Wicketkeeper,0,0,0,0,HalfVolley,Null,NotOut,Missed,0,Drive,Null,Round,LegSpin,Right,Null,NotReferred,Null,False,False,False,False,False,False,1109,False,False,False,False,False,False,0,0,0,0,0,False,False,,,,
785109,7,10.29,8.0,0.0,1.0,72.0,0.0,8.0,30353,,16872,Sri Lanka v New Zealand T20Is - Women,2,77,Sri Lanka Women,62,New Zealand Women,2023-07-12T12:05:37Z,6,False,437,Amelia Kerr,421,Chamari Athapaththu,740,Harshitha Samarawickrama,215,195,Deep Mid Wicket,4,0,4,4,FullToss,Null,NotOut,HitHard,0,Flick,Null,Round,LegSpin,Right,Null,NotReferred,Null,False,False,False,False,False,False,1109,False,False,False,False,False,False,4,0,0,0,0,False,False,,,,
785110,8,9.75,6.0,0.0,0.0,78.0,0.0,6.0,30353,,16872,Sri Lanka v New Zealand T20Is - Women,2,77,Sri Lanka Women,62,New Zealand Women,2023-07-12T12:06:52Z,1,False,7166,Fran Jonas,740,Harshitha Samarawickrama,421,Chamari Athapaththu,254,157,Long On,1,0,1,1,LengthBall,Null,NotOut,Played,0,Worked,Null,Round,Orthodox,Left,Null,NotReferred,Null,False,False,False,False,False,False,1087,False,False,False,False,False,False,1,0,0,0,0,False,False,,,,
785110,8,9.75,6.0,0.0,0.0,78.0,0.0,6.0,30353,,16872,Sri Lanka v New Zealand T20Is - Women,2,77,Sri Lanka Women,62,New Zealand Women,2023-07-12T12:07:18Z,2,False,7166,Fran Jonas,421,Chamari Athapaththu,740,Harshitha Samarawickrama,90,48,Wicketkeeper,0,0,0,0,LengthBall,Null,NotOut,Missed,0,Pull,Null,Round,Orthodox,Left,Null,NotReferred,Null,False,False,False,False,False,False,1087,False,False,False,False,False,False,0,0,0,0,0,False,False,,,,
785110,8,9.75,6.0,0.0,0.0,78.0,0.0,6.0,30353,,16872,Sri Lanka v New Zealand T20Is - Women,2,77,Sri Lanka Women,62,New Zealand Women,2023-07-12T12:07:33Z,3,False,7166,Fran Jonas,421,Chamari Athapaththu,740,Harshitha Samarawickrama,357,152,Deep Point,1,0,1,1,LengthBall,Null,NotOut,Played,0,Cut,Null,Over,Orthodox,Left,Null,NotReferred,Null,False,False,False,False,False,False,1087,False,False,False,False,False,False,1,0,0,0,0,False,False,,,,
785110,8,9.75,6.0,0.0,0.0,78.0,0.0,6.0,30353,,16872,Sri Lanka v New Zealand T20Is - Women,2,77,Sri Lanka Women,62,New Zealand Women,2023-07-12T12:07:59Z,4,False,7166,Fran Jonas,740,Harshitha Samarawickrama,421,Chamari Athapaththu,71,176,Third Man,4,0,4,4,LengthBall,Null,NotOut,HitHard,0,Steer,Null,Over,Orthodox,Left,Null,NotReferred,Null,False,False,False,False,False,False,1087,False,False,False,False,False,False,4,0,0,0,0,False,True,,,,
785110,8,9.75,6.0,0.0,0.0,78.0,0.0,6.0,30353,,16872,Sri Lanka v New Zealand T20Is - Women,2,77,Sri Lanka Women,62,New Zealand Women,2023-07-12T12:08:37Z,5,False,7166,Fran Jonas,740,Harshitha Samarawickrama,421,Chamari Athapaththu,90,48,Wicketkeeper,0,0,0,0,LengthBall,Null,NotOut,Missed,0,Drive,Null,Over,Orthodox,Left,Null,NotReferred,Null,False,False,False,False,False,False,1087,False,False,False,False,False,False,0,0,0,0,0,False,False,,,,
785110,8,9.75,6.0,0.0,0.0,78.0,0.0,6.0,30353,,16872,Sri Lanka v New Zealand T20Is - Women,2,77,Sri Lanka Women,62,New Zealand Women,2023-07-12T12:08:54Z,6,False,7166,Fran Jonas,740,Harshitha Samarawickrama,421,Chamari Athapaththu,16,94,Backward Point,0,0,0,0,LengthBall,Null,NotOut,Edged,0,Drive,Null,Over,Orthodox,Left,Null,NotReferred,Null,False,False,False,False,False,False,1087,False,False,False,False,False,False,0,0,0,0,0,False,False,,,,
785111,9,9.44,7.0,0.0,1.0,85.0,0.0,7.0,30353,,16872,Sri Lanka v New Zealand T20Is - Women,2,77,Sri Lanka Women,62,New Zealand Women,2023-07-12T12:09:56Z,1,False,437,Amelia Kerr,421,Chamari Athapaththu,740,Harshitha Samarawickrama,356,191,Deep Point,4,0,4,4,LengthBall,Null,NotOut,HitHard,0,Cut,Null,Round,LegSpin,Right,Null,NotReferred,Null,False,False,False,False,True,False,1109,False,False,False,False,False,False,4,0,0,0,0,False,True,,,,
785111,9,9.44,7.0,0.0,1.0,85.0,0.0,7.0,30353,,16872,Sri Lanka v New Zealand T20Is - Women,2,77,Sri Lanka Women,62,New Zealand Women,2023-07-12T12:10:26Z,2,False,437,Amelia Kerr,421,Chamari Athapaththu,740,Harshitha Samarawickrama,90,48,Wicketkeeper,0,0,0,0,LengthBall,Null,NotOut,Missed,0,Cut,Null,Round,LegSpin,Right,Null,NotReferred,Null,False,False,False,False,False,False,1109,False,False,False,False,False,False,0,0,0,0,0,False,False,,,,
785111,9,9.44,7.0,0.0,1.0,85.0,0.0,7.0,30353,,16872,Sri Lanka v New Zealand T20Is - Women,2,77,Sri Lanka Women,62,New Zealand Women,2023-07-12T12:10:33Z,3,False,437,Amelia Kerr,421,Chamari Athapaththu,740,Harshitha Samarawickrama,90,48,Wicketkeeper,0,0,0,0,LengthBall,Null,NotOut,Missed,0,Slog,Null,Round,LegSpin,Right,Null,NotReferred,Null,False,False,False,False,False,False,1109,False,False,False,False,False,False,0,0,0,0,0,False,False,,,,
785111,9,9.44,7.0,0.0,1.0,85.0,0.0,7.0,30353,,16872,Sri Lanka v New Zealand T20Is - Women,2,77,Sri Lanka Women,62,New Zealand Women,2023-07-12T12:10:46Z,4,False,437,Amelia Kerr,421,Chamari Athapaththu,740,Harshitha Samarawickrama,90,48,Wicketkeeper,0,0,0,0,LengthBall,Null,NotOut,Missed,0,Drive,Null,Round,LegSpin,Right,Null,NotReferred,Null,False,False,False,False,False,False,1109,False,False,False,False,False,False,0,0,0,0,0,False,False,,,,
785111,9,9.44,7.0,0.0,1.0,85.0,0.0,7.0,30353,,16872,Sri Lanka v New Zealand T20Is - Women,2,77,Sri Lanka Women,62,New Zealand Women,2023-07-12T12:11:14Z,5,False,437,Amelia Kerr,421,Chamari Athapaththu,740,Harshitha Samarawickrama,90,48,Wicketkeeper,1,1,1,0,LengthBall,Null,NotOut,Missed,0,Cut,Null,Round,LegSpin,Right,Null,NotReferred,Null,True,False,False,False,False,False,1109,False,False,False,False,False,False,0,0,1,0,0,False,False,,,,
785111,9,9.44,7.0,0.0,1.0,85.0,0.0,7.0,30353,,16872,Sri Lanka v New Zealand T20Is - Women,2,77,Sri Lanka Women,62,New Zealand Women,2023-07-12T12:11:32Z,5,False,437,Amelia Kerr,421,Chamari Athapaththu,740,Harshitha Samarawickrama,261,142,Long On,1,0,1,1,LengthBall,Null,NotOut,MisTimed,0,Pull,Null,Round,LegSpin,Right,Null,NotReferred,Null,False,False,False,False,False,False,1109,False,False,False,False,False,False,1,0,0,0,0,False,False,,,,
785111,9,9.44,7.0,0.0,1.0,85.0,0.0,7.0,30353,,16872,Sri Lanka v New Zealand T20Is - Women,2,77,Sri Lanka Women,62,New Zealand Women,2023-07-12T12:12:10Z,6,False,437,Amelia Kerr,740,Harshitha Samarawickrama,421,Chamari Athapaththu,330,89,Extra Cover,1,0,1,1,LengthBall,Null,NotOut,Played,0,Pushed,Null,Round,LegSpin,Right,Null,NotReferred,Null,False,False,False,False,False,False,1109,False,False,False,False,False,False,1,0,0,0,0,False,False,,,,
785112,10,9.7,11.0,0.0,0.0,97.0,0.0,11.0,30353,,16872,Sri Lanka v New Zealand T20Is - Women,2,77,Sri Lanka Women,62,New Zealand Women,2023-07-12T12:13:04Z,1,False,7166,Fran Jonas,740,Harshitha Samarawickrama,421,Chamari Athapaththu,181,140,Deep Square Leg,1,0,1,1,LengthBall,Null,NotOut,Played,0,Worked,Null,Over,Orthodox,Left,Null,NotReferred,Null,False,False,False,False,False,False,1087,False,False,False,False,False,False,1,0,0,0,0,False,False,,,,
785112,10,9.7,11.0,0.0,0.0,97.0,0.0,11.0,30353,,16872,Sri Lanka v New Zealand T20Is - Women,2,77,Sri Lanka Women,62,New Zealand Women,2023-07-12T12:13:30Z,2,False,7166,Fran Jonas,421,Chamari Athapaththu,740,Harshitha Samarawickrama,18,186,Deep Backward Point,4,0,4,4,HalfVolley,Null,NotOut,Edged,0,Drive,Null,Over,Orthodox,Left,Null,NotReferred,Null,False,False,False,False,False,False,1087,False,False,False,False,False,False,4,0,0,0,0,False,True,,,,
785112,10,9.7,11.0,0.0,0.0,97.0,0.0,11.0,30353,,16872,Sri Lanka v New Zealand T20Is - Women,2,77,Sri Lanka Women,62,New Zealand Women,2023-07-12T12:14:03Z,3,False,7166,Fran Jonas,421,Chamari Athapaththu,740,Harshitha Samarawickrama,355,137,Deep Point,1,0,1,1,LengthBall,Null,NotOut,Played,0,Drive,Null,Over,Orthodox,Left,Null,NotReferred,Null,False,False,False,False,False,False,1087,False,False,False,False,False,False,1,0,0,0,0,False,False,,,,
785112,10,9.7,11.0,0.0,0.0,97.0,0.0,11.0,30353,,16872,Sri Lanka v New Zealand T20Is - Women,2,77,Sri Lanka Women,62,New Zealand Women,2023-07-12T12:14:27Z,4,False,7166,Fran Jonas,740,Harshitha Samarawickrama,421,Chamari Athapaththu,253,151,Long On,1,0,1,1,LengthBall,Null,NotOut,Played,0,Drive,Null,Over,Orthodox,Left,Null,NotReferred,Null,False,False,False,False,False,False,1087,False,False,False,False,False,False,1,0,0,0,0,False,False,,,,
785112,10,9.7,11.0,0.0,0.0,97.0,0.0,11.0,30353,,16872,Sri Lanka v New Zealand T20Is - Women,2,77,Sri Lanka Women,62,New Zealand Women,2023-07-12T12:14:49Z,5,False,7166,Fran Jonas,421,Chamari Athapaththu,740,Harshitha Samarawickrama,326,206,Deep Extra Cover,4,0,4,4,FullToss,Null,NotOut,HitHard,0,Drive,Null,Over,Orthodox,Left,Null,NotReferred,Null,False,False,False,False,True,False,1087,False,False,False,False,False,False,4,0,0,0,0,False,True,,,,
785112,10,9.7,11.0,0.0,0.0,97.0,0.0,11.0,30353,,16872,Sri Lanka v New Zealand T20Is - Women,2,77,Sri Lanka Women,62,New Zealand Women,2023-07-12T12:15:21Z,6,False,7166,Fran Jonas,421,Chamari Athapaththu,740,Harshitha Samarawickrama,15,89,Backward Point,0,0,0,0,LengthBall,Null,NotOut,Played,0,Cut,Null,Over,Orthodox,Left,Null,NotReferred,Null,False,False,False,False,False,False,1087,False,False,False,False,False,False,0,0,0,0,0,False,False,,,,
785113,11,9.55,9.0,0.0,1.0,105.0,0.0,9.0,30353,,16872,Sri Lanka v New Zealand T20Is - Women,2,77,Sri Lanka Women,62,New Zealand Women,2023-07-12T12:18:20Z,1,False,813,Hannah Rowe,740,Harshitha Samarawickrama,421,Chamari Athapaththu,90,48,Wicketkeeper,1,1,1,0,LengthBall,Null,NotOut,MissedLegSide,0,Glance,Null,Round,Medium,Right,Null,NotReferred,Null,True,False,False,False,False,False,1109,False,False,False,False,False,False,0,0,1,0,0,False,False,,,,
785113,11,9.55,9.0,0.0,1.0,105.0,0.0,9.0,30353,,16872,Sri Lanka v New Zealand T20Is - Women,2,77,Sri Lanka Women,62,New Zealand Women,2023-07-12T12:18:48Z,1,False,813,Hannah Rowe,740,Harshitha Samarawickrama,421,Chamari Athapaththu,330,222,Deep Extra Cover,4,0,4,4,FullToss,Null,NotOut,HitHard,0,Drive,Null,Round,Medium,Right,Null,NotReferred,Null,False,False,False,False,False,False,1109,False,False,False,False,False,False,4,0,0,0,0,False,False,,,,
785113,11,9.55,9.0,0.0,1.0,105.0,0.0,9.0,30353,,16872,Sri Lanka v New Zealand T20Is - Women,2,77,Sri Lanka Women,62,New Zealand Women,2023-07-12T12:19:30Z,2,False,813,Hannah Rowe,740,Harshitha Samarawickrama,421,Chamari Athapaththu,29,87,Backward Point,1,0,1,1,LengthBall,Null,NotOut,Played,0,Steer,Null,Round,Medium,Right,Null,NotReferred,Null,False,False,False,False,False,False,1109,False,False,False,False,False,False,1,0,0,0,0,False,False,,,,
785113,11,9.55,9.0,0.0,1.0,105.0,0.0,9.0,30353,,16872,Sri Lanka v New Zealand T20Is - Women,2,77,Sri Lanka Women,62,New Zealand Women,2023-07-12T12:20:21Z,3,False,813,Hannah Rowe,421,Chamari Athapaththu,740,Harshitha Samarawickrama,169,103,Backward Square Leg,1,0,1,1,BackOfALength,Null,NotOut,Played,0,Worked,Null,Over,Medium,Right,Null,NotReferred,Null,False,False,False,False,False,False,1109,False,False,False,False,False,False,1,0,0,0,0,False,False,,,,
785113,11,9.55,9.0,0.0,1.0,105.0,0.0,9.0,30353,,16872,Sri Lanka v New Zealand T20Is - Women,2,77,Sri Lanka Women,62,New Zealand Women,2023-07-12T12:20:53Z,4,False,813,Hannah Rowe,740,Harshitha Samarawickrama,421,Chamari Athapaththu,326,62,Short Extra Cover,0,0,0,0,LengthBall,Null,NotOut,Played,0,Pushed,Null,Over,Medium,Right,Null,NotReferred,Null,False,False,False,False,False,False,1109,False,False,False,False,False,False,0,0,0,0,0,False,False,,,,
785113,11,9.55,9.0,0.0,1.0,105.0,0.0,9.0,30353,,16872,Sri Lanka v New Zealand T20Is - Women,2,77,Sri Lanka Women,62,New Zealand Women,2023-07-12T12:21:23Z,5,False,813,Hannah Rowe,740,Harshitha Samarawickrama,421,Chamari Athapaththu,178,149,Deep Square Leg,1,0,1,1,BackOfALength,Null,NotOut,Played,0,Pull,Null,Over,Medium,Right,Null,NotReferred,Null,False,False,False,False,False,False,1109,False,False,False,False,False,False,1,0,0,0,0,False,False,,,,
785113,11,9.55,9.0,0.0,1.0,105.0,0.0,9.0,30353,,16872,Sri Lanka v New Zealand T20Is - Women,2,77,Sri Lanka Women,62,New Zealand Women,2023-07-12T12:21:56Z,6,False,813,Hannah Rowe,421,Chamari Athapaththu,740,Harshitha Samarawickrama,212,59,Short Mid Wicket,1,0,1,1,BackOfALength,Null,NotOut,Played,0,Worked,Null,Over,Medium,Right,Null,NotReferred,Null,False,False,False,False,False,False,1109,False,False,False,False,False,False,1,0,0,0,0,False,False,,,,
785114,12,9.58,10.0,0.0,0.0,115.0,0.0,10.0,30353,,16872,Sri Lanka v New Zealand T20Is - Women,2,77,Sri Lanka Women,62,New Zealand Women,2023-07-12T12:22:53Z,1,False,7182,Eden Carson,421,Chamari Athapaththu,740,Harshitha Samarawickrama,287,151,Long Off,1,0,1,1,LengthBall,Null,NotOut,Played,0,Drive,Null,Round,OffSpin,Right,Null,NotReferred,Null,False,False,False,False,False,False,1087,False,False,False,False,False,False,1,0,0,0,0,False,False,,,,
785114,12,9.58,10.0,0.0,0.0,115.0,0.0,10.0,30353,,16872,Sri Lanka v New Zealand T20Is - Women,2,77,Sri Lanka Women,62,New Zealand Women,2023-07-12T12:23:16Z,2,False,7182,Eden Carson,740,Harshitha Samarawickrama,421,Chamari Athapaththu,148,132,Fine Leg,1,0,1,1,LengthBall,Null,NotOut,Played,0,Glance,Null,Round,OffSpin,Right,Null,NotReferred,Null,False,False,False,False,False,False,1087,False,False,False,False,False,False,1,0,0,0,0,False,False,,,,
785114,12,9.58,10.0,0.0,0.0,115.0,0.0,10.0,30353,,16872,Sri Lanka v New Zealand T20Is - Women,2,77,Sri Lanka Women,62,New Zealand Women,2023-07-12T12:23:41Z,3,False,7182,Eden Carson,421,Chamari Athapaththu,740,Harshitha Samarawickrama,327,87,Extra Cover,0,0,0,0,HalfVolley,Null,NotOut,Played,0,Drive,Null,Round,OffSpin,Right,Null,NotReferred,Null,False,False,False,False,False,False,1087,False,False,False,False,False,False,0,0,0,0,0,False,False,,,,
785114,12,9.58,10.0,0.0,0.0,115.0,0.0,10.0,30353,,16872,Sri Lanka v New Zealand T20Is - Women,2,77,Sri Lanka Women,62,New Zealand Women,2023-07-12T12:24:00Z,4,False,7182,Eden Carson,421,Chamari Athapaththu,740,Harshitha Samarawickrama,258,205,Long On,6,0,6,6,LengthBall,Null,NotOut,HitHard,0,Drive,Null,Round,OffSpin,Right,Null,NotReferred,Null,False,False,False,False,True,False,1087,False,False,False,False,False,False,6,0,0,0,0,False,True,,,,
785114,12,9.58,10.0,0.0,0.0,115.0,0.0,10.0,30353,,16872,Sri Lanka v New Zealand T20Is - Women,2,77,Sri Lanka Women,62,New Zealand Women,2023-07-12T12:24:31Z,5,False,7182,Eden Carson,421,Chamari Athapaththu,740,Harshitha Samarawickrama,284,168,Long Off,1,0,1,1,LengthBall,Null,NotOut,Played,0,Drive,Null,Round,OffSpin,Right,Null,NotReferred,Null,False,False,False,False,True,False,1087,False,False,False,False,False,False,1,0,0,0,0,False,False,,,,
785114,12,9.58,10.0,0.0,0.0,115.0,0.0,10.0,30353,,16872,Sri Lanka v New Zealand T20Is - Women,2,77,Sri Lanka Women,62,New Zealand Women,2023-07-12T12:25:01Z,6,False,7182,Eden Carson,740,Harshitha Samarawickrama,421,Chamari Athapaththu,264,166,Long On,1,0,1,1,LengthBall,Null,NotOut,Played,0,Drive,Null,Round,OffSpin,Right,Null,NotReferred,Null,False,False,False,False,False,False,1087,False,False,False,False,False,False,1,0,0,0,0,False,False,,,,
785115,13,9.54,9.0,0.0,1.0,124.0,0.0,9.0,30353,,16872,Sri Lanka v New Zealand T20Is - Women,2,77,Sri Lanka Women,62,New Zealand Women,2023-07-12T12:25:54Z,1,False,437,Amelia Kerr,740,Harshitha Samarawickrama,421,Chamari Athapaththu,240,81,Mid On,1,0,1,1,HalfVolley,Null,NotOut,Played,0,Worked,Null,Round,LegSpin,Right,Null,NotReferred,Null,False,False,False,False,False,False,1109,False,False,False,False,False,False,1,0,0,0,0,False,False,,,,
785115,13,9.54,9.0,0.0,1.0,124.0,0.0,9.0,30353,,16872,Sri Lanka v New Zealand T20Is - Women,2,77,Sri Lanka Women,62,New Zealand Women,2023-07-12T12:26:24Z,2,False,437,Amelia Kerr,421,Chamari Athapaththu,740,Harshitha Samarawickrama,355,148,Deep Point,1,0,1,1,HalfVolley,Null,NotOut,MisTimed,0,Drive,Null,Round,LegSpin,Right,Null,NotReferred,Null,False,False,False,False,False,False,1109,False,False,False,False,False,False,1,0,0,0,0,False,False,,,,
785115,13,9.54,9.0,0.0,1.0,124.0,0.0,9.0,30353,,16872,Sri Lanka v New Zealand T20Is - Women,2,77,Sri Lanka Women,62,New Zealand Women,2023-07-12T12:26:52Z,3,False,437,Amelia Kerr,740,Harshitha Samarawickrama,421,Chamari Athapaththu,337,152,Deep Cover,1,0,1,1,LengthBall,Null,NotOut,Played,0,Drive,Null,Round,LegSpin,Right,Null,NotReferred,Null,False,False,False,False,False,False,1109,False,False,False,False,False,False,1,0,0,0,0,False,False,,,,
785115,13,9.54,9.0,0.0,1.0,124.0,0.0,9.0,30353,,16872,Sri Lanka v New Zealand T20Is - Women,2,77,Sri Lanka Women,62,New Zealand Women,2023-07-12T12:27:13Z,4,False,437,Amelia Kerr,421,Chamari Athapaththu,740,Harshitha Samarawickrama,299,162,Long Off,1,0,1,1,LengthBall,Null,NotOut,MisTimed,0,Cut,Null,Round,LegSpin,Right,Null,NotReferred,Null,False,False,False,False,False,False,1109,False,False,False,False,False,False,1,0,0,0,0,False,False,,,,
785115,13,9.54,9.0,0.0,1.0,124.0,0.0,9.0,30353,,16872,Sri Lanka v New Zealand T20Is - Women,2,77,Sri Lanka Women,62,New Zealand Women,2023-07-12T12:27:37Z,5,False,437,Amelia Kerr,740,Harshitha Samarawickrama,421,Chamari Athapaththu,12,87,Backward Point,0,0,0,0,FullToss,Null,NotOut,Played,0,Drive,Null,Round,LegSpin,Right,Null,NotReferred,Null,False,False,False,False,False,False,1109,False,False,False,False,False,False,0,0,0,0,0,False,False,,,,
785115,13,9.54,9.0,0.0,1.0,124.0,0.0,9.0,30353,,16872,Sri Lanka v New Zealand T20Is - Women,2,77,Sri Lanka Women,62,New Zealand Women,2023-07-12T12:27:59Z,6,False,437,Amelia Kerr,740,Harshitha Samarawickrama,421,Chamari Athapaththu,90,48,Wicketkeeper,1,1,1,0,LengthBall,Null,NotOut,Missed,0,Cut,Null,Round,LegSpin,Right,Null,NotReferred,Null,True,False,False,False,False,False,1109,False,False,False,False,False,False,0,0,1,0,0,False,False,,,,
785115,13,9.54,9.0,0.0,1.0,124.0,0.0,9.0,30353,,16872,Sri Lanka v New Zealand T20Is - Women,2,77,Sri Lanka Women,62,New Zealand Women,2023-07-12T12:28:20Z,6,False,437,Amelia Kerr,740,Harshitha Samarawickrama,421,Chamari Athapaththu,31,181,Third Man,4,0,4,4,LengthBall,Null,NotOut,HitHard,0,LateCut,Null,Round,LegSpin,Right,Null,NotReferred,Null,False,False,False,False,False,False,1109,False,False,False,False,False,False,4,0,0,0,0,False,False,,,,
785116,14,9.29,6.0,0.0,0.0,130.0,0.0,6.0,30353,,16872,Sri Lanka v New Zealand T20Is - Women,2,77,Sri Lanka Women,62,New Zealand Women,2023-07-12T12:29:29Z,1,False,7203,Brooke Halliday,421,Chamari Athapaththu,740,Harshitha Samarawickrama,180,140,Deep Square Leg,1,0,1,1,LengthBall,Null,NotOut,Played,0,Sweep,SlowerBall,Over,Medium,Right,Null,NotReferred,Null,False,False,False,False,False,False,1087,False,False,False,False,False,False,1,0,0,0,0,False,False,,,,
785116,14,9.29,6.0,0.0,0.0,130.0,0.0,6.0,30353,,16872,Sri Lanka v New Zealand T20Is - Women,2,77,Sri Lanka Women,62,New Zealand Women,2023-07-12T12:30:03Z,2,False,7203,Brooke Halliday,740,Harshitha Samarawickrama,421,Chamari Athapaththu,6,94,Point,1,0,1,1,LengthBall,Null,NotOut,Played,0,Cut,SlowerBall,Over,Medium,Right,Null,NotReferred,Null,False,False,False,False,False,False,1087,False,False,False,False,False,False,1,0,0,0,0,False,False,,,,
785116,14,9.29,6.0,0.0,0.0,130.0,0.0,6.0,30353,,16872,Sri Lanka v New Zealand T20Is - Women,2,77,Sri Lanka Women,62,New Zealand Women,2023-07-12T12:30:31Z,3,False,7203,Brooke Halliday,421,Chamari Athapaththu,740,Harshitha Samarawickrama,178,148,Deep Square Leg,1,0,1,1,LengthBall,Null,NotOut,Played,0,Worked,SlowerBall,Over,Medium,Right,Null,NotReferred,Null,False,False,False,False,False,False,1087,False,False,False,False,False,False,1,0,0,0,0,False,False,,,,
785116,14,9.29,6.0,0.0,0.0,130.0,0.0,6.0,30353,,16872,Sri Lanka v New Zealand T20Is - Women,2,77,Sri Lanka Women,62,New Zealand Women,2023-07-12T12:30:58Z,4,False,7203,Brooke Halliday,740,Harshitha Samarawickrama,421,Chamari Athapaththu,179,140,Deep Square Leg,1,0,1,1,FullToss,Null,NotOut,Played,0,ForwardDefensive,Null,Over,Medium,Right,Null,NotReferred,Null,False,False,False,False,False,False,1087,False,False,False,False,False,False,1,0,0,0,0,False,False,,,,
785116,14,9.29,6.0,0.0,0.0,130.0,0.0,6.0,30353,,16872,Sri Lanka v New Zealand T20Is - Women,2,77,Sri Lanka Women,62,New Zealand Women,2023-07-12T12:31:29Z,5,False,7203,Brooke Halliday,421,Chamari Athapaththu,740,Harshitha Samarawickrama,340,150,Deep Cover,1,0,1,1,BackOfALength,Null,NotOut,Played,0,Cut,Null,Over,Medium,Right,Null,NotReferred,Null,False,False,False,False,False,False,1087,False,False,False,False,False,False,1,0,0,0,0,False,False,,,,
785116,14,9.29,6.0,0.0,0.0,130.0,0.0,6.0,30353,,16872,Sri Lanka v New Zealand T20Is - Women,2,77,Sri Lanka Women,62,New Zealand Women,2023-07-12T12:31:55Z,6,False,7203,Brooke Halliday,740,Harshitha Samarawickrama,421,Chamari Athapaththu,211,133,Deep Mid Wicket,1,0,1,1,HalfVolley,Null,NotOut,Played,0,Worked,Null,Over,Medium,Right,Null,NotReferred,Null,False,False,False,False,False,False,1087,False,False,False,False,False,False,1,0,0,0,0,False,False,,,,
785117,15,10.0,13.0,0.0,1.0,143.0,0.0,13.0,30353,,16872,Sri Lanka v New Zealand T20Is - Women,2,77,Sri Lanka Women,62,New Zealand Women,2023-07-12T12:33:06Z,1,False,7205,Molly Penfold,740,Harshitha Samarawickrama,421,Chamari Athapaththu,202,224,Deep Mid Wicket,4,0,4,4,Short,Null,NotOut,HitHard,0,Pull,Null,Round,Fast,Right,Null,NotReferred,Null,False,False,False,False,True,False,1109,False,False,False,False,False,False,4,0,0,0,0,False,True,,,,
785117,15,10.0,13.0,0.0,1.0,143.0,0.0,13.0,30353,,16872,Sri Lanka v New Zealand T20Is - Women,2,77,Sri Lanka Women,62,New Zealand Women,2023-07-12T12:33:46Z,2,False,7205,Molly Penfold,740,Harshitha Samarawickrama,421,Chamari Athapaththu,90,48,Wicketkeeper,1,1,1,0,LengthBall,Null,NotOut,NoShot,0,Leave,Null,Round,Fast,Right,Null,NotReferred,Null,True,False,False,False,False,False,1109,False,False,False,False,False,False,0,0,1,0,0,False,False,,,,
785117,15,10.0,13.0,0.0,1.0,143.0,0.0,13.0,30353,,16872,Sri Lanka v New Zealand T20Is - Women,2,77,Sri Lanka Women,62,New Zealand Women,2023-07-12T12:34:12Z,2,False,7205,Molly Penfold,740,Harshitha Samarawickrama,421,Chamari Athapaththu,163,172,Deep Backward Square Leg,4,0,4,4,Short,Null,NotOut,HitHard,0,Pull,Null,Round,Fast,Right,Null,NotReferred,Null,False,False,False,False,True,False,1109,False,False,False,False,False,False,4,0,0,0,0,False,False,,,,
785117,15,10.0,13.0,0.0,1.0,143.0,0.0,13.0,30353,,16872,Sri Lanka v New Zealand T20Is - Women,2,77,Sri Lanka Women,62,New Zealand Women,2023-07-12T12:34:58Z,3,False,7205,Molly Penfold,740,Harshitha Samarawickrama,421,Chamari Athapaththu,212,211,Deep Mid Wicket,4,0,4,4,LengthBall,Null,NotOut,HitHard,0,Flick,Null,Round,Fast,Right,Null,NotReferred,Null,False,False,False,False,True,False,1109,False,False,False,False,False,False,4,0,0,0,0,False,False,,,,
