over_id,over_overNumber,over_runrate,over_runsConceded,over_wickets,over_runsExtras,over_totalInningRuns,over_totalInningWickets,over_totalRuns,id,matchName,fixtureId,fixtureName,inningNumber,battingTeamId,battingTeamName,bowlingTeamId,bowlingTeamName,ballDateTime,ballNumber,totalBallNumber,isWicket,dismissalTypeId,dismissalPlayerId,dismissalPlayerName,bowlerPlayerId,bowlerPlayerName,battingPlayerId,battingPlayerName,nonStrikeBattingPlayerId,nonStrikeBattingPlayerName,shotAngle,shotMagnitude,fieldingPosition,runsConceded,extras,runs,runsScored,dismissalType,lengthTypeId,lineTypeId,appealDismissalTypeId,battingConnectionId,battingFeetId,battingShotTypeId,bowlingDetailId,bowlingFromId,bowlingTypeId,bowlingHandId,outcomeId,referralOutcomeId,noBallReasonId,isWide,isNoBall,isByes,isLegByes,isAirControlled,isAppeal,decisionOfficialId,isFreeHit,isNewBall,isPowerPlay,isBattingPowerPlay,isFloodLit,isReferred,teamRuns,runsByes,runsWide,runsLegByes,noBallsCount,isBoundry,isAirNotControlled
427124,1,3.0,3.0,0.0,2.0,3.0,0.0,3.0,12733,,11233,The Women's Hundred 2021,1,901,Trent Rockets Women,895,Birmingham Phoenix Women,2021-08-13T20:00:32Z,1,1.0,False,,,,2934,Issy Wong,986,Sammy-Jo Johnson,374,Rachel Priest,90,48,Wicketkeeper,0,0,0,0,,LengthBall,OutsideOff,NotOut,Missed,FrontFoot,Drive,AwaySwinger,Over,Fast,Left,Null,NotReferred,Null,False,False,False,False,False,False,870,False,True,True,False,False,False,0,0,0,0,0,False,False
427124,1,3.0,3.0,0.0,2.0,3.0,0.0,3.0,12733,,11233,The Women's Hundred 2021,1,901,Trent Rockets Women,895,Birmingham Phoenix Women,2021-08-13T20:00:49Z,2,2.0,False,,,,2934,Issy Wong,986,Sammy-Jo Johnson,374,Rachel Priest,249,73,Mid Off,0,0,0,0,,BackOfALength,OutsideOff,NotOut,None,BackFoot,BackwardDefensive,NoMovement,Over,Fast,Left,Null,NotReferred,Null,False,False,False,False,False,False,870,False,False,True,False,False,False,0,0,0,0,0,False,False
427124,1,3.0,3.0,0.0,2.0,3.0,0.0,3.0,12733,,11233,The Women's Hundred 2021,1,901,Trent Rockets Women,895,Birmingham Phoenix Women,2021-08-13T20:01:18Z,3,3.0,False,,,,2934,Issy Wong,986,Sammy-Jo Johnson,374,Rachel Priest,140,134,Third Man,1,0,1,1,,LengthBall,OutsideOff,NotOut,None,FrontFoot,Pushed,NoMovement,Over,Fast,Left,Null,NotReferred,Null,False,False,False,False,False,False,870,False,False,True,False,False,False,1,0,0,0,0,False,False
427124,1,3.0,3.0,0.0,2.0,3.0,0.0,3.0,12733,,11233,The Women's Hundred 2021,1,901,Trent Rockets Women,895,Birmingham Phoenix Women,2021-08-13T20:01:59Z,4,3.0,False,,,,2934,Issy Wong,374,Rachel Priest,986,Sammy-Jo Johnson,90,48,Wicketkeeper,2,2,2,0,,Short,OutsideOff,NotOut,Left,Ducked,Leave,NoMovement,Over,Fast,Left,Null,NotReferred,Other,False,True,False,False,False,False,870,False,False,True,False,False,False,0,0,0,0,2,False,False
427124,1,3.0,3.0,0.0,2.0,3.0,0.0,3.0,12733,,11233,The Women's Hundred 2021,1,901,Trent Rockets Women,895,Birmingham Phoenix Women,2021-08-13T20:02:51Z,4,4.0,False,,,,2934,Issy Wong,374,Rachel Priest,986,Sammy-Jo Johnson,90,48,Wicketkeeper,0,0,0,0,,Yorker,OutsideOff,NotOut,Missed,FrontFoot,Drive,NoMovement,Over,Fast,Left,Null,NotReferred,Null,False,False,False,False,False,False,870,False,False,True,False,False,False,0,0,0,0,0,False,False
427124,1,3.0,3.0,0.0,2.0,3.0,0.0,3.0,12733,,11233,The Women's Hundred 2021,1,901,Trent Rockets Women,895,Birmingham Phoenix Women,2021-08-13T20:03:14Z,5,5.0,False,,,,2934,Issy Wong,374,Rachel Priest,986,Sammy-Jo Johnson,197,84,Cover,0,0,0,0,,HalfVolley,OutsideOff,NotOut,None,FrontFoot,Drive,InSwinger,Over,Fast,Left,Null,NotReferred,Null,False,False,False,False,False,False,870,False,False,True,False,False,False,0,0,0,0,0,False,False
427126,2,4.0,5.0,0.0,0.0,8.0,0.0,5.0,12733,,11233,The Women's Hundred 2021,1,901,Trent Rockets Women,895,Birmingham Phoenix Women,2021-08-13T20:04:05Z,1,6.0,False,,,,7052,Emily Arlott,374,Rachel Priest,986,Sammy-Jo Johnson,26,179,Deep Backward Square Leg,4,0,4,4,,BackOfALength,OutsideOff,NotOut,TopEdge,BackFoot,Pull,NoMovement,Over,Medium,Left,Null,NotReferred,Null,False,False,False,False,True,False,870,False,False,True,False,False,False,4,0,0,0,0,False,True
427126,2,4.0,5.0,0.0,0.0,8.0,0.0,5.0,12733,,11233,The Women's Hundred 2021,1,901,Trent Rockets Women,895,Birmingham Phoenix Women,2021-08-13T20:05:15Z,2,7.0,False,,,,7052,Emily Arlott,374,Rachel Priest,986,Sammy-Jo Johnson,90,48,Wicketkeeper,0,0,0,0,,BackOfALength,OutsideOff,NotOut,Missed,BackFoot,Cut,NoMovement,Over,Medium,Left,Null,NotReferred,Null,False,False,False,False,False,False,870,False,False,True,False,False,False,0,0,0,0,0,False,False
427126,2,4.0,5.0,0.0,0.0,8.0,0.0,5.0,12733,,11233,The Women's Hundred 2021,1,901,Trent Rockets Women,895,Birmingham Phoenix Women,2021-08-13T20:05:41Z,3,8.0,False,,,,7052,Emily Arlott,374,Rachel Priest,986,Sammy-Jo Johnson,201,55,Short Extra Cover,0,0,0,0,,BackOfALength,OutsideOff,NotOut,None,BackFoot,Pushed,NoMovement,Over,Medium,Left,Null,NotReferred,Null,False,False,False,False,False,False,870,False,False,True,False,False,False,0,0,0,0,0,False,False
427126,2,4.0,5.0,0.0,0.0,8.0,0.0,5.0,12733,,11233,The Women's Hundred 2021,1,901,Trent Rockets Women,895,Birmingham Phoenix Women,2021-08-13T20:06:13Z,4,9.0,False,,,,7052,Emily Arlott,374,Rachel Priest,986,Sammy-Jo Johnson,312,22,Short Leg,0,0,0,0,,BackOfALength,OutsideOff,NotOut,HitPad,BackFoot,Worked,NoMovement,Over,Medium,Left,Null,NotReferred,Null,False,False,False,False,False,False,870,False,False,True,False,False,False,0,0,0,0,0,False,False
427126,2,4.0,5.0,0.0,0.0,8.0,0.0,5.0,12733,,11233,The Women's Hundred 2021,1,901,Trent Rockets Women,895,Birmingham Phoenix Women,2021-08-13T20:06:44Z,5,10.0,False,,,,7052,Emily Arlott,374,Rachel Priest,986,Sammy-Jo Johnson,116,147,Third Man,1,0,1,1,,LengthBall,OutsideOff,NotOut,None,BackFoot,Steer,NoMovement,Over,Medium,Left,Null,NotReferred,Null,False,False,False,False,False,False,870,False,False,True,False,False,False,1,0,0,0,0,False,False
427128,3,7.0,13.0,0.0,2.0,21.0,0.0,13.0,12733,,11233,The Women's Hundred 2021,1,901,Trent Rockets Women,895,Birmingham Phoenix Women,2021-08-13T20:08:03Z,1,11.0,False,,,,416,Kirstie Gordon,374,Rachel Priest,986,Sammy-Jo Johnson,189,179,Deep Point,4,0,4,4,,HalfVolley,OutsideOff,NotOut,WellTimed,FrontFoot,Drive,StockBall,Round,Orthodox,Right,Null,NotReferred,Null,False,False,False,False,False,False,29,False,False,True,False,False,False,4,0,0,0,0,False,True
427128,3,7.0,13.0,0.0,2.0,21.0,0.0,13.0,12733,,11233,The Women's Hundred 2021,1,901,Trent Rockets Women,895,Birmingham Phoenix Women,2021-08-13T20:08:30Z,2,12.0,False,,,,416,Kirstie Gordon,374,Rachel Priest,986,Sammy-Jo Johnson,295,85,Mid On,0,0,0,0,,HalfVolley,OutsideOff,NotOut,MisTimed,FrontFoot,Slog,StockBall,Round,Orthodox,Right,Null,NotReferred,Null,False,False,False,False,False,False,29,False,False,True,False,False,False,0,0,0,0,0,False,False
427128,3,7.0,13.0,0.0,2.0,21.0,0.0,13.0,12733,,11233,The Women's Hundred 2021,1,901,Trent Rockets Women,895,Birmingham Phoenix Women,2021-08-13T20:09:03Z,3,12.0,False,,,,416,Kirstie Gordon,374,Rachel Priest,986,Sammy-Jo Johnson,90,48,Wicketkeeper,1,1,1,0,,LengthBall,DownLeg,NotOut,PlayAndMissLegSide,BackFoot,Glance,StockBall,Round,Orthodox,Right,Null,NotReferred,Null,True,False,False,False,False,False,29,False,False,True,False,False,False,0,0,1,0,0,False,False
427128,3,7.0,13.0,0.0,2.0,21.0,0.0,13.0,12733,,11233,The Women's Hundred 2021,1,901,Trent Rockets Women,895,Birmingham Phoenix Women,2021-08-13T20:09:19Z,3,13.0,False,,,,416,Kirstie Gordon,374,Rachel Priest,986,Sammy-Jo Johnson,291,204,Long On,6,0,6,6,,LengthBall,OutsideOff,NotOut,Middled,FrontFoot,Drive,StockBall,Round,Orthodox,Right,Null,NotReferred,Null,False,False,False,False,True,False,29,False,False,True,False,False,False,6,0,0,0,0,False,False
427128,3,7.0,13.0,0.0,2.0,21.0,0.0,13.0,12733,,11233,The Women's Hundred 2021,1,901,Trent Rockets Women,895,Birmingham Phoenix Women,2021-08-13T20:09:38Z,4,13.0,False,,,,416,Kirstie Gordon,374,Rachel Priest,986,Sammy-Jo Johnson,90,48,Wicketkeeper,1,1,1,0,,LengthBall,DownLeg,NotOut,PlayAndMissLegSide,BackFoot,Glance,StockBall,Over,Orthodox,Right,Null,NotReferred,Null,True,False,False,False,False,False,29,False,False,True,False,False,False,0,0,1,0,0,False,False
427128,3,7.0,13.0,0.0,2.0,21.0,0.0,13.0,12733,,11233,The Women's Hundred 2021,1,901,Trent Rockets Women,895,Birmingham Phoenix Women,2021-08-13T20:10:00Z,4,14.0,False,,,,416,Kirstie Gordon,374,Rachel Priest,986,Sammy-Jo Johnson,15,97,Backward Square Leg,1,0,1,1,,LengthBall,DownLeg,NotOut,None,BackFoot,Worked,StockBall,Over,Orthodox,Right,Null,NotReferred,Null,False,False,False,False,False,False,29,False,False,True,False,False,False,1,0,0,0,0,False,False
427128,3,7.0,13.0,0.0,2.0,21.0,0.0,13.0,12733,,11233,The Women's Hundred 2021,1,901,Trent Rockets Women,895,Birmingham Phoenix Women,2021-08-13T20:10:41Z,5,15.0,False,,,,416,Kirstie Gordon,986,Sammy-Jo Johnson,374,Rachel Priest,270,40,Bowler,0,0,0,0,,LengthBall,LegStump,NotOut,None,FrontFoot,Worked,StockBall,Over,Orthodox,Right,Null,NotReferred,Null,False,False,False,False,False,False,29,False,False,True,False,False,False,0,0,0,0,0,False,False
427130,4,8.5,13.0,1.0,2.0,34.0,1.0,13.0,12733,,11233,The Women's Hundred 2021,1,901,Trent Rockets Women,895,Birmingham Phoenix Women,2021-08-13T20:11:50Z,1,16.0,False,,,,411,Georgia Elwiss,986,Sammy-Jo Johnson,374,Rachel Priest,287,83,Mid On,0,0,0,0,,LengthBall,OutsideOff,NotOut,None,FrontFoot,ForwardDefensive,NoMovement,Over,Fast,Left,Null,NotReferred,Null,False,False,False,False,False,False,29,False,False,True,False,False,False,0,0,0,0,0,False,False
427130,4,8.5,13.0,1.0,2.0,34.0,1.0,13.0,12733,,11233,The Women's Hundred 2021,1,901,Trent Rockets Women,895,Birmingham Phoenix Women,2021-08-13T20:12:02Z,2,16.0,False,,,,411,Georgia Elwiss,986,Sammy-Jo Johnson,374,Rachel Priest,193,83,Cover,2,2,2,0,,BackOfALength,OutsideOff,NotOut,None,BackFoot,Pushed,NoMovement,Over,Fast,Left,Null,NotReferred,FrontFoot,False,True,False,False,False,False,29,False,False,True,False,False,False,0,0,0,0,2,False,False
427130,4,8.5,13.0,1.0,2.0,34.0,1.0,13.0,12733,,11233,The Women's Hundred 2021,1,901,Trent Rockets Women,895,Birmingham Phoenix Women,2021-08-13T20:12:45Z,2,17.0,False,,,,411,Georgia Elwiss,986,Sammy-Jo Johnson,374,Rachel Priest,1,1,,6,0,6,6,,Short,MiddleStump,NotOut,Middled,BacksAway,Pull,NoMovement,Over,Fast,Left,Null,NotReferred,Null,False,False,False,False,True,False,29,True,False,True,False,False,False,6,0,0,0,0,False,False
427130,4,8.5,13.0,1.0,2.0,34.0,1.0,13.0,12733,,11233,The Women's Hundred 2021,1,901,Trent Rockets Women,895,Birmingham Phoenix Women,2021-08-13T20:13:13Z,3,18.0,False,,,,411,Georgia Elwiss,986,Sammy-Jo Johnson,374,Rachel Priest,1,149,Deep Square Leg,1,0,1,1,,LengthBall,MiddleStump,NotOut,None,FrontFoot,Slog,NoMovement,Over,Fast,Left,Null,NotReferred,Null,False,False,False,False,True,False,29,False,False,True,False,False,False,1,0,0,0,0,False,False
427130,4,8.5,13.0,1.0,2.0,34.0,1.0,13.0,12733,,11233,The Women's Hundred 2021,1,901,Trent Rockets Women,895,Birmingham Phoenix Women,2021-08-13T20:13:41Z,4,19.0,False,,,,411,Georgia Elwiss,374,Rachel Priest,986,Sammy-Jo Johnson,170,180,Deep Backward Point,4,0,4,4,,BackOfALength,OutsideOff,NotOut,WellTimed,BackFoot,Cut,NoMovement,Over,Fast,Left,Null,NotReferred,Null,False,False,False,False,False,False,29,False,False,True,False,False,False,4,0,0,0,0,False,False
427130,4,8.5,13.0,1.0,2.0,34.0,1.0,13.0,12733,,11233,The Women's Hundred 2021,1,901,Trent Rockets Women,895,Birmingham Phoenix Women,2021-08-13T20:14:12Z,5,20.0,True,Bowled,374.0,Rachel Priest,411,Georgia Elwiss,374,Rachel Priest,986,Sammy-Jo Johnson,0,0,,0,0,0,0,Bowled,LengthBall,MiddleStump,NotOut,Missed,FrontFoot,Slog,NoMovement,Over,Fast,Left,Out2ndUmpire,NotReferred,Null,False,False,False,False,False,False,29,False,False,True,False,False,False,0,0,0,0,0,False,False
427131,5,7.8,5.0,0.0,0.0,39.0,1.0,5.0,12733,,11233,The Women's Hundred 2021,1,901,Trent Rockets Women,895,Birmingham Phoenix Women,2021-08-13T20:15:57Z,1,21.0,False,,,,2934,Issy Wong,986,Sammy-Jo Johnson,388,Natalie Sciver-Brunt,346,185,Deep Mid Wicket,4,0,4,4,,BackOfALength,OutsideOff,NotOut,WellTimed,BackFoot,Pull,NoMovement,Over,Fast,Left,Null,NotReferred,Null,False,False,False,False,True,False,870,False,False,True,False,False,False,4,0,0,0,0,False,True
427131,5,7.8,5.0,0.0,0.0,39.0,1.0,5.0,12733,,11233,The Women's Hundred 2021,1,901,Trent Rockets Women,895,Birmingham Phoenix Women,2021-08-13T20:16:27Z,2,22.0,False,,,,2934,Issy Wong,986,Sammy-Jo Johnson,388,Natalie Sciver-Brunt,350,160,Deep Mid Wicket,1,0,1,1,,BackOfALength,OutsideOff,NotOut,WellTimed,BackFoot,Pull,NoMovement,Over,Fast,Left,Null,NotReferred,Null,False,False,False,False,True,False,870,False,False,True,False,False,False,1,0,0,0,0,False,False
427131,5,7.8,5.0,0.0,0.0,39.0,1.0,5.0,12733,,11233,The Women's Hundred 2021,1,901,Trent Rockets Women,895,Birmingham Phoenix Women,2021-08-13T20:17:01Z,3,23.0,False,,,,2934,Issy Wong,388,Natalie Sciver-Brunt,986,Sammy-Jo Johnson,270,40,Bowler,0,0,0,0,,LengthBall,OutsideOff,NotOut,None,FrontFoot,ForwardDefensive,NoMovement,Over,Fast,Left,Null,NotReferred,Null,False,False,False,False,False,False,870,False,False,True,False,False,False,0,0,0,0,0,False,False
427131,5,7.8,5.0,0.0,0.0,39.0,1.0,5.0,12733,,11233,The Women's Hundred 2021,1,901,Trent Rockets Women,895,Birmingham Phoenix Women,2021-08-13T20:17:26Z,4,24.0,False,,,,2934,Issy Wong,388,Natalie Sciver-Brunt,986,Sammy-Jo Johnson,90,48,Wicketkeeper,0,0,0,0,,BackOfALength,OutsideOff,NotOut,Missed,BackFoot,Cut,NoMovement,Over,Fast,Left,Null,NotReferred,Null,False,False,False,False,False,False,870,False,False,True,False,False,False,0,0,0,0,0,False,False
427131,5,7.8,5.0,0.0,0.0,39.0,1.0,5.0,12733,,11233,The Women's Hundred 2021,1,901,Trent Rockets Women,895,Birmingham Phoenix Women,2021-08-13T20:17:56Z,5,25.0,False,,,,2934,Issy Wong,388,Natalie Sciver-Brunt,986,Sammy-Jo Johnson,302,53,Silly Mid On,0,0,0,0,,BackOfALength,OutsideOff,NotOut,MisTimed,BackFoot,Pull,NoMovement,Over,Fast,Left,Null,NotReferred,Null,False,False,False,False,False,False,870,False,False,True,False,False,False,0,0,0,0,0,False,False
427132,6,7.17,4.0,0.0,0.0,43.0,1.0,4.0,12733,,11233,The Women's Hundred 2021,1,901,Trent Rockets Women,895,Birmingham Phoenix Women,2021-08-13T20:19:06Z,1,26.0,False,,,,7853,Abtaha Maqsood,388,Natalie Sciver-Brunt,986,Sammy-Jo Johnson,305,159,Long On,1,0,1,1,,HalfVolley,OffStump,NotOut,None,DownTheTrack,Worked,LegSpinner,Over,LegSpin,Left,Null,NotReferred,Null,False,False,False,False,False,False,870,False,False,False,False,False,False,1,0,0,0,0,False,False
427132,6,7.17,4.0,0.0,0.0,43.0,1.0,4.0,12733,,11233,The Women's Hundred 2021,1,901,Trent Rockets Women,895,Birmingham Phoenix Women,2021-08-13T20:19:26Z,2,27.0,False,,,,7853,Abtaha Maqsood,986,Sammy-Jo Johnson,388,Natalie Sciver-Brunt,350,151,Deep Mid Wicket,1,0,1,1,,LengthBall,OutsideOff,NotOut,None,FrontFoot,Sweep,LegSpinner,Over,LegSpin,Left,Null,NotReferred,Null,False,False,False,False,False,False,870,False,False,False,False,False,False,1,0,0,0,0,False,False
427132,6,7.17,4.0,0.0,0.0,43.0,1.0,4.0,12733,,11233,The Women's Hundred 2021,1,901,Trent Rockets Women,895,Birmingham Phoenix Women,2021-08-13T20:19:51Z,3,28.0,False,,,,7853,Abtaha Maqsood,388,Natalie Sciver-Brunt,986,Sammy-Jo Johnson,230,60,Short Extra Cover,0,0,0,0,,LengthBall,OutsideOff,NotOut,None,DownTheTrack,Drive,LegSpinner,Over,LegSpin,Left,Null,NotReferred,Null,False,False,False,False,False,False,870,False,False,False,False,False,False,0,0,0,0,0,False,False
427132,6,7.17,4.0,0.0,0.0,43.0,1.0,4.0,12733,,11233,The Women's Hundred 2021,1,901,Trent Rockets Women,895,Birmingham Phoenix Women,2021-08-13T20:20:19Z,4,29.0,False,,,,7853,Abtaha Maqsood,388,Natalie Sciver-Brunt,986,Sammy-Jo Johnson,351,145,Deep Mid Wicket,1,0,1,1,,FullToss,OffStump,NotOut,None,DownTheTrack,Pull,LegSpinner,Over,LegSpin,Left,Null,NotReferred,Null,False,False,False,False,False,False,870,False,False,False,False,False,False,1,0,0,0,0,False,False
427132,6,7.17,4.0,0.0,0.0,43.0,1.0,4.0,12733,,11233,The Women's Hundred 2021,1,901,Trent Rockets Women,895,Birmingham Phoenix Women,2021-08-13T20:20:43Z,5,30.0,False,,,,7853,Abtaha Maqsood,986,Sammy-Jo Johnson,388,Natalie Sciver-Brunt,334,155,Deep Mid Wicket,1,0,1,1,,LengthBall,OutsideOff,NotOut,None,DownTheTrack,Slog,LegSpinner,Over,LegSpin,Left,Null,NotReferred,Null,False,False,False,False,False,False,870,False,False,False,False,False,False,1,0,0,0,0,False,False
427133,7,7.0,6.0,1.0,0.0,49.0,2.0,6.0,12733,,11233,The Women's Hundred 2021,1,901,Trent Rockets Women,895,Birmingham Phoenix Women,2021-08-13T20:21:40Z,1,31.0,False,,,,534,Erin Burns,986,Sammy-Jo Johnson,388,Natalie Sciver-Brunt,346,156,Deep Mid Wicket,1,0,1,1,,HalfVolley,MiddleStump,NotOut,None,FrontFoot,Worked,OffBreak,Over,OffSpin,Left,Null,NotReferred,Null,False,False,False,False,False,False,29,False,False,False,False,False,False,1,0,0,0,0,False,False
427133,7,7.0,6.0,1.0,0.0,49.0,2.0,6.0,12733,,11233,The Women's Hundred 2021,1,901,Trent Rockets Women,895,Birmingham Phoenix Women,2021-08-13T20:22:12Z,2,32.0,False,,,,534,Erin Burns,388,Natalie Sciver-Brunt,986,Sammy-Jo Johnson,200,78,Cover,0,0,0,0,,HalfVolley,OutsideOff,NotOut,None,FrontFoot,Drive,OffBreak,Over,OffSpin,Left,Null,NotReferred,Null,False,False,False,False,False,False,29,False,False,False,False,False,False,0,0,0,0,0,False,False
427133,7,7.0,6.0,1.0,0.0,49.0,2.0,6.0,12733,,11233,The Women's Hundred 2021,1,901,Trent Rockets Women,895,Birmingham Phoenix Women,2021-08-13T20:22:30Z,3,33.0,False,,,,534,Erin Burns,388,Natalie Sciver-Brunt,986,Sammy-Jo Johnson,199,204,Deep Cover,4,0,4,4,,BackOfALength,OutsideOff,NotOut,WellTimed,BackFoot,Drive,OffBreak,Over,OffSpin,Left,Null,NotReferred,Null,False,False,False,False,False,False,29,False,False,False,False,False,False,4,0,0,0,0,False,True
427133,7,7.0,6.0,1.0,0.0,49.0,2.0,6.0,12733,,11233,The Women's Hundred 2021,1,901,Trent Rockets Women,895,Birmingham Phoenix Women,2021-08-13T20:22:55Z,4,34.0,False,,,,534,Erin Burns,388,Natalie Sciver-Brunt,986,Sammy-Jo Johnson,314,155,Long On,1,0,1,1,,LengthBall,OffStump,NotOut,None,FrontFoot,Worked,OffBreak,Over,OffSpin,Left,Null,NotReferred,Null,False,False,False,False,False,False,29,False,False,False,False,False,False,1,0,0,0,0,False,False
427133,7,7.0,6.0,1.0,0.0,49.0,2.0,6.0,12733,,11233,The Women's Hundred 2021,1,901,Trent Rockets Women,895,Birmingham Phoenix Women,2021-08-13T20:23:18Z,5,35.0,True,Lbw,986.0,Sammy-Jo Johnson,534,Erin Burns,986,Sammy-Jo Johnson,388,Natalie Sciver-Brunt,0,0,,0,0,0,0,LBW,LengthBall,OutsideOff,NotOut,HitPad,FrontFoot,ReverseSweep,OffBreak,Over,OffSpin,Left,Out2ndUmpire,OutReviewLost,Null,False,False,False,False,False,False,14,False,False,False,False,False,True,0,0,0,0,0,False,False
427134,8,6.38,2.0,1.0,0.0,51.0,3.0,2.0,12733,,11233,The Women's Hundred 2021,1,901,Trent Rockets Women,895,Birmingham Phoenix Women,2021-08-13T20:26:30Z,1,36.0,False,,,,416,Kirstie Gordon,1750,Katherine Sciver-Brunt,388,Natalie Sciver-Brunt,270,40,Bowler,0,0,0,0,,LengthBall,OutsideOff,NotOut,Missed,FrontFoot,Pushed,StockBall,Round,Orthodox,Right,Null,NotReferred,Null,False,False,False,False,False,False,29,False,False,False,False,False,False,0,0,0,0,0,False,False
427134,8,6.38,2.0,1.0,0.0,51.0,3.0,2.0,12733,,11233,The Women's Hundred 2021,1,901,Trent Rockets Women,895,Birmingham Phoenix Women,2021-08-13T20:26:51Z,2,37.0,False,,,,416,Kirstie Gordon,1750,Katherine Sciver-Brunt,388,Natalie Sciver-Brunt,293,121,Mid On,1,0,1,1,,FullToss,OffStump,NotOut,None,FrontFoot,Pushed,StockBall,Round,Orthodox,Right,Null,NotReferred,Null,False,False,False,False,False,False,29,False,False,False,False,False,False,1,0,0,0,0,False,False
427134,8,6.38,2.0,1.0,0.0,51.0,3.0,2.0,12733,,11233,The Women's Hundred 2021,1,901,Trent Rockets Women,895,Birmingham Phoenix Women,2021-08-13T20:27:09Z,3,38.0,False,,,,416,Kirstie Gordon,388,Natalie Sciver-Brunt,1750,Katherine Sciver-Brunt,9,90,Backward Square Leg,1,0,1,1,,LengthBall,LegStump,NotOut,None,BackFoot,Worked,StockBall,Round,Orthodox,Right,Null,NotReferred,Null,False,False,False,False,False,False,29,False,False,False,False,False,False,1,0,0,0,0,False,False
427134,8,6.38,2.0,1.0,0.0,51.0,3.0,2.0,12733,,11233,The Women's Hundred 2021,1,901,Trent Rockets Women,895,Birmingham Phoenix Women,2021-08-13T20:27:29Z,4,39.0,True,Bowled,1750.0,Katherine Sciver-Brunt,416,Kirstie Gordon,1750,Katherine Sciver-Brunt,388,Natalie Sciver-Brunt,0,0,,0,0,0,0,Bowled,LengthBall,LegStump,NotOut,PlayAndMissLegSide,BackFoot,Glance,StockBall,Round,Orthodox,Right,Out2ndUmpire,NotReferred,Null,False,False,False,False,False,False,29,False,False,False,False,False,False,0,0,0,0,0,False,False
427134,8,6.38,2.0,1.0,0.0,51.0,3.0,2.0,12733,,11233,The Women's Hundred 2021,1,901,Trent Rockets Women,895,Birmingham Phoenix Women,2021-08-13T20:29:16Z,5,40.0,False,,,,416,Kirstie Gordon,1123,Heather Graham,388,Natalie Sciver-Brunt,238,87,Mid Off,0,0,0,0,,LengthBall,OutsideOff,NotOut,None,FrontFoot,ForwardDefensive,StockBall,Round,Orthodox,Right,Null,NotReferred,Null,False,False,False,False,False,False,29,False,False,False,False,False,False,0,0,0,0,0,False,False
427135,9,5.89,2.0,0.0,0.0,53.0,3.0,2.0,12733,,11233,The Women's Hundred 2021,1,901,Trent Rockets Women,895,Birmingham Phoenix Women,2021-08-13T20:30:34Z,1,41.0,False,,,,7052,Emily Arlott,388,Natalie Sciver-Brunt,1123,Heather Graham,284,86,Mid On,1,0,1,1,,LengthBall,OutsideOff,NotOut,None,FrontFoot,Drive,NoMovement,Over,Medium,Left,Null,NotReferred,Null,False,False,False,False,False,False,870,False,False,False,False,False,False,1,0,0,0,0,False,False
427135,9,5.89,2.0,0.0,0.0,53.0,3.0,2.0,12733,,11233,The Women's Hundred 2021,1,901,Trent Rockets Women,895,Birmingham Phoenix Women,2021-08-13T20:30:59Z,2,42.0,False,,,,7052,Emily Arlott,1123,Heather Graham,388,Natalie Sciver-Brunt,217,48,Short Extra Cover,0,0,0,0,,LengthBall,OutsideOff,NotOut,None,FrontFoot,Drive,NoMovement,Over,Medium,Left,Null,NotReferred,Null,False,False,False,False,False,False,870,False,False,False,False,False,False,0,0,0,0,0,False,False
427135,9,5.89,2.0,0.0,0.0,53.0,3.0,2.0,12733,,11233,The Women's Hundred 2021,1,901,Trent Rockets Women,895,Birmingham Phoenix Women,2021-08-13T20:31:29Z,3,43.0,False,,,,7052,Emily Arlott,1123,Heather Graham,388,Natalie Sciver-Brunt,135,14,Silly Point,0,0,0,0,,LengthBall,OutsideOff,NotOut,MisTimed,FrontFoot,Drive,NoMovement,Over,Medium,Left,Null,NotReferred,Null,False,False,False,False,False,False,870,False,False,False,False,False,False,0,0,0,0,0,False,False
427135,9,5.89,2.0,0.0,0.0,53.0,3.0,2.0,12733,,11233,The Women's Hundred 2021,1,901,Trent Rockets Women,895,Birmingham Phoenix Women,2021-08-13T20:31:54Z,4,44.0,False,,,,7052,Emily Arlott,1123,Heather Graham,388,Natalie Sciver-Brunt,204,54,Short Extra Cover,1,0,1,1,,LengthBall,OutsideOff,NotOut,MisTimed,FrontFoot,Drive,NoMovement,Over,Medium,Left,Null,NotReferred,Null,False,False,False,False,False,False,870,False,False,False,False,False,False,1,0,0,0,0,False,False
427135,9,5.89,2.0,0.0,0.0,53.0,3.0,2.0,12733,,11233,The Women's Hundred 2021,1,901,Trent Rockets Women,895,Birmingham Phoenix Women,2021-08-13T20:32:22Z,5,45.0,False,,,,7052,Emily Arlott,388,Natalie Sciver-Brunt,1123,Heather Graham,90,48,Wicketkeeper,0,0,0,0,,LengthBall,OutsideOff,NotOut,Missed,FrontFoot,Drive,NoMovement,Over,Medium,Left,Null,NotReferred,Null,False,False,False,False,False,False,870,False,False,False,False,False,False,0,0,0,0,0,False,False
427137,10,6.1,8.0,0.0,0.0,61.0,3.0,8.0,12733,,11233,The Women's Hundred 2021,1,901,Trent Rockets Women,895,Birmingham Phoenix Women,2021-08-13T20:33:11Z,1,46.0,False,,,,7853,Abtaha Maqsood,388,Natalie Sciver-Brunt,1123,Heather Graham,1,157,Deep Square Leg,1,0,1,1,,LengthBall,OffStump,NotOut,None,FrontFoot,Sweep,LegSpinner,Over,LegSpin,Left,Null,NotReferred,Null,False,False,False,False,False,False,870,False,False,False,False,False,False,1,0,0,0,0,False,False
427137,10,6.1,8.0,0.0,0.0,61.0,3.0,8.0,12733,,11233,The Women's Hundred 2021,1,901,Trent Rockets Women,895,Birmingham Phoenix Women,2021-08-13T20:33:32Z,2,47.0,False,,,,7853,Abtaha Maqsood,1123,Heather Graham,388,Natalie Sciver-Brunt,316,159,Long On,1,0,1,1,,LengthBall,OutsideOff,NotOut,WellTimed,DownTheTrack,Flick,LegSpinner,Over,LegSpin,Left,Null,NotReferred,Null,False,False,False,False,True,False,870,False,False,False,False,False,False,1,0,0,0,0,False,False
427137,10,6.1,8.0,0.0,0.0,61.0,3.0,8.0,12733,,11233,The Women's Hundred 2021,1,901,Trent Rockets Women,895,Birmingham Phoenix Women,2021-08-13T20:34:04Z,3,48.0,False,,,,7853,Abtaha Maqsood,388,Natalie Sciver-Brunt,1123,Heather Graham,174,147,Deep Point,2,0,2,2,,LengthBall,OutsideOff,NotOut,MisTimed,DownTheTrack,Drive,LegSpinner,Over,LegSpin,Left,Null,NotReferred,Null,False,False,False,False,False,False,870,False,False,False,False,False,False,2,0,0,0,0,False,False
427137,10,6.1,8.0,0.0,0.0,61.0,3.0,8.0,12733,,11233,The Women's Hundred 2021,1,901,Trent Rockets Women,895,Birmingham Phoenix Women,2021-08-13T20:34:36Z,4,49.0,False,,,,7853,Abtaha Maqsood,388,Natalie Sciver-Brunt,1123,Heather Graham,244,94,Mid Off,0,0,0,0,,LengthBall,OutsideOff,NotOut,MisTimed,BackFoot,Cut,LegSpinner,Over,LegSpin,Left,Null,NotReferred,Null,False,False,False,False,False,False,870,False,False,False,False,False,False,0,0,0,0,0,False,False
427137,10,6.1,8.0,0.0,0.0,61.0,3.0,8.0,12733,,11233,The Women's Hundred 2021,1,901,Trent Rockets Women,895,Birmingham Phoenix Women,2021-08-13T20:34:59Z,5,50.0,False,,,,7853,Abtaha Maqsood,388,Natalie Sciver-Brunt,1123,Heather Graham,320,213,Deep Mid Wicket,4,0,4,4,,FullToss,OutsideOff,NotOut,WellTimed,DownTheTrack,Worked,LegSpinner,Over,LegSpin,Left,Null,NotReferred,Null,False,False,False,False,False,False,870,False,False,False,False,False,False,4,0,0,0,0,False,True
427140,11,6.18,7.0,1.0,0.0,68.0,4.0,7.0,12733,,11233,The Women's Hundred 2021,1,901,Trent Rockets Women,895,Birmingham Phoenix Women,2021-08-13T20:36:04Z,1,51.0,False,,,,534,Erin Burns,1123,Heather Graham,388,Natalie Sciver-Brunt,194,150,Deep Cover,1,0,1,1,,FullToss,OutsideOff,NotOut,None,DownTheTrack,Drive,OffBreak,Over,OffSpin,Left,Null,NotReferred,Null,False,False,False,False,False,False,29,False,False,False,False,False,False,1,0,0,0,0,False,False
427140,11,6.18,7.0,1.0,0.0,68.0,4.0,7.0,12733,,11233,The Women's Hundred 2021,1,901,Trent Rockets Women,895,Birmingham Phoenix Women,2021-08-13T20:36:23Z,2,52.0,True,RunOut,388.0,Natalie Sciver-Brunt,534,Erin Burns,388,Natalie Sciver-Brunt,1123,Heather Graham,345,156,Deep Mid Wicket,1,0,1,1,Run out,HalfVolley,OutsideOff,NotOut,None,DownTheTrack,Worked,OffBreak,Over,OffSpin,Left,Out3rdUmpire,NotReferred,Null,False,False,False,False,False,False,14,False,False,False,False,False,False,1,0,0,0,0,False,False
427140,11,6.18,7.0,1.0,0.0,68.0,4.0,7.0,12733,,11233,The Women's Hundred 2021,1,901,Trent Rockets Women,895,Birmingham Phoenix Women,2021-08-13T20:38:38Z,3,53.0,False,,,,534,Erin Burns,1123,Heather Graham,3419,Abbey Freeborn,326,161,Deep Mid Wicket,1,0,1,1,,LengthBall,OutsideOff,NotOut,None,DownTheTrack,Worked,OffBreak,Over,OffSpin,Left,Null,NotReferred,Null,False,False,False,False,False,False,29,False,False,False,False,False,False,1,0,0,0,0,False,False
427140,11,6.18,7.0,1.0,0.0,68.0,4.0,7.0,12733,,11233,The Women's Hundred 2021,1,901,Trent Rockets Women,895,Birmingham Phoenix Women,2021-08-13T20:39:13Z,4,54.0,False,,,,534,Erin Burns,3419,Abbey Freeborn,1123,Heather Graham,166,81,Backward Point,0,0,0,0,,LengthBall,OutsideOff,NotOut,None,BackFoot,Cut,OffBreak,Over,OffSpin,Left,Null,NotReferred,Null,False,False,False,False,False,False,29,False,False,False,False,False,False,0,0,0,0,0,False,False
427140,11,6.18,7.0,1.0,0.0,68.0,4.0,7.0,12733,,11233,The Women's Hundred 2021,1,901,Trent Rockets Women,895,Birmingham Phoenix Women,2021-08-13T20:39:44Z,5,55.0,False,,,,534,Erin Burns,3419,Abbey Freeborn,1123,Heather Graham,119,176,Third Man,4,0,4,4,,LengthBall,OutsideOff,NotOut,WellTimed,BacksAway,LateCut,OffBreak,Over,OffSpin,Left,Null,NotReferred,Null,False,False,False,False,False,False,29,False,False,False,False,False,False,4,0,0,0,0,False,True
427142,12,6.0,4.0,0.0,0.0,72.0,4.0,4.0,12733,,11233,The Women's Hundred 2021,1,901,Trent Rockets Women,895,Birmingham Phoenix Women,2021-08-13T20:41:03Z,1,56.0,False,,,,411,Georgia Elwiss,3419,Abbey Freeborn,1123,Heather Graham,90,48,Wicketkeeper,0,0,0,0,,LengthBall,OutsideOff,NotOut,Missed,FrontFoot,Pushed,NoMovement,Over,Fast,Left,Null,NotReferred,Null,False,False,False,False,False,False,29,False,False,False,False,False,False,0,0,0,0,0,False,False
427142,12,6.0,4.0,0.0,0.0,72.0,4.0,4.0,12733,,11233,The Women's Hundred 2021,1,901,Trent Rockets Women,895,Birmingham Phoenix Women,2021-08-13T20:41:14Z,2,57.0,False,,,,411,Georgia Elwiss,3419,Abbey Freeborn,1123,Heather Graham,175,142,Deep Point,2,0,2,2,,LengthBall,OutsideOff,NotOut,WellTimed,FrontFoot,Drive,NoMovement,Over,Fast,Left,Null,NotReferred,Null,False,False,False,False,False,False,29,False,False,False,False,False,False,2,0,0,0,0,False,False
427142,12,6.0,4.0,0.0,0.0,72.0,4.0,4.0,12733,,11233,The Women's Hundred 2021,1,901,Trent Rockets Women,895,Birmingham Phoenix Women,2021-08-13T20:41:44Z,3,58.0,False,,,,411,Georgia Elwiss,3419,Abbey Freeborn,1123,Heather Graham,159,80,Backward Point,1,0,1,1,,LengthBall,OutsideOff,NotOut,None,BackFoot,Cut,NoMovement,Over,Fast,Left,Null,NotReferred,Null,False,False,False,False,False,False,29,False,False,False,False,False,False,1,0,0,0,0,False,False
427142,12,6.0,4.0,0.0,0.0,72.0,4.0,4.0,12733,,11233,The Women's Hundred 2021,1,901,Trent Rockets Women,895,Birmingham Phoenix Women,2021-08-13T20:42:11Z,4,59.0,False,,,,411,Georgia Elwiss,1123,Heather Graham,3419,Abbey Freeborn,322,143,Deep Mid Wicket,1,0,1,1,,LengthBall,OutsideOff,NotOut,None,BackFoot,Worked,NoMovement,Over,Fast,Left,Null,NotReferred,Null,False,False,False,False,False,False,29,False,False,False,False,False,False,1,0,0,0,0,False,False
427142,12,6.0,4.0,0.0,0.0,72.0,4.0,4.0,12733,,11233,The Women's Hundred 2021,1,901,Trent Rockets Women,895,Birmingham Phoenix Women,2021-08-13T20:42:38Z,5,60.0,False,,,,411,Georgia Elwiss,3419,Abbey Freeborn,1123,Heather Graham,243,33,Silly Mid Off,0,0,0,0,,LengthBall,OutsideOff,NotOut,None,BackFoot,Pushed,NoMovement,Over,Fast,Left,Null,NotReferred,Null,False,False,False,False,False,False,29,False,False,False,False,False,False,0,0,0,0,0,False,False
427144,13,5.92,6.0,0.0,0.0,77.0,4.0,6.0,12733,,11233,The Women's Hundred 2021,1,901,Trent Rockets Women,895,Birmingham Phoenix Women,2021-08-13T20:43:41Z,1,61.0,False,,,,7853,Abtaha Maqsood,1123,Heather Graham,3419,Abbey Freeborn,301,158,Long On,1,0,1,1,,LengthBall,MiddleStump,NotOut,None,DownTheTrack,Worked,LegSpinner,Over,LegSpin,Left,Null,NotReferred,Null,False,False,False,False,False,False,870,False,False,False,False,False,False,1,0,0,0,0,False,False
427144,13,5.92,6.0,0.0,0.0,77.0,4.0,6.0,12733,,11233,The Women's Hundred 2021,1,901,Trent Rockets Women,895,Birmingham Phoenix Women,2021-08-13T20:44:04Z,2,62.0,False,,,,7853,Abtaha Maqsood,3419,Abbey Freeborn,1123,Heather Graham,15,145,Deep Backward Square Leg,1,0,1,1,,FullToss,OutsideOff,NotOut,None,FrontFoot,Sweep,LegSpinner,Over,LegSpin,Left,Null,NotReferred,Null,False,False,False,False,False,False,870,False,False,False,False,False,False,1,0,0,0,0,False,False
427144,13,5.92,6.0,0.0,0.0,77.0,4.0,6.0,12733,,11233,The Women's Hundred 2021,1,901,Trent Rockets Women,895,Birmingham Phoenix Women,2021-08-13T20:44:31Z,3,63.0,False,,,,7853,Abtaha Maqsood,1123,Heather Graham,3419,Abbey Freeborn,349,150,Deep Mid Wicket,1,0,1,1,,LengthBall,LegStump,NotOut,None,DownTheTrack,Worked,LegSpinner,Over,LegSpin,Left,Null,NotReferred,Null,False,False,False,False,False,False,870,False,False,False,False,False,False,1,0,0,0,0,False,False
427144,13,5.92,6.0,0.0,0.0,77.0,4.0,6.0,12733,,11233,The Women's Hundred 2021,1,901,Trent Rockets Women,895,Birmingham Phoenix Women,2021-08-13T20:44:49Z,4,64.0,False,,,,7853,Abtaha Maqsood,3419,Abbey Freeborn,1123,Heather Graham,346,150,Deep Mid Wicket,1,0,1,1,,BackOfALength,OutsideOff,NotOut,None,BackFoot,Pull,LegSpinner,Over,LegSpin,Left,Null,NotReferred,Null,False,False,False,False,False,False,870,False,False,False,False,False,False,1,0,0,0,0,False,False
427144,13,5.92,6.0,0.0,0.0,77.0,4.0,6.0,12733,,11233,The Women's Hundred 2021,1,901,Trent Rockets Women,895,Birmingham Phoenix Women,2021-08-13T20:45:13Z,5,65.0,False,,,,7853,Abtaha Maqsood,1123,Heather Graham,3419,Abbey Freeborn,295,147,Long On,2,0,2,2,,LengthBall,OutsideOff,NotOut,MisTimed,DownTheTrack,Drive,LegSpinner,Over,LegSpin,Left,Null,NotReferred,Null,False,False,False,False,False,False,870,False,False,False,False,False,False,2,0,0,0,0,False,False
427147,14,6.21,9.0,0.0,1.0,87.0,4.0,9.0,12733,,11233,The Women's Hundred 2021,1,901,Trent Rockets Women,895,Birmingham Phoenix Women,2021-08-13T20:46:25Z,1,66.0,False,,,,7052,Emily Arlott,1123,Heather Graham,3419,Abbey Freeborn,195,88,Cover,1,0,1,1,,LengthBall,OutsideOff,NotOut,WellTimed,BacksAway,Drive,NoMovement,Over,Medium,Left,Null,NotReferred,Null,False,False,False,False,True,False,870,False,False,False,False,False,False,1,0,0,0,0,False,False
427147,14,6.21,9.0,0.0,1.0,87.0,4.0,9.0,12733,,11233,The Women's Hundred 2021,1,901,Trent Rockets Women,895,Birmingham Phoenix Women,2021-08-13T20:47:49Z,2,67.0,False,,,,7052,Emily Arlott,3419,Abbey Freeborn,1123,Heather Graham,200,79,Cover,1,0,1,1,,FullToss,OutsideOff,NotOut,None,FrontFoot,Drive,NoMovement,Over,Medium,Left,Null,NotReferred,Null,False,False,False,False,False,False,870,False,False,False,False,False,False,1,0,0,0,0,False,False
427147,14,6.21,9.0,0.0,1.0,87.0,4.0,9.0,12733,,11233,The Women's Hundred 2021,1,901,Trent Rockets Women,895,Birmingham Phoenix Women,2021-08-13T20:48:08Z,3,68.0,False,,,,7052,Emily Arlott,1123,Heather Graham,3419,Abbey Freeborn,200,208,Deep Cover,4,0,4,4,,LengthBall,OutsideOff,NotOut,WellTimed,FrontFoot,Drive,NoMovement,Over,Medium,Left,Null,NotReferred,Null,False,False,False,False,True,False,870,False,False,False,False,False,False,4,0,0,0,0,False,True
427147,14,6.21,9.0,0.0,1.0,87.0,4.0,9.0,12733,,11233,The Women's Hundred 2021,1,901,Trent Rockets Women,895,Birmingham Phoenix Women,2021-08-13T20:49:48Z,4,69.0,False,,,,7052,Emily Arlott,1123,Heather Graham,3419,Abbey Freeborn,90,48,Wicketkeeper,0,0,0,0,,BackOfALength,OutsideOff,NotOut,Missed,BackFoot,Cut,NoMovement,Over,Medium,Left,Null,NotReferred,Null,False,False,False,False,False,False,870,False,False,False,False,False,False,0,0,0,0,0,False,False
427147,14,6.21,9.0,0.0,1.0,87.0,4.0,9.0,12733,,11233,The Women's Hundred 2021,1,901,Trent Rockets Women,895,Birmingham Phoenix Women,2021-08-13T20:49:58Z,5,69.0,False,,,,7052,Emily Arlott,1123,Heather Graham,3419,Abbey Freeborn,90,48,Wicketkeeper,1,1,1,0,,BackOfALength,OffStump,NotOut,PlayAndMissLegSide,BackFoot,Glance,NoMovement,Over,Medium,Left,Null,NotReferred,Null,True,False,False,False,False,False,870,False,False,False,False,False,False,0,0,1,0,0,False,False
427147,14,6.21,9.0,0.0,1.0,87.0,4.0,9.0,12733,,11233,The Women's Hundred 2021,1,901,Trent Rockets Women,895,Birmingham Phoenix Women,2021-08-13T20:50:18Z,5,70.0,False,,,,7052,Emily Arlott,1123,Heather Graham,3419,Abbey Freeborn,345,152,Deep Mid Wicket,2,0,2,2,,HalfVolley,LegStump,NotOut,None,FrontFoot,Worked,NoMovement,Over,Medium,Left,Null,NotReferred,Null,False,False,False,False,False,False,870,False,False,False,False,False,False,2,0,0,0,0,False,False
427150,15,5.93,2.0,0.0,0.0,89.0,4.0,2.0,12733,,11233,The Women's Hundred 2021,1,901,Trent Rockets Women,895,Birmingham Phoenix Women,2021-08-13T20:50:44Z,1,71.0,False,,,,534,Erin Burns,3419,Abbey Freeborn,1123,Heather Graham,219,67,Short Extra Cover,0,0,0,0,,HalfVolley,OutsideOff,NotOut,None,FrontFoot,Drive,OffBreak,Over,OffSpin,Left,Null,NotReferred,Null,False,False,False,False,False,False,29,False,False,False,False,False,False,0,0,0,0,0,False,False
427150,15,5.93,2.0,0.0,0.0,89.0,4.0,2.0,12733,,11233,The Women's Hundred 2021,1,901,Trent Rockets Women,895,Birmingham Phoenix Women,2021-08-13T20:50:56Z,2,72.0,False,,,,534,Erin Burns,3419,Abbey Freeborn,1123,Heather Graham,90,48,Wicketkeeper,0,0,0,0,,LengthBall,OutsideOff,NotOut,Missed,BackFoot,Cut,OffBreak,Over,OffSpin,Left,Null,NotReferred,Null,False,False,False,False,False,False,29,False,False,False,False,False,False,0,0,0,0,0,False,False
427150,15,5.93,2.0,0.0,0.0,89.0,4.0,2.0,12733,,11233,The Women's Hundred 2021,1,901,Trent Rockets Women,895,Birmingham Phoenix Women,2021-08-13T20:51:23Z,3,73.0,False,,,,534,Erin Burns,3419,Abbey Freeborn,1123,Heather Graham,333,60,Short Mid Wicket,0,0,0,0,,LengthBall,LegStump,NotOut,None,DownTheTrack,Worked,OffBreak,Over,OffSpin,Left,Null,NotReferred,Null,False,False,False,False,False,False,29,False,False,False,False,False,False,0,0,0,0,0,False,False
427150,15,5.93,2.0,0.0,0.0,89.0,4.0,2.0,12733,,11233,The Women's Hundred 2021,1,901,Trent Rockets Women,895,Birmingham Phoenix Women,2021-08-13T20:51:34Z,4,74.0,False,,,,534,Erin Burns,3419,Abbey Freeborn,1123,Heather Graham,4,157,Deep Square Leg,1,0,1,1,,LengthBall,OutsideOff,NotOut,WellTimed,FrontFoot,SlogSweep,OffBreak,Over,OffSpin,Left,Null,NotReferred,Null,False,False,False,False,True,False,29,False,False,False,False,False,False,1,0,0,0,0,False,False
427150,15,5.93,2.0,0.0,0.0,89.0,4.0,2.0,12733,,11233,The Women's Hundred 2021,1,901,Trent Rockets Women,895,Birmingham Phoenix Women,2021-08-13T20:52:13Z,5,75.0,False,,,,534,Erin Burns,1123,Heather Graham,3419,Abbey Freeborn,285,163,Long On,1,0,1,1,,LengthBall,OutsideOff,NotOut,WellTimed,DownTheTrack,Drive,OffBreak,Over,OffSpin,Left,Null,NotReferred,Null,False,False,False,False,True,False,29,False,False,False,False,False,False,1,0,0,0,0,False,False
427152,16,6.19,10.0,0.0,0.0,99.0,4.0,10.0,12733,,11233,The Women's Hundred 2021,1,901,Trent Rockets Women,895,Birmingham Phoenix Women,2021-08-13T20:52:56Z,1,76.0,False,,,,416,Kirstie Gordon,3419,Abbey Freeborn,1123,Heather Graham,177,179,Deep Point,4,0,4,4,,LengthBall,OutsideOff,NotOut,WellTimed,BacksAway,Cut,StockBall,Round,Orthodox,Right,Null,NotReferred,Null,False,False,False,False,False,False,29,False,False,False,False,False,False,4,0,0,0,0,False,True
427152,16,6.19,10.0,0.0,0.0,99.0,4.0,10.0,12733,,11233,The Women's Hundred 2021,1,901,Trent Rockets Women,895,Birmingham Phoenix Women,2021-08-13T20:53:20Z,2,77.0,False,,,,416,Kirstie Gordon,3419,Abbey Freeborn,1123,Heather Graham,132,182,Third Man,4,0,4,4,,LengthBall,OutsideOff,NotOut,WellTimed,BackFoot,Cut,StockBall,Round,Orthodox,Right,Null,NotReferred,Null,False,False,False,False,False,False,29,False,False,False,False,False,False,4,0,0,0,0,False,True
427152,16,6.19,10.0,0.0,0.0,99.0,4.0,10.0,12733,,11233,The Women's Hundred 2021,1,901,Trent Rockets Women,895,Birmingham Phoenix Women,2021-08-13T20:53:54Z,3,78.0,False,,,,416,Kirstie Gordon,3419,Abbey Freeborn,1123,Heather Graham,185,18,Silly Point,0,0,0,0,,LengthBall,OffStump,NotOut,None,FrontFoot,Pushed,StockBall,Round,Orthodox,Right,Null,NotReferred,Null,False,False,False,False,False,False,29,False,False,False,False,False,False,0,0,0,0,0,False,False
427152,16,6.19,10.0,0.0,0.0,99.0,4.0,10.0,12733,,11233,The Women's Hundred 2021,1,901,Trent Rockets Women,895,Birmingham Phoenix Women,2021-08-13T20:54:14Z,4,79.0,False,,,,416,Kirstie Gordon,3419,Abbey Freeborn,1123,Heather Graham,337,41,Short Mid Wicket,1,0,1,1,,LengthBall,LegStump,NotOut,None,BackFoot,Worked,StockBall,Round,Orthodox,Right,Null,NotReferred,Null,False,False,False,False,False,False,29,False,False,False,False,False,False,1,0,0,0,0,False,False
427152,16,6.19,10.0,0.0,0.0,99.0,4.0,10.0,12733,,11233,The Women's Hundred 2021,1,901,Trent Rockets Women,895,Birmingham Phoenix Women,2021-08-13T20:54:41Z,5,80.0,False,,,,416,Kirstie Gordon,1123,Heather Graham,3419,Abbey Freeborn,309,160,Long On,1,0,1,1,,LengthBall,MiddleStump,NotOut,None,DownTheTrack,Worked,StockBall,Round,Orthodox,Right,Null,NotReferred,Null,False,False,False,False,False,False,29,False,False,False,False,False,False,1,0,0,0,0,False,False
427154,17,6.41,10.0,0.0,0.0,109.0,4.0,10.0,12733,,11233,The Women's Hundred 2021,1,901,Trent Rockets Women,895,Birmingham Phoenix Women,2021-08-13T20:55:50Z,1,81.0,False,,,,7853,Abtaha Maqsood,1123,Heather Graham,3419,Abbey Freeborn,344,160,Deep Mid Wicket,1,0,1,1,,LengthBall,DownLeg,NotOut,None,DownTheTrack,Worked,LegSpinner,Over,LegSpin,Left,Null,NotReferred,Null,False,False,False,False,False,False,870,False,False,False,False,False,False,1,0,0,0,0,False,False
427154,17,6.41,10.0,0.0,0.0,109.0,4.0,10.0,12733,,11233,The Women's Hundred 2021,1,901,Trent Rockets Women,895,Birmingham Phoenix Women,2021-08-13T20:56:10Z,2,82.0,False,,,,7853,Abtaha Maqsood,3419,Abbey Freeborn,1123,Heather Graham,177,155,Deep Point,2,0,2,2,,HalfVolley,OffStump,NotOut,WellTimed,BacksAway,Drive,LegSpinner,Over,LegSpin,Left,Null,NotReferred,Null,False,False,False,False,False,False,870,False,False,False,False,False,False,2,0,0,0,0,False,False
427154,17,6.41,10.0,0.0,0.0,109.0,4.0,10.0,12733,,11233,The Women's Hundred 2021,1,901,Trent Rockets Women,895,Birmingham Phoenix Women,2021-08-13T20:56:44Z,3,83.0,False,,,,7853,Abtaha Maqsood,3419,Abbey Freeborn,1123,Heather Graham,356,137,Deep Square Leg,2,0,2,2,,HalfVolley,MiddleStump,NotOut,None,FrontFoot,Sweep,LegSpinner,Over,LegSpin,Left,Null,NotReferred,Null,False,False,False,False,False,False,870,False,False,False,False,False,False,2,0,0,0,0,False,False
427154,17,6.41,10.0,0.0,0.0,109.0,4.0,10.0,12733,,11233,The Women's Hundred 2021,1,901,Trent Rockets Women,895,Birmingham Phoenix Women,2021-08-13T20:57:12Z,4,84.0,False,,,,7853,Abtaha Maqsood,3419,Abbey Freeborn,1123,Heather Graham,256,195,Long Off,4,0,4,4,,FullToss,OutsideOff,NotOut,WellTimed,DownTheTrack,Drive,LegSpinner,Over,LegSpin,Left,Null,NotReferred,Null,False,False,False,False,True,False,870,False,False,False,False,False,False,4,0,0,0,0,False,True
427154,17,6.41,10.0,0.0,0.0,109.0,4.0,10.0,12733,,11233,The Women's Hundred 2021,1,901,Trent Rockets Women,895,Birmingham Phoenix Women,2021-08-13T20:57:29Z,5,85.0,False,,,,7853,Abtaha Maqsood,3419,Abbey Freeborn,1123,Heather Graham,222,98,Extra Cover,1,0,1,1,,LengthBall,MiddleStump,NotOut,None,FrontFoot,Drive,LegSpinner,Over,LegSpin,Left,Null,NotReferred,Null,False,False,False,False,False,False,870,False,False,False,False,False,False,1,0,0,0,0,False,False
427157,18,6.5,8.0,0.0,0.0,117.0,4.0,8.0,12733,,11233,The Women's Hundred 2021,1,901,Trent Rockets Women,895,Birmingham Phoenix Women,2021-08-13T20:58:42Z,1,86.0,False,,,,2934,Issy Wong,1123,Heather Graham,3419,Abbey Freeborn,313,111,Mid On,0,0,0,0,,BackOfALength,OutsideOff,NotOut,MisTimed,BackFoot,Pull,NoMovement,Over,Fast,Left,Null,NotReferred,Null,False,False,False,False,False,False,870,False,False,False,False,False,False,0,0,0,0,0,False,False
427157,18,6.5,8.0,0.0,0.0,117.0,4.0,8.0,12733,,11233,The Women's Hundred 2021,1,901,Trent Rockets Women,895,Birmingham Phoenix Women,2021-08-13T20:59:10Z,2,87.0,False,,,,2934,Issy Wong,1123,Heather Graham,3419,Abbey Freeborn,223,211,Deep Extra Cover,4,0,4,4,,BackOfALength,OutsideOff,NotOut,WellTimed,BacksAway,Drive,NoMovement,Over,Fast,Left,Null,NotReferred,Null,False,False,False,False,False,False,870,False,False,False,False,False,False,4,0,0,0,0,False,True
427157,18,6.5,8.0,0.0,0.0,117.0,4.0,8.0,12733,,11233,The Women's Hundred 2021,1,901,Trent Rockets Women,895,Birmingham Phoenix Women,2021-08-13T20:59:44Z,3,88.0,False,,,,2934,Issy Wong,1123,Heather Graham,3419,Abbey Freeborn,339,166,Deep Mid Wicket,2,0,2,2,,BackOfALength,OutsideOff,NotOut,WellTimed,BackFoot,Pull,NoMovement,Over,Fast,Left,Null,NotReferred,Null,False,False,False,False,True,False,870,False,False,False,False,False,False,2,0,0,0,0,False,False
427157,18,6.5,8.0,0.0,0.0,117.0,4.0,8.0,12733,,11233,The Women's Hundred 2021,1,901,Trent Rockets Women,895,Birmingham Phoenix Women,2021-08-13T21:00:23Z,4,89.0,False,,,,2934,Issy Wong,1123,Heather Graham,3419,Abbey Freeborn,66,145,Fine Leg,1,0,1,1,,LengthBall,DownLeg,NotOut,None,FrontFoot,Sweep,NoMovement,Over,Fast,Left,Null,NotReferred,Null,False,False,False,False,False,False,870,False,False,False,False,False,False,1,0,0,0,0,False,False
427157,18,6.5,8.0,0.0,0.0,117.0,4.0,8.0,12733,,11233,The Women's Hundred 2021,1,901,Trent Rockets Women,895,Birmingham Phoenix Women,2021-08-13T21:00:55Z,5,90.0,False,,,,2934,Issy Wong,3419,Abbey Freeborn,1123,Heather Graham,332,90,Mid Wicket,1,0,1,1,,BackOfALength,OutsideOff,NotOut,MisTimed,BackFoot,Pull,SlowerBall,Over,Fast,Left,Null,NotReferred,Null,False,False,False,False,False,False,870,False,False,False,False,False,False,1,0,0,0,0,False,False
427159,19,6.21,1.0,2.0,0.0,118.0,6.0,1.0,12733,,11233,The Women's Hundred 2021,1,901,Trent Rockets Women,895,Birmingham Phoenix Women,2021-08-13T21:02:23Z,1,91.0,True,Bowled,3419.0,Abbey Freeborn,416,Kirstie Gordon,3419,Abbey Freeborn,1123,Heather Graham,0,0,,0,0,0,0,Bowled,HalfVolley,OffStump,NotOut,Missed,FrontFoot,Drive,StockBall,Round,Orthodox,Right,Out2ndUmpire,NotReferred,Null,False,False,False,False,False,False,29,False,False,False,False,False,False,0,0,0,0,0,False,False
427159,19,6.21,1.0,2.0,0.0,118.0,6.0,1.0,12733,,11233,The Women's Hundred 2021,1,901,Trent Rockets Women,895,Birmingham Phoenix Women,2021-08-13T21:03:57Z,2,92.0,False,,,,416,Kirstie Gordon,415,Sarah Glenn,1123,Heather Graham,209,84,Extra Cover,1,0,1,1,,LengthBall,OutsideOff,NotOut,None,FrontFoot,Drive,StockBall,Round,Orthodox,Right,Null,NotReferred,Null,False,False,False,False,False,False,29,False,False,False,False,False,False,1,0,0,0,0,False,False
427159,19,6.21,1.0,2.0,0.0,118.0,6.0,1.0,12733,,11233,The Women's Hundred 2021,1,901,Trent Rockets Women,895,Birmingham Phoenix Women,2021-08-13T21:04:23Z,3,93.0,True,Caught,1123.0,Heather Graham,416,Kirstie Gordon,1123,Heather Graham,415,Sarah Glenn,234,96,Mid Off,0,0,0,0,Caught,LengthBall,OutsideOff,NotOut,MisTimed,BacksAway,Drive,StockBall,Round,Orthodox,Right,Out1stUmpire,NotReferred,Null,False,False,False,False,False,False,870,False,False,False,False,False,False,0,0,0,0,0,False,False
427159,19,6.21,1.0,2.0,0.0,118.0,6.0,1.0,12733,,11233,The Women's Hundred 2021,1,901,Trent Rockets Women,895,Birmingham Phoenix Women,2021-08-13T21:05:49Z,4,94.0,False,,,,416,Kirstie Gordon,3364,Kathryn Bryce,415,Sarah Glenn,179,81,Point,0,0,0,0,,LengthBall,OutsideOff,NotOut,None,BackFoot,Cut,StockBall,Round,Orthodox,Right,Null,NotReferred,Null,False,False,False,False,False,False,29,False,False,False,False,False,False,0,0,0,0,0,False,False
427159,19,6.21,1.0,2.0,0.0,118.0,6.0,1.0,12733,,11233,The Women's Hundred 2021,1,901,Trent Rockets Women,895,Birmingham Phoenix Women,2021-08-13T21:06:15Z,5,95.0,False,,,,416,Kirstie Gordon,3364,Kathryn Bryce,415,Sarah Glenn,203,56,Short Extra Cover,0,0,0,0,,HalfVolley,OffStump,NotOut,MisTimed,BacksAway,Drive,StockBall,Round,Orthodox,Right,Null,NotReferred,Null,False,False,False,False,False,False,29,False,False,False,False,False,False,0,0,0,0,0,False,False
427162,20,6.25,7.0,1.0,0.0,125.0,7.0,7.0,12733,,11233,The Women's Hundred 2021,1,901,Trent Rockets Women,895,Birmingham Phoenix Women,2021-08-13T21:07:09Z,1,96.0,False,,,,411,Georgia Elwiss,3364,Kathryn Bryce,415,Sarah Glenn,344,145,Deep Mid Wicket,1,0,1,1,,LengthBall,MiddleStump,NotOut,None,FrontFoot,Worked,NoMovement,Over,Fast,Left,Null,NotReferred,Null,False,False,False,False,False,False,29,False,False,False,False,False,False,1,0,0,0,0,False,False
427162,20,6.25,7.0,1.0,0.0,125.0,7.0,7.0,12733,,11233,The Women's Hundred 2021,1,901,Trent Rockets Women,895,Birmingham Phoenix Women,2021-08-13T21:07:31Z,2,97.0,False,,,,411,Georgia Elwiss,415,Sarah Glenn,3364,Kathryn Bryce,342,154,Deep Mid Wicket,1,0,1,1,,LengthBall,OutsideOff,NotOut,WellTimed,BackFoot,Pull,NoMovement,Over,Fast,Left,Null,NotReferred,Null,False,False,False,False,True,False,29,False,False,False,False,False,False,1,0,0,0,0,False,False
427162,20,6.25,7.0,1.0,0.0,125.0,7.0,7.0,12733,,11233,The Women's Hundred 2021,1,901,Trent Rockets Women,895,Birmingham Phoenix Women,2021-08-13T21:08:00Z,3,98.0,False,,,,411,Georgia Elwiss,3364,Kathryn Bryce,415,Sarah Glenn,270,40,Bowler,0,0,0,0,,HalfVolley,LegStump,NotOut,MisTimed,FrontFoot,Worked,SlowerBall,Over,Fast,Left,Null,NotReferred,Null,False,False,False,False,False,False,29,False,False,False,False,False,False,0,0,0,0,0,False,False
427162,20,6.25,7.0,1.0,0.0,125.0,7.0,7.0,12733,,11233,The Women's Hundred 2021,1,901,Trent Rockets Women,895,Birmingham Phoenix Women,2021-08-13T21:08:24Z,4,99.0,False,,,,411,Georgia Elwiss,3364,Kathryn Bryce,415,Sarah Glenn,258,194,Long Off,4,0,4,4,,LengthBall,MiddleStump,NotOut,WellTimed,BacksAway,Drive,NoMovement,Over,Fast,Left,Null,NotReferred,Null,False,False,False,False,True,False,29,False,False,False,False,False,False,4,0,0,0,0,False,True
427162,20,6.25,7.0,1.0,0.0,125.0,7.0,7.0,12733,,11233,The Women's Hundred 2021,1,901,Trent Rockets Women,895,Birmingham Phoenix Women,2021-08-13T21:08:53Z,5,100.0,True,RunOut,415.0,Sarah Glenn,411,Georgia Elwiss,3364,Kathryn Bryce,415,Sarah Glenn,346,160,Deep Mid Wicket,1,0,1,1,Run out,BackOfALength,OutsideOff,NotOut,WellTimed,BackFoot,Pull,NoMovement,Over,Fast,Left,Out2ndUmpire,NotReferred,Null,False,False,False,False,True,False,29,False,False,False,False,False,False,1,0,0,0,0,False,False
427179,1,4.0,4.0,0.0,1.0,4.0,0.0,4.0,12786,,11233,The Women's Hundred 2021,2,895,Birmingham Phoenix Women,901,Trent Rockets Women,2021-08-13T21:24:51Z,1,,False,,,,1750,Katherine Sciver-Brunt,3533,Shafali Verma,442,Eve Jones,90,48,Wicketkeeper,1,1,1,0,,LengthBall,DownLeg,NotOut,Left,NoMovement,Leave,NoMovement,Over,Fast,Left,Null,NotReferred,Null,True,False,False,False,False,False,870,False,True,True,False,False,False,0,0,1,0,0,False,False
427179,1,4.0,4.0,0.0,1.0,4.0,0.0,4.0,12786,,11233,The Women's Hundred 2021,2,895,Birmingham Phoenix Women,901,Trent Rockets Women,2021-08-13T21:25:18Z,1,1.0,False,,,,1750,Katherine Sciver-Brunt,3533,Shafali Verma,442,Eve Jones,305,100,Mid On,1,0,1,1,,LengthBall,OffStump,NotOut,None,BacksAway,Worked,NoMovement,Over,Fast,Left,Null,NotReferred,Null,False,False,False,False,False,False,870,False,False,True,False,False,False,1,0,0,0,0,False,False
427179,1,4.0,4.0,0.0,1.0,4.0,0.0,4.0,12786,,11233,The Women's Hundred 2021,2,895,Birmingham Phoenix Women,901,Trent Rockets Women,2021-08-13T21:26:03Z,2,2.0,False,,,,1750,Katherine Sciver-Brunt,442,Eve Jones,3533,Shafali Verma,346,95,Cover,0,0,0,0,,LengthBall,OutsideOff,NotOut,None,FrontFoot,Drive,NoMovement,Over,Fast,Left,Null,NotReferred,Null,False,False,False,False,False,False,870,False,False,True,False,False,False,0,0,0,0,0,False,False
427179,1,4.0,4.0,0.0,1.0,4.0,0.0,4.0,12786,,11233,The Women's Hundred 2021,2,895,Birmingham Phoenix Women,901,Trent Rockets Women,2021-08-13T21:26:31Z,3,3.0,False,,,,1750,Katherine Sciver-Brunt,442,Eve Jones,3533,Shafali Verma,270,40,Bowler,0,0,0,0,,BackOfALength,MiddleStump,NotOut,None,BackFoot,BackwardDefensive,NoMovement,Over,Fast,Left,Null,NotReferred,Null,False,False,False,False,False,False,870,False,False,True,False,False,False,0,0,0,0,0,False,False
427179,1,4.0,4.0,0.0,1.0,4.0,0.0,4.0,12786,,11233,The Women's Hundred 2021,2,895,Birmingham Phoenix Women,901,Trent Rockets Women,2021-08-13T21:26:57Z,4,4.0,False,,,,1750,Katherine Sciver-Brunt,442,Eve Jones,3533,Shafali Verma,175,141,Deep Square Leg,1,0,1,1,,BackOfALength,MiddleStump,NotOut,None,BackFoot,Worked,NoMovement,Over,Fast,Left,Null,NotReferred,Null,False,False,False,False,True,False,870,False,False,True,False,False,False,1,0,0,0,0,False,False
427179,1,4.0,4.0,0.0,1.0,4.0,0.0,4.0,12786,,11233,The Women's Hundred 2021,2,895,Birmingham Phoenix Women,901,Trent Rockets Women,2021-08-13T21:27:39Z,5,5.0,False,,,,1750,Katherine Sciver-Brunt,3533,Shafali Verma,442,Eve Jones,344,162,Deep Mid Wicket,1,0,1,1,,BackOfALength,OutsideOff,NotOut,None,BacksAway,Pull,NoMovement,Over,Fast,Left,Null,NotReferred,Null,False,False,False,False,False,False,870,False,False,True,False,False,False,1,0,0,0,0,False,False
427183,2,7.5,11.0,0.0,0.0,15.0,0.0,11.0,12786,,11233,The Women's Hundred 2021,2,895,Birmingham Phoenix Women,901,Trent Rockets Women,2021-08-13T21:29:01Z,1,6.0,False,,,,3364,Kathryn Bryce,442,Eve Jones,3533,Shafali Verma,319,116,Extra Cover,1,0,1,1,,LengthBall,OutsideOff,NotOut,WellTimed,FrontFoot,Dropped,SlowerBall,Round,Medium,Left,Null,NotReferred,Null,False,False,False,False,False,False,870,False,False,True,False,False,False,1,0,0,0,0,False,False
427183,2,7.5,11.0,0.0,0.0,15.0,0.0,11.0,12786,,11233,The Women's Hundred 2021,2,895,Birmingham Phoenix Women,901,Trent Rockets Women,2021-08-13T21:29:38Z,2,7.0,False,,,,3364,Kathryn Bryce,3533,Shafali Verma,442,Eve Jones,236,213,Long Off,4,0,4,4,,LengthBall,OutsideOff,NotOut,WellTimed,FrontFoot,Drive,SlowerBall,Over,Medium,Left,Null,NotReferred,Null,False,False,False,False,True,False,870,False,False,True,False,False,False,4,0,0,0,0,False,True
427183,2,7.5,11.0,0.0,0.0,15.0,0.0,11.0,12786,,11233,The Women's Hundred 2021,2,895,Birmingham Phoenix Women,901,Trent Rockets Women,2021-08-13T21:30:12Z,3,8.0,False,,,,3364,Kathryn Bryce,3533,Shafali Verma,442,Eve Jones,261,193,Long Off,4,0,4,4,,LengthBall,OutsideOff,NotOut,WellTimed,FrontFoot,Drive,InSwinger,Over,Medium,Left,Null,NotReferred,Null,False,False,False,False,True,False,870,False,False,True,False,False,False,4,0,0,0,0,False,True
427183,2,7.5,11.0,0.0,0.0,15.0,0.0,11.0,12786,,11233,The Women's Hundred 2021,2,895,Birmingham Phoenix Women,901,Trent Rockets Women,2021-08-13T21:30:37Z,4,9.0,False,,,,3364,Kathryn Bryce,3533,Shafali Verma,442,Eve Jones,348,165,Deep Mid Wicket,1,0,1,1,,LengthBall,LegStump,NotOut,None,FrontFoot,Worked,SlowerBall,Over,Medium,Left,Null,NotReferred,Null,False,False,False,False,False,False,870,False,False,True,False,False,False,1,0,0,0,0,False,False
427183,2,7.5,11.0,0.0,0.0,15.0,0.0,11.0,12786,,11233,The Women's Hundred 2021,2,895,Birmingham Phoenix Women,901,Trent Rockets Women,2021-08-13T21:31:05Z,5,10.0,False,,,,3364,Kathryn Bryce,442,Eve Jones,3533,Shafali Verma,200,102,Mid Wicket,1,0,1,1,,LengthBall,OffStump,NotOut,None,BackFoot,Worked,NoMovement,Round,Medium,Left,Null,NotReferred,Null,False,False,False,False,False,False,870,False,False,True,False,False,False,1,0,0,0,0,False,False
427184,3,6.0,3.0,0.0,0.0,18.0,0.0,3.0,12786,,11233,The Women's Hundred 2021,2,895,Birmingham Phoenix Women,901,Trent Rockets Women,2021-08-13T21:32:19Z,1,11.0,False,,,,986,Sammy-Jo Johnson,442,Eve Jones,3533,Shafali Verma,90,48,Wicketkeeper,0,0,0,0,,LengthBall,OutsideOff,NotOut,Missed,FrontFoot,Drive,NoMovement,Round,Fast,Left,Null,NotReferred,Null,False,False,False,False,False,False,29,False,False,True,False,False,False,0,0,0,0,0,False,False
427184,3,6.0,3.0,0.0,0.0,18.0,0.0,3.0,12786,,11233,The Women's Hundred 2021,2,895,Birmingham Phoenix Women,901,Trent Rockets Women,2021-08-13T21:32:45Z,2,12.0,False,,,,986,Sammy-Jo Johnson,442,Eve Jones,3533,Shafali Verma,6,95,Point,0,0,0,0,,LengthBall,OutsideOff,NotOut,None,FrontFoot,Pushed,NoMovement,Round,Fast,Left,Null,NotReferred,Null,False,False,False,False,False,False,29,False,False,True,False,False,False,0,0,0,0,0,False,False
427184,3,6.0,3.0,0.0,0.0,18.0,0.0,3.0,12786,,11233,The Women's Hundred 2021,2,895,Birmingham Phoenix Women,901,Trent Rockets Women,2021-08-13T21:33:16Z,3,13.0,False,,,,986,Sammy-Jo Johnson,442,Eve Jones,3533,Shafali Verma,209,151,Deep Mid Wicket,1,0,1,1,,LengthBall,OutsideOff,NotOut,WellTimed,FrontFoot,Slog,NoMovement,Round,Fast,Left,Null,NotReferred,Null,False,False,False,False,True,False,29,False,False,True,False,False,False,1,0,0,0,0,False,False
427184,3,6.0,3.0,0.0,0.0,18.0,0.0,3.0,12786,,11233,The Women's Hundred 2021,2,895,Birmingham Phoenix Women,901,Trent Rockets Women,2021-08-13T21:33:50Z,4,14.0,False,,,,986,Sammy-Jo Johnson,3533,Shafali Verma,442,Eve Jones,341,154,Deep Mid Wicket,1,0,1,1,,FullToss,MiddleStump,NotOut,None,FrontFoot,Flick,NoMovement,Over,Fast,Left,Null,NotReferred,Null,False,False,False,False,False,False,29,False,False,True,False,False,False,1,0,0,0,0,False,False
427184,3,6.0,3.0,0.0,0.0,18.0,0.0,3.0,12786,,11233,The Women's Hundred 2021,2,895,Birmingham Phoenix Women,901,Trent Rockets Women,2021-08-13T21:34:18Z,5,15.0,False,,,,986,Sammy-Jo Johnson,442,Eve Jones,3533,Shafali Verma,229,99,Mid On,1,0,1,1,,LengthBall,OffStump,NotOut,None,FrontFoot,Worked,SlowerBall,Round,Fast,Left,Null,NotReferred,Null,False,False,False,False,False,False,29,False,False,True,False,False,False,1,0,0,0,0,False,False
427186,4,5.75,4.0,1.0,1.0,23.0,1.0,5.0,12786,,11233,The Women's Hundred 2021,2,895,Birmingham Phoenix Women,901,Trent Rockets Women,2021-08-13T21:35:17Z,1,16.0,False,,,,1750,Katherine Sciver-Brunt,3533,Shafali Verma,442,Eve Jones,335,187,Deep Mid Wicket,4,0,4,4,,BackOfALength,OutsideOff,NotOut,WellTimed,BacksAway,Pull,NoMovement,Over,Fast,Left,Null,NotReferred,Null,False,False,False,False,True,False,29,False,False,True,False,False,False,4,0,0,0,0,False,True
427186,4,5.75,4.0,1.0,1.0,23.0,1.0,5.0,12786,,11233,The Women's Hundred 2021,2,895,Birmingham Phoenix Women,901,Trent Rockets Women,2021-08-13T21:35:53Z,2,17.0,False,,,,1750,Katherine Sciver-Brunt,3533,Shafali Verma,442,Eve Jones,198,89,Cover,0,0,0,0,,BackOfALength,OutsideOff,NotOut,None,BacksAway,Cut,NoMovement,Over,Fast,Left,Null,NotReferred,Null,False,False,False,False,False,False,29,False,False,True,False,False,False,0,0,0,0,0,False,False
427186,4,5.75,4.0,1.0,1.0,23.0,1.0,5.0,12786,,11233,The Women's Hundred 2021,2,895,Birmingham Phoenix Women,901,Trent Rockets Women,2021-08-13T21:36:33Z,3,18.0,True,Caught,3533.0,Shafali Verma,1750,Katherine Sciver-Brunt,3533,Shafali Verma,442,Eve Jones,349,155,Deep Mid Wicket,0,0,0,0,Caught,BackOfALength,LegStump,NotOut,MisTimed,BacksAway,Pull,SlowerBall,Over,Fast,Left,Out2ndUmpire,NotReferred,Null,False,False,False,False,False,False,29,False,False,True,False,False,False,0,0,0,0,0,False,False
427186,4,5.75,4.0,1.0,1.0,23.0,1.0,5.0,12786,,11233,The Women's Hundred 2021,2,895,Birmingham Phoenix Women,901,Trent Rockets Women,2021-08-13T21:38:11Z,4,19.0,False,,,,1750,Katherine Sciver-Brunt,409,Amy Jones,442,Eve Jones,23,82,Backward Square Leg,0,1,1,0,,LengthBall,LegStump,NotOut,HitPad,FrontFoot,Glance,NoMovement,Over,Fast,Left,Null,NotReferred,Null,False,False,False,True,False,False,29,False,False,True,False,False,False,0,0,0,1,0,False,False
427186,4,5.75,4.0,1.0,1.0,23.0,1.0,5.0,12786,,11233,The Women's Hundred 2021,2,895,Birmingham Phoenix Women,901,Trent Rockets Women,2021-08-13T21:38:49Z,5,20.0,False,,,,1750,Katherine Sciver-Brunt,442,Eve Jones,409,Amy Jones,200,61,Short Mid Wicket,0,0,0,0,,LengthBall,LegStump,NotOut,None,BackFoot,Worked,NoMovement,Over,Fast,Left,Null,NotReferred,Null,False,False,False,False,False,False,29,False,False,True,False,False,False,0,0,0,0,0,False,False
427189,5,5.8,2.0,0.0,4.0,29.0,1.0,6.0,12786,,11233,The Women's Hundred 2021,2,895,Birmingham Phoenix Women,901,Trent Rockets Women,2021-08-13T21:40:04Z,1,21.0,False,,,,388,Natalie Sciver-Brunt,409,Amy Jones,442,Eve Jones,182,143,Deep Point,1,0,1,1,,LengthBall,OutsideOff,NotOut,None,FrontFoot,Drive,NoMovement,Over,Medium,Left,Null,NotReferred,Null,False,False,False,False,False,False,870,False,False,True,False,False,False,1,0,0,0,0,False,False
427189,5,5.8,2.0,0.0,4.0,29.0,1.0,6.0,12786,,11233,The Women's Hundred 2021,2,895,Birmingham Phoenix Women,901,Trent Rockets Women,2021-08-13T21:40:43Z,2,22.0,False,,,,388,Natalie Sciver-Brunt,442,Eve Jones,409,Amy Jones,337,83,Cover,0,0,0,0,,LengthBall,OutsideOff,NotOut,None,FrontFoot,Drive,NoMovement,Round,Medium,Left,Null,NotReferred,Null,False,False,False,False,False,False,870,False,False,True,False,False,False,0,0,0,0,0,False,False
427189,5,5.8,2.0,0.0,4.0,29.0,1.0,6.0,12786,,11233,The Women's Hundred 2021,2,895,Birmingham Phoenix Women,901,Trent Rockets Women,2021-08-13T21:41:01Z,3,23.0,False,,,,388,Natalie Sciver-Brunt,442,Eve Jones,409,Amy Jones,74,176,Third Man,0,4,4,0,,LengthBall,OutsideOff,NotOut,Missed,FrontFoot,Cut,NoMovement,Round,Medium,Left,Null,NotReferred,Null,False,False,True,False,False,False,870,False,False,True,False,False,False,0,4,0,0,0,False,False
427189,5,5.8,2.0,0.0,4.0,29.0,1.0,6.0,12786,,11233,The Women's Hundred 2021,2,895,Birmingham Phoenix Women,901,Trent Rockets Women,2021-08-13T21:41:52Z,4,24.0,False,,,,388,Natalie Sciver-Brunt,442,Eve Jones,409,Amy Jones,299,94,Mid Off,0,0,0,0,,LengthBall,OutsideOff,NotOut,None,FrontFoot,Drive,NoMovement,Round,Medium,Left,Null,NotReferred,Null,False,False,False,False,False,False,870,False,False,True,False,False,False,0,0,0,0,0,False,False
427189,5,5.8,2.0,0.0,4.0,29.0,1.0,6.0,12786,,11233,The Women's Hundred 2021,2,895,Birmingham Phoenix Women,901,Trent Rockets Women,2021-08-13T21:42:13Z,5,25.0,False,,,,388,Natalie Sciver-Brunt,442,Eve Jones,409,Amy Jones,202,157,Deep Mid Wicket,1,0,1,1,,LengthBall,OutsideOff,NotOut,WellTimed,FrontFoot,Slog,NoMovement,Round,Medium,Left,Null,NotReferred,Null,False,False,False,False,True,False,870,False,False,True,False,False,False,1,0,0,0,0,False,False
427192,6,7.33,10.0,0.0,0.0,44.0,1.0,10.0,12786,,11233,The Women's Hundred 2021,2,895,Birmingham Phoenix Women,901,Trent Rockets Women,2021-08-13T21:43:08Z,1,26.0,False,,,,415,Sarah Glenn,409,Amy Jones,442,Eve Jones,34,177,Fine Leg,4,0,4,4,,LengthBall,DownLeg,NotOut,WellTimed,FrontFoot,Sweep,LegSpinner,Over,LegSpin,Left,Null,NotReferred,Null,False,False,False,False,True,False,870,False,False,False,False,False,False,4,0,0,0,0,False,True
427192,6,7.33,10.0,0.0,0.0,44.0,1.0,10.0,12786,,11233,The Women's Hundred 2021,2,895,Birmingham Phoenix Women,901,Trent Rockets Women,2021-08-13T21:43:35Z,2,27.0,False,,,,415,Sarah Glenn,409,Amy Jones,442,Eve Jones,342,162,Deep Mid Wicket,1,0,1,1,,LengthBall,OffStump,NotOut,None,BackFoot,Pull,LegSpinner,Over,LegSpin,Left,Null,NotReferred,Null,False,False,False,False,False,False,870,False,False,False,False,False,False,1,0,0,0,0,False,False
427192,6,7.33,10.0,0.0,0.0,44.0,1.0,10.0,12786,,11233,The Women's Hundred 2021,2,895,Birmingham Phoenix Women,901,Trent Rockets Women,2021-08-13T21:44:07Z,3,28.0,False,,,,415,Sarah Glenn,442,Eve Jones,409,Amy Jones,346,94,Cover,0,0,0,0,,LengthBall,OutsideOff,NotOut,WellTimed,FrontFoot,Drive,LegSpinner,Round,LegSpin,Left,Null,NotReferred,Null,False,False,False,False,False,False,870,False,False,False,False,False,False,0,0,0,0,0,False,False
427192,6,7.33,10.0,0.0,0.0,44.0,1.0,10.0,12786,,11233,The Women's Hundred 2021,2,895,Birmingham Phoenix Women,901,Trent Rockets Women,2021-08-13T21:44:33Z,4,29.0,False,,,,415,Sarah Glenn,442,Eve Jones,409,Amy Jones,260,201,Long On,4,0,4,4,,BackOfALength,OutsideOff,NotOut,WellTimed,BackFoot,Pull,LegSpinner,Round,LegSpin,Left,Null,NotReferred,Null,False,False,False,False,False,False,870,False,False,False,False,False,False,4,0,0,0,0,False,True
427192,6,7.33,10.0,0.0,0.0,44.0,1.0,10.0,12786,,11233,The Women's Hundred 2021,2,895,Birmingham Phoenix Women,901,Trent Rockets Women,2021-08-13T21:44:59Z,5,30.0,False,,,,415,Sarah Glenn,442,Eve Jones,409,Amy Jones,221,165,Deep Mid Wicket,1,0,1,1,,BackOfALength,OutsideOff,NotOut,None,BackFoot,Pull,LegSpinner,Round,LegSpin,Left,Null,NotReferred,Null,False,False,False,False,False,False,870,False,False,False,False,False,False,1,0,0,0,0,False,False
427194,7,7.0,10.0,1.0,6.0,49.0,2.0,10.0,12786,,11233,The Women's Hundred 2021,2,895,Birmingham Phoenix Women,901,Trent Rockets Women,2021-08-13T21:46:23Z,1,30.0,False,,,,3421,Georgia Davis,442,Eve Jones,409,Amy Jones,112,175,Fine Leg,5,5,5,0,,LengthBall,DownLeg,NotOut,PlayAndMissLegSide,BackFoot,Glance,OffBreak,Round,OffSpin,Left,Null,NotReferred,Null,True,False,False,False,False,False,29,False,False,False,False,False,False,0,0,5,0,0,False,False
427194,7,7.0,10.0,1.0,6.0,49.0,2.0,10.0,12786,,11233,The Women's Hundred 2021,2,895,Birmingham Phoenix Women,901,Trent Rockets Women,2021-08-13T21:46:59Z,1,31.0,False,,,,3421,Georgia Davis,442,Eve Jones,409,Amy Jones,154,148,Deep Backward Square Leg,2,0,2,2,,HalfVolley,MiddleStump,NotOut,None,FrontFoot,Glance,OffBreak,Round,OffSpin,Left,Null,NotReferred,Null,False,False,False,False,False,False,29,False,False,False,False,False,False,2,0,0,0,0,False,False
427194,7,7.0,10.0,1.0,6.0,49.0,2.0,10.0,12786,,11233,The Women's Hundred 2021,2,895,Birmingham Phoenix Women,901,Trent Rockets Women,2021-08-13T21:47:20Z,2,31.0,False,,,,3421,Georgia Davis,442,Eve Jones,409,Amy Jones,90,48,Wicketkeeper,1,1,1,0,,HalfVolley,DownLeg,NotOut,PlayAndMissLegSide,FrontFoot,Sweep,OffBreak,Round,OffSpin,Left,Null,NotReferred,Null,True,False,False,False,False,False,29,False,False,False,False,False,False,0,0,1,0,0,False,False
427194,7,7.0,10.0,1.0,6.0,49.0,2.0,10.0,12786,,11233,The Women's Hundred 2021,2,895,Birmingham Phoenix Women,901,Trent Rockets Women,2021-08-13T21:47:33Z,2,32.0,True,Lbw,442.0,Eve Jones,3421,Georgia Davis,442,Eve Jones,409,Amy Jones,0,0,,0,0,0,0,LBW,LengthBall,OffStump,NotOut,HitPad,BackFoot,Worked,OffBreak,Round,OffSpin,Left,Out2ndUmpire,OutReviewLost,Null,False,False,False,False,False,False,14,False,False,False,False,False,True,0,0,0,0,0,False,False
427194,7,7.0,10.0,1.0,6.0,49.0,2.0,10.0,12786,,11233,The Women's Hundred 2021,2,895,Birmingham Phoenix Women,901,Trent Rockets Women,2021-08-13T21:50:02Z,3,33.0,False,,,,3421,Georgia Davis,539,Katie Mack,409,Amy Jones,193,147,Deep Cover,1,0,1,1,,LengthBall,OutsideOff,NotOut,None,DownTheTrack,Drive,OffBreak,Over,OffSpin,Left,Null,NotReferred,Null,False,False,False,False,False,False,29,False,False,False,False,False,False,1,0,0,0,0,False,False
427194,7,7.0,10.0,1.0,6.0,49.0,2.0,10.0,12786,,11233,The Women's Hundred 2021,2,895,Birmingham Phoenix Women,901,Trent Rockets Women,2021-08-13T21:50:29Z,4,34.0,False,,,,3421,Georgia Davis,409,Amy Jones,539,Katie Mack,193,151,Deep Cover,1,0,1,1,,LengthBall,OutsideOff,NotOut,None,BackFoot,Cut,OffBreak,Over,OffSpin,Left,Null,NotReferred,Null,False,False,False,False,False,False,29,False,False,False,False,False,False,1,0,0,0,0,False,False
427194,7,7.0,10.0,1.0,6.0,49.0,2.0,10.0,12786,,11233,The Women's Hundred 2021,2,895,Birmingham Phoenix Women,901,Trent Rockets Women,2021-08-13T21:51:04Z,5,35.0,False,,,,3421,Georgia Davis,539,Katie Mack,409,Amy Jones,196,85,Cover,0,0,0,0,,LengthBall,OutsideOff,NotOut,None,DownTheTrack,Drive,OffBreak,Over,OffSpin,Left,Null,NotReferred,Null,False,False,False,False,False,False,29,False,False,False,False,False,False,0,0,0,0,0,False,False
427197,8,6.62,4.0,0.0,0.0,53.0,2.0,4.0,12786,,11233,The Women's Hundred 2021,2,895,Birmingham Phoenix Women,901,Trent Rockets Women,2021-08-13T21:51:30Z,1,36.0,False,,,,3421,Georgia Davis,539,Katie Mack,409,Amy Jones,90,48,Wicketkeeper,0,0,0,0,,LengthBall,OutsideOff,NotOut,Missed,BackFoot,Cut,OffBreak,Over,OffSpin,Left,Null,NotReferred,Null,False,False,False,False,False,False,29,False,False,False,False,False,False,0,0,0,0,0,False,False
427197,8,6.62,4.0,0.0,0.0,53.0,2.0,4.0,12786,,11233,The Women's Hundred 2021,2,895,Birmingham Phoenix Women,901,Trent Rockets Women,2021-08-13T21:51:43Z,2,37.0,False,,,,3421,Georgia Davis,539,Katie Mack,409,Amy Jones,231,98,Mid Off,1,0,1,1,,LengthBall,OutsideOff,NotOut,None,DownTheTrack,Drive,OffBreak,Over,OffSpin,Left,Null,NotReferred,Null,False,False,False,False,False,False,29,False,False,False,False,False,False,1,0,0,0,0,False,False
427197,8,6.62,4.0,0.0,0.0,53.0,2.0,4.0,12786,,11233,The Women's Hundred 2021,2,895,Birmingham Phoenix Women,901,Trent Rockets Women,2021-08-13T21:52:14Z,3,38.0,False,,,,3421,Georgia Davis,409,Amy Jones,539,Katie Mack,355,150,Deep Square Leg,1,0,1,1,,LengthBall,OutsideOff,NotOut,None,FrontFoot,Sweep,OffBreak,Over,OffSpin,Left,Null,NotReferred,Null,False,False,False,False,False,False,29,False,False,False,False,False,False,1,0,0,0,0,False,False
427197,8,6.62,4.0,0.0,0.0,53.0,2.0,4.0,12786,,11233,The Women's Hundred 2021,2,895,Birmingham Phoenix Women,901,Trent Rockets Women,2021-08-13T21:52:33Z,4,39.0,False,,,,3421,Georgia Davis,539,Katie Mack,409,Amy Jones,9,147,Deep Backward Square Leg,1,0,1,1,,HalfVolley,OutsideOff,NotOut,None,FrontFoot,Sweep,OffBreak,Over,OffSpin,Left,Null,NotReferred,Null,False,False,False,False,False,False,29,False,False,False,False,False,False,1,0,0,0,0,False,False
427197,8,6.62,4.0,0.0,0.0,53.0,2.0,4.0,12786,,11233,The Women's Hundred 2021,2,895,Birmingham Phoenix Women,901,Trent Rockets Women,2021-08-13T21:52:57Z,5,40.0,False,,,,3421,Georgia Davis,409,Amy Jones,539,Katie Mack,303,160,Long On,1,0,1,1,,LengthBall,OutsideOff,NotOut,None,BackFoot,Pull,OffBreak,Over,OffSpin,Left,Null,NotReferred,Null,False,False,False,False,False,False,29,False,False,False,False,False,False,1,0,0,0,0,False,False
427199,9,6.44,5.0,2.0,0.0,58.0,4.0,5.0,12786,,11233,The Women's Hundred 2021,2,895,Birmingham Phoenix Women,901,Trent Rockets Women,2021-08-13T21:54:07Z,1,41.0,True,Caught,409.0,Amy Jones,986,Sammy-Jo Johnson,409,Amy Jones,539,Katie Mack,132,81,Short Third Man,0,0,0,0,Caught,HalfVolley,OutsideOff,NotOut,ThickEdge,FrontFoot,Drive,SlowerBall,Over,Fast,Left,Out1stUmpire,NotReferred,Null,False,False,False,False,False,False,870,False,False,False,False,False,False,0,0,0,0,0,False,False
427199,9,6.44,5.0,2.0,0.0,58.0,4.0,5.0,12786,,11233,The Women's Hundred 2021,2,895,Birmingham Phoenix Women,901,Trent Rockets Women,2021-08-13T21:55:58Z,2,42.0,False,,,,986,Sammy-Jo Johnson,534,Erin Burns,539,Katie Mack,310,161,Long On,1,0,1,1,,HalfVolley,MiddleStump,NotOut,None,FrontFoot,Worked,SlowerBall,Over,Fast,Left,Null,NotReferred,Null,False,False,False,False,False,False,870,False,False,False,False,False,False,1,0,0,0,0,False,False
427199,9,6.44,5.0,2.0,0.0,58.0,4.0,5.0,12786,,11233,The Women's Hundred 2021,2,895,Birmingham Phoenix Women,901,Trent Rockets Women,2021-08-13T21:56:25Z,3,43.0,False,,,,986,Sammy-Jo Johnson,539,Katie Mack,534,Erin Burns,176,172,Deep Point,4,0,4,4,,BackOfALength,OutsideOff,NotOut,WellTimed,BackFoot,Cut,SlowerBall,Over,Fast,Left,Null,NotReferred,Null,False,False,False,False,True,False,870,False,False,False,False,False,False,4,0,0,0,0,False,True
427199,9,6.44,5.0,2.0,0.0,58.0,4.0,5.0,12786,,11233,The Women's Hundred 2021,2,895,Birmingham Phoenix Women,901,Trent Rockets Women,2021-08-13T21:56:54Z,4,44.0,True,CaughtAndBowled,539.0,Katie Mack,986,Sammy-Jo Johnson,539,Katie Mack,534,Erin Burns,270,40,Bowler,0,0,0,0,Caught and bowled,LengthBall,OutsideOff,NotOut,LeadingEdge,FrontFoot,Drive,SlowerBall,Over,Fast,Left,Out1stUmpire,NotReferred,Null,False,False,False,False,False,False,870,False,False,False,False,False,False,0,0,0,0,0,False,False
427199,9,6.44,5.0,2.0,0.0,58.0,4.0,5.0,12786,,11233,The Women's Hundred 2021,2,895,Birmingham Phoenix Women,901,Trent Rockets Women,2021-08-13T21:58:44Z,5,45.0,False,,,,986,Sammy-Jo Johnson,425,Gwen Davies,534,Erin Burns,279,77,Silly Mid Off,0,0,0,0,,HalfVolley,MiddleStump,NotOut,None,FrontFoot,Drive,SlowerBall,Round,Fast,Left,Null,NotReferred,Null,False,False,False,False,False,False,870,False,False,False,False,False,False,0,0,0,0,0,False,False
427203,10,6.0,2.0,1.0,0.0,60.0,5.0,2.0,12786,,11233,The Women's Hundred 2021,2,895,Birmingham Phoenix Women,901,Trent Rockets Women,2021-08-13T21:59:45Z,1,46.0,True,Caught,425.0,Gwen Davies,415,Sarah Glenn,425,Gwen Davies,534,Erin Burns,90,48,Wicketkeeper,0,0,0,0,Caught,BackOfALength,OutsideOff,NotOut,TopEdge,BackFoot,Cut,LegSpinner,Round,LegSpin,Left,Out1stUmpire,NotReferred,Null,False,False,False,False,False,False,870,False,False,False,False,False,False,0,0,0,0,0,False,False
427203,10,6.0,2.0,1.0,0.0,60.0,5.0,2.0,12786,,11233,The Women's Hundred 2021,2,895,Birmingham Phoenix Women,901,Trent Rockets Women,2021-08-13T22:01:15Z,2,47.0,False,,,,415,Sarah Glenn,2934,Issy Wong,534,Erin Burns,308,160,Long On,1,0,1,1,,HalfVolley,DownLeg,NotOut,None,FrontFoot,Worked,LegSpinner,Over,LegSpin,Left,Null,NotReferred,Null,False,False,False,False,False,False,870,False,False,False,False,False,False,1,0,0,0,0,False,False
427203,10,6.0,2.0,1.0,0.0,60.0,5.0,2.0,12786,,11233,The Women's Hundred 2021,2,895,Birmingham Phoenix Women,901,Trent Rockets Women,2021-08-13T22:01:43Z,3,48.0,False,,,,415,Sarah Glenn,534,Erin Burns,2934,Issy Wong,176,62,Point,0,0,0,0,,BackOfALength,OutsideOff,NotOut,None,BackFoot,Pushed,LegSpinner,Over,LegSpin,Left,Null,NotReferred,Null,False,False,False,False,False,False,870,False,False,False,False,False,False,0,0,0,0,0,False,False
427203,10,6.0,2.0,1.0,0.0,60.0,5.0,2.0,12786,,11233,The Women's Hundred 2021,2,895,Birmingham Phoenix Women,901,Trent Rockets Women,2021-08-13T22:02:01Z,4,49.0,False,,,,415,Sarah Glenn,534,Erin Burns,2934,Issy Wong,208,50,Short Extra Cover,0,0,0,0,,LengthBall,OutsideOff,NotOut,None,BackFoot,Cut,LegSpinner,Over,LegSpin,Left,Null,NotReferred,Null,False,False,False,False,False,False,870,False,False,False,False,False,False,0,0,0,0,0,False,False
427203,10,6.0,2.0,1.0,0.0,60.0,5.0,2.0,12786,,11233,The Women's Hundred 2021,2,895,Birmingham Phoenix Women,901,Trent Rockets Women,2021-08-13T22:02:23Z,5,50.0,False,,,,415,Sarah Glenn,534,Erin Burns,2934,Issy Wong,355,153,Deep Square Leg,1,0,1,1,,LengthBall,OutsideOff,NotOut,MisTimed,MovesInfront,Pull,LegSpinner,Over,LegSpin,Left,Null,NotReferred,Null,False,False,False,False,False,False,870,False,False,False,False,False,False,1,0,0,0,0,False,False
427205,11,6.27,9.0,0.0,0.0,69.0,5.0,9.0,12786,,11233,The Women's Hundred 2021,2,895,Birmingham Phoenix Women,901,Trent Rockets Women,2021-08-13T22:03:48Z,1,51.0,False,,,,1123,Heather Graham,534,Erin Burns,2934,Issy Wong,195,83,Cover,1,0,1,1,,BackOfALength,OutsideOff,NotOut,None,BackFoot,Cut,NoMovement,Over,Medium,Left,Null,NotReferred,Null,False,False,False,False,False,False,29,False,False,False,False,False,False,1,0,0,0,0,False,False
427205,11,6.27,9.0,0.0,0.0,69.0,5.0,9.0,12786,,11233,The Women's Hundred 2021,2,895,Birmingham Phoenix Women,901,Trent Rockets Women,2021-08-13T22:04:11Z,2,52.0,False,,,,1123,Heather Graham,2934,Issy Wong,534,Erin Burns,254,150,Long Off,1,0,1,1,,BackOfALength,OutsideOff,NotOut,MisTimed,BackFoot,Drive,NoMovement,Over,Medium,Left,Null,NotReferred,Null,False,False,False,False,False,False,29,False,False,False,False,False,False,1,0,0,0,0,False,False
427205,11,6.27,9.0,0.0,0.0,69.0,5.0,9.0,12786,,11233,The Women's Hundred 2021,2,895,Birmingham Phoenix Women,901,Trent Rockets Women,2021-08-13T22:04:38Z,3,53.0,False,,,,1123,Heather Graham,534,Erin Burns,2934,Issy Wong,344,157,Deep Mid Wicket,1,0,1,1,,BackOfALength,OutsideOff,NotOut,None,BackFoot,Pull,NoMovement,Over,Medium,Left,Null,NotReferred,Null,False,False,False,False,False,False,29,False,False,False,False,False,False,1,0,0,0,0,False,False
427205,11,6.27,9.0,0.0,0.0,69.0,5.0,9.0,12786,,11233,The Women's Hundred 2021,2,895,Birmingham Phoenix Women,901,Trent Rockets Women,2021-08-13T22:05:03Z,4,54.0,False,,,,1123,Heather Graham,2934,Issy Wong,534,Erin Burns,334,203,Deep Mid Wicket,6,0,6,6,,LengthBall,MiddleStump,NotOut,Middled,FrontFoot,Slog,NoMovement,Over,Medium,Left,Null,NotReferred,Null,False,False,False,False,True,False,29,False,False,False,False,False,False,6,0,0,0,0,False,True
427205,11,6.27,9.0,0.0,0.0,69.0,5.0,9.0,12786,,11233,The Women's Hundred 2021,2,895,Birmingham Phoenix Women,901,Trent Rockets Women,2021-08-13T22:05:27Z,5,55.0,False,,,,1123,Heather Graham,2934,Issy Wong,534,Erin Burns,205,57,Short Extra Cover,0,0,0,0,,LengthBall,OutsideOff,NotOut,None,NoMovement,Drive,NoMovement,Over,Medium,Left,Null,NotReferred,Null,False,False,False,False,False,False,29,False,False,False,False,False,False,0,0,0,0,0,False,False
427207,12,5.92,2.0,1.0,0.0,71.0,6.0,2.0,12786,,11233,The Women's Hundred 2021,2,895,Birmingham Phoenix Women,901,Trent Rockets Women,2021-08-13T22:06:18Z,1,56.0,False,,,,3364,Kathryn Bryce,2934,Issy Wong,534,Erin Burns,248,160,Long Off,1,0,1,1,,LengthBall,OutsideOff,NotOut,None,FrontFoot,Drive,NoMovement,Over,Medium,Left,Null,NotReferred,Null,False,False,False,False,True,False,29,False,False,False,False,False,False,1,0,0,0,0,False,False
427207,12,5.92,2.0,1.0,0.0,71.0,6.0,2.0,12786,,11233,The Women's Hundred 2021,2,895,Birmingham Phoenix Women,901,Trent Rockets Women,2021-08-13T22:06:30Z,2,57.0,False,,,,3364,Kathryn Bryce,534,Erin Burns,2934,Issy Wong,129,80,Short Third Man,1,0,1,1,,LengthBall,OutsideOff,NotOut,None,BackFoot,LateCut,NoMovement,Over,Medium,Left,Null,NotReferred,Null,False,False,False,False,False,False,29,False,False,False,False,False,False,1,0,0,0,0,False,False
427207,12,5.92,2.0,1.0,0.0,71.0,6.0,2.0,12786,,11233,The Women's Hundred 2021,2,895,Birmingham Phoenix Women,901,Trent Rockets Women,2021-08-13T22:06:53Z,3,58.0,True,Caught,2934.0,Issy Wong,3364,Kathryn Bryce,2934,Issy Wong,534,Erin Burns,167,71,Backward Point,0,0,0,0,Caught,LengthBall,OffStump,NotOut,ThickEdge,FrontFoot,Slog,NoMovement,Over,Medium,Left,Out2ndUmpire,NotReferred,Null,False,False,False,False,False,False,29,False,False,False,False,False,False,0,0,0,0,0,False,False
427207,12,5.92,2.0,1.0,0.0,71.0,6.0,2.0,12786,,11233,The Women's Hundred 2021,2,895,Birmingham Phoenix Women,901,Trent Rockets Women,2021-08-13T22:08:17Z,4,59.0,False,,,,3364,Kathryn Bryce,7052,Emily Arlott,534,Erin Burns,270,40,Bowler,0,0,0,0,,LengthBall,MiddleStump,NotOut,None,FrontFoot,Pushed,NoMovement,Over,Medium,Left,Null,NotReferred,Null,False,False,False,False,False,False,29,False,False,False,False,False,False,0,0,0,0,0,False,False
427207,12,5.92,2.0,1.0,0.0,71.0,6.0,2.0,12786,,11233,The Women's Hundred 2021,2,895,Birmingham Phoenix Women,901,Trent Rockets Women,2021-08-13T22:08:34Z,5,60.0,False,,,,3364,Kathryn Bryce,7052,Emily Arlott,534,Erin Burns,42,75,Short Fine Leg,0,0,0,0,,HalfVolley,LegStump,NotOut,HitPad,FrontFoot,Glance,NoMovement,Over,Medium,Left,Null,NotReferred,Null,False,False,False,False,False,False,29,False,False,False,False,False,False,0,0,0,0,0,False,False
427210,13,6.0,6.0,0.0,1.0,78.0,6.0,7.0,12786,,11233,The Women's Hundred 2021,2,895,Birmingham Phoenix Women,901,Trent Rockets Women,2021-08-13T22:09:45Z,1,61.0,False,,,,415,Sarah Glenn,534,Erin Burns,7052,Emily Arlott,154,74,Backward Point,0,1,1,0,,LengthBall,MiddleStump,NotOut,HitBody,DownTheTrack,Sweep,LegSpinner,Over,LegSpin,Left,Null,NotReferred,Null,False,False,False,True,False,False,870,False,False,False,False,False,False,0,0,0,1,0,False,False
427210,13,6.0,6.0,0.0,1.0,78.0,6.0,7.0,12786,,11233,The Women's Hundred 2021,2,895,Birmingham Phoenix Women,901,Trent Rockets Women,2021-08-13T22:10:16Z,2,62.0,False,,,,415,Sarah Glenn,7052,Emily Arlott,534,Erin Burns,253,152,Long Off,1,0,1,1,,HalfVolley,LegStump,NotOut,None,DownTheTrack,Drive,LegSpinner,Over,LegSpin,Left,Null,NotReferred,Null,False,False,False,False,False,False,870,False,False,False,False,False,False,1,0,0,0,0,False,False
427210,13,6.0,6.0,0.0,1.0,78.0,6.0,7.0,12786,,11233,The Women's Hundred 2021,2,895,Birmingham Phoenix Women,901,Trent Rockets Women,2021-08-13T22:10:33Z,3,63.0,False,,,,415,Sarah Glenn,534,Erin Burns,7052,Emily Arlott,9,149,Deep Backward Square Leg,1,0,1,1,,LengthBall,OffStump,NotOut,None,FrontFoot,Sweep,LegSpinner,Over,LegSpin,Left,Null,NotReferred,Null,False,False,False,False,False,False,870,False,False,False,False,False,False,1,0,0,0,0,False,False
427210,13,6.0,6.0,0.0,1.0,78.0,6.0,7.0,12786,,11233,The Women's Hundred 2021,2,895,Birmingham Phoenix Women,901,Trent Rockets Women,2021-08-13T22:10:54Z,4,64.0,False,,,,415,Sarah Glenn,7052,Emily Arlott,534,Erin Burns,259,198,Long Off,4,0,4,4,,LengthBall,OutsideOff,NotOut,WellTimed,DownTheTrack,Drive,LegSpinner,Over,LegSpin,Left,Null,NotReferred,Null,False,False,False,False,True,False,870,False,False,False,False,False,False,4,0,0,0,0,False,True
427210,13,6.0,6.0,0.0,1.0,78.0,6.0,7.0,12786,,11233,The Women's Hundred 2021,2,895,Birmingham Phoenix Women,901,Trent Rockets Women,2021-08-13T22:11:26Z,5,65.0,False,,,,415,Sarah Glenn,7052,Emily Arlott,534,Erin Burns,224,71,Extra Cover,0,0,0,0,,BackOfALength,OutsideOff,NotOut,MisTimed,BackFoot,Drive,LegSpinner,Over,LegSpin,Left,Null,NotReferred,Null,False,False,False,False,False,False,870,False,False,False,False,False,False,0,0,0,0,0,False,False
427212,14,6.43,12.0,0.0,0.0,90.0,6.0,12.0,12786,,11233,The Women's Hundred 2021,2,895,Birmingham Phoenix Women,901,Trent Rockets Women,2021-08-13T22:12:38Z,1,66.0,False,,,,388,Natalie Sciver-Brunt,7052,Emily Arlott,534,Erin Burns,294,126,Mid On,1,0,1,1,,LengthBall,OutsideOff,NotOut,None,FrontFoot,Worked,NoMovement,Over,Medium,Left,Null,NotReferred,Null,False,False,False,False,False,False,870,False,False,False,False,False,False,1,0,0,0,0,False,False
427212,14,6.43,12.0,0.0,0.0,90.0,6.0,12.0,12786,,11233,The Women's Hundred 2021,2,895,Birmingham Phoenix Women,901,Trent Rockets Women,2021-08-13T22:13:02Z,2,67.0,False,,,,388,Natalie Sciver-Brunt,534,Erin Burns,7052,Emily Arlott,40,171,Fine Leg,4,0,4,4,,FullToss,DownLeg,NotOut,WellTimed,FrontFoot,Flick,NoMovement,Over,Medium,Left,Null,NotReferred,Null,False,False,False,False,True,False,870,False,False,False,False,False,False,4,0,0,0,0,False,True
427212,14,6.43,12.0,0.0,0.0,90.0,6.0,12.0,12786,,11233,The Women's Hundred 2021,2,895,Birmingham Phoenix Women,901,Trent Rockets Women,2021-08-13T22:13:39Z,3,68.0,False,,,,388,Natalie Sciver-Brunt,534,Erin Burns,7052,Emily Arlott,160,179,Deep Backward Point,4,0,4,4,,BackOfALength,OutsideOff,NotOut,WellTimed,BackFoot,Cut,SlowerBall,Over,Medium,Left,Null,NotReferred,Null,False,False,False,False,False,False,870,False,False,False,False,False,False,4,0,0,0,0,False,True
427212,14,6.43,12.0,0.0,0.0,90.0,6.0,12.0,12786,,11233,The Women's Hundred 2021,2,895,Birmingham Phoenix Women,901,Trent Rockets Women,2021-08-13T22:14:16Z,4,69.0,False,,,,388,Natalie Sciver-Brunt,534,Erin Burns,7052,Emily Arlott,171,151,Deep Backward Point,2,0,2,2,,HalfVolley,OutsideOff,NotOut,WellTimed,FrontFoot,Cut,SlowerBall,Over,Medium,Left,Null,NotReferred,Null,False,False,False,False,True,False,870,False,False,False,False,False,False,2,0,0,0,0,False,False
427212,14,6.43,12.0,0.0,0.0,90.0,6.0,12.0,12786,,11233,The Women's Hundred 2021,2,895,Birmingham Phoenix Women,901,Trent Rockets Women,2021-08-13T22:14:54Z,5,70.0,False,,,,388,Natalie Sciver-Brunt,534,Erin Burns,7052,Emily Arlott,351,157,Deep Mid Wicket,1,0,1,1,,LengthBall,MiddleStump,NotOut,None,FrontFoot,Worked,NoMovement,Over,Medium,Left,Null,NotReferred,Null,False,False,False,False,False,False,870,False,False,False,False,False,False,1,0,0,0,0,False,False
427215,15,6.4,6.0,0.0,0.0,96.0,6.0,6.0,12786,,11233,The Women's Hundred 2021,2,895,Birmingham Phoenix Women,901,Trent Rockets Women,2021-08-13T22:17:51Z,1,71.0,False,,,,1750,Katherine Sciver-Brunt,534,Erin Burns,7052,Emily Arlott,240,89,Mid Off,0,0,0,0,,LengthBall,OutsideOff,NotOut,MisTimed,FrontFoot,Drive,NoMovement,Over,Fast,Left,Null,NotReferred,Null,False,False,False,False,False,False,29,False,False,False,False,False,False,0,0,0,0,0,False,False
427215,15,6.4,6.0,0.0,0.0,96.0,6.0,6.0,12786,,11233,The Women's Hundred 2021,2,895,Birmingham Phoenix Women,901,Trent Rockets Women,2021-08-13T22:18:03Z,2,72.0,False,,,,1750,Katherine Sciver-Brunt,534,Erin Burns,7052,Emily Arlott,90,48,Wicketkeeper,0,0,0,0,,BackOfALength,OutsideOff,NotOut,Missed,BackFoot,Cut,NoMovement,Over,Fast,Left,Null,NotReferred,Null,False,False,False,False,False,False,29,False,False,False,False,False,False,0,0,0,0,0,False,False
427215,15,6.4,6.0,0.0,0.0,96.0,6.0,6.0,12786,,11233,The Women's Hundred 2021,2,895,Birmingham Phoenix Women,901,Trent Rockets Women,2021-08-13T22:18:30Z,3,73.0,False,,,,1750,Katherine Sciver-Brunt,534,Erin Burns,7052,Emily Arlott,25,164,Deep Backward Square Leg,4,0,4,4,,LengthBall,MiddleStump,NotOut,WellTimed,FrontFoot,Sweep,SlowerBall,Over,Fast,Left,Null,NotReferred,Null,False,False,False,False,False,False,29,False,False,False,False,False,False,4,0,0,0,0,False,True
427215,15,6.4,6.0,0.0,0.0,96.0,6.0,6.0,12786,,11233,The Women's Hundred 2021,2,895,Birmingham Phoenix Women,901,Trent Rockets Women,2021-08-13T22:19:00Z,4,74.0,False,,,,1750,Katherine Sciver-Brunt,534,Erin Burns,7052,Emily Arlott,350,150,Deep Mid Wicket,1,0,1,1,,HalfVolley,LegStump,NotOut,None,FrontFoot,Worked,SlowerBall,Over,Fast,Left,Null,NotReferred,Null,False,False,False,False,False,False,29,False,False,False,False,False,False,1,0,0,0,0,False,False
427215,15,6.4,6.0,0.0,0.0,96.0,6.0,6.0,12786,,11233,The Women's Hundred 2021,2,895,Birmingham Phoenix Women,901,Trent Rockets Women,2021-08-13T22:19:30Z,5,75.0,False,,,,1750,Katherine Sciver-Brunt,7052,Emily Arlott,534,Erin Burns,297,92,Mid On,1,0,1,1,,LengthBall,OffStump,NotOut,None,BackFoot,Worked,NoMovement,Over,Fast,Left,Null,NotReferred,Null,False,False,False,False,False,False,29,False,False,False,False,False,False,1,0,0,0,0,False,False
427218,16,6.5,8.0,0.0,0.0,104.0,6.0,8.0,12786,,11233,The Women's Hundred 2021,2,895,Birmingham Phoenix Women,901,Trent Rockets Women,2021-08-13T22:20:43Z,1,76.0,False,,,,1123,Heather Graham,534,Erin Burns,7052,Emily Arlott,34,91,Short Fine Leg,1,0,1,1,,BackOfALength,OffStump,NotOut,None,BackFoot,Worked,NoMovement,Over,Medium,Left,Null,NotReferred,Null,False,False,False,False,False,False,29,False,False,False,False,False,False,1,0,0,0,0,False,False
427218,16,6.5,8.0,0.0,0.0,104.0,6.0,8.0,12786,,11233,The Women's Hundred 2021,2,895,Birmingham Phoenix Women,901,Trent Rockets Women,2021-08-13T22:21:00Z,2,77.0,False,,,,1123,Heather Graham,7052,Emily Arlott,534,Erin Burns,291,160,Long On,1,0,1,1,,LengthBall,OutsideOff,NotOut,None,BackFoot,Drive,NoMovement,Over,Medium,Left,Null,NotReferred,Null,False,False,False,False,False,False,29,False,False,False,False,False,False,1,0,0,0,0,False,False
427218,16,6.5,8.0,0.0,0.0,104.0,6.0,8.0,12786,,11233,The Women's Hundred 2021,2,895,Birmingham Phoenix Women,901,Trent Rockets Women,2021-08-13T22:21:13Z,3,78.0,False,,,,1123,Heather Graham,534,Erin Burns,7052,Emily Arlott,33,168,Fine Leg,4,0,4,4,,LengthBall,LegStump,NotOut,WellTimed,FrontFoot,Sweep,NoMovement,Over,Medium,Left,Null,NotReferred,Null,False,False,False,False,False,False,29,False,False,False,False,False,False,4,0,0,0,0,False,True
427218,16,6.5,8.0,0.0,0.0,104.0,6.0,8.0,12786,,11233,The Women's Hundred 2021,2,895,Birmingham Phoenix Women,901,Trent Rockets Women,2021-08-13T22:21:35Z,4,79.0,False,,,,1123,Heather Graham,534,Erin Burns,7052,Emily Arlott,351,164,Deep Mid Wicket,2,0,2,2,,BackOfALength,OutsideOff,NotOut,WellTimed,BackFoot,Pull,NoMovement,Over,Medium,Left,Null,NotReferred,Null,False,False,False,False,False,False,29,False,False,False,False,False,False,2,0,0,0,0,False,False
427218,16,6.5,8.0,0.0,0.0,104.0,6.0,8.0,12786,,11233,The Women's Hundred 2021,2,895,Birmingham Phoenix Women,901,Trent Rockets Women,2021-08-13T22:22:02Z,5,80.0,False,,,,1123,Heather Graham,534,Erin Burns,7052,Emily Arlott,212,78,Extra Cover,0,0,0,0,,HalfVolley,MiddleStump,NotOut,LeadingEdge,FrontFoot,Pushed,NoMovement,Over,Medium,Left,Null,NotReferred,Null,False,False,False,False,False,False,29,False,False,False,False,False,False,0,0,0,0,0,False,False
427220,17,6.76,11.0,0.0,0.0,115.0,6.0,11.0,12786,,11233,The Women's Hundred 2021,2,895,Birmingham Phoenix Women,901,Trent Rockets Women,2021-08-13T22:23:04Z,1,81.0,False,,,,415,Sarah Glenn,7052,Emily Arlott,534,Erin Burns,314,196,Long On,4,0,4,4,,LengthBall,OffStump,NotOut,WellTimed,FrontFoot,Slog,LegSpinner,Over,LegSpin,Left,Null,NotReferred,Null,False,False,False,False,False,False,870,False,False,False,False,False,False,4,0,0,0,0,False,True
427220,17,6.76,11.0,0.0,0.0,115.0,6.0,11.0,12786,,11233,The Women's Hundred 2021,2,895,Birmingham Phoenix Women,901,Trent Rockets Women,2021-08-13T22:23:39Z,2,82.0,False,,,,415,Sarah Glenn,7052,Emily Arlott,534,Erin Burns,302,161,Long On,1,0,1,1,,LengthBall,LegStump,NotOut,None,DownTheTrack,Worked,LegSpinner,Over,LegSpin,Left,Null,NotReferred,Null,False,False,False,False,False,False,870,False,False,False,False,False,False,1,0,0,0,0,False,False
427220,17,6.76,11.0,0.0,0.0,115.0,6.0,11.0,12786,,11233,The Women's Hundred 2021,2,895,Birmingham Phoenix Women,901,Trent Rockets Women,2021-08-13T22:23:55Z,3,83.0,False,,,,415,Sarah Glenn,534,Erin Burns,7052,Emily Arlott,35,84,Short Fine Leg,1,0,1,1,,BackOfALength,OffStump,NotOut,None,BackFoot,Glance,LegSpinner,Over,LegSpin,Left,Null,NotReferred,Null,False,False,False,False,False,False,870,False,False,False,False,False,False,1,0,0,0,0,False,False
427220,17,6.76,11.0,0.0,0.0,115.0,6.0,11.0,12786,,11233,The Women's Hundred 2021,2,895,Birmingham Phoenix Women,901,Trent Rockets Women,2021-08-13T22:24:18Z,4,84.0,False,,,,415,Sarah Glenn,7052,Emily Arlott,534,Erin Burns,249,155,Long Off,1,0,1,1,,FullToss,OffStump,NotOut,None,NoMovement,Pushed,LegSpinner,Over,LegSpin,Left,Null,NotReferred,Null,False,False,False,False,False,False,870,False,False,False,False,False,False,1,0,0,0,0,False,False
427220,17,6.76,11.0,0.0,0.0,115.0,6.0,11.0,12786,,11233,The Women's Hundred 2021,2,895,Birmingham Phoenix Women,901,Trent Rockets Women,2021-08-13T22:24:40Z,5,85.0,False,,,,415,Sarah Glenn,534,Erin Burns,7052,Emily Arlott,188,196,Deep Point,4,0,4,4,,LengthBall,OutsideOff,NotOut,WellTimed,BackFoot,Drive,LegSpinner,Over,LegSpin,Left,Null,NotReferred,Null,False,False,False,False,False,False,870,False,False,False,False,False,False,4,0,0,0,0,False,True
427222,18,6.67,5.0,1.0,0.0,120.0,7.0,5.0,12786,,11233,The Women's Hundred 2021,2,895,Birmingham Phoenix Women,901,Trent Rockets Women,2021-08-13T22:25:55Z,1,86.0,False,,,,986,Sammy-Jo Johnson,534,Erin Burns,7052,Emily Arlott,270,40,Bowler,0,0,0,0,,LengthBall,OutsideOff,NotOut,None,FrontFoot,Pushed,NoMovement,Over,Fast,Left,Null,NotReferred,Null,False,False,False,False,False,False,870,False,False,False,False,False,False,0,0,0,0,0,False,False
427222,18,6.67,5.0,1.0,0.0,120.0,7.0,5.0,12786,,11233,The Women's Hundred 2021,2,895,Birmingham Phoenix Women,901,Trent Rockets Women,2021-08-13T22:26:06Z,2,87.0,False,,,,986,Sammy-Jo Johnson,534,Erin Burns,7052,Emily Arlott,172,185,Deep Backward Point,4,0,4,4,,LengthBall,OutsideOff,NotOut,WellTimed,BackFoot,Cut,SlowerBall,Over,Fast,Left,Null,NotReferred,Null,False,False,False,False,False,False,870,False,False,False,False,False,False,4,0,0,0,0,False,True
427222,18,6.67,5.0,1.0,0.0,120.0,7.0,5.0,12786,,11233,The Women's Hundred 2021,2,895,Birmingham Phoenix Women,901,Trent Rockets Women,2021-08-13T22:26:53Z,3,88.0,True,Caught,534.0,Erin Burns,986,Sammy-Jo Johnson,534,Erin Burns,7052,Emily Arlott,4,154,Deep Square Leg,0,0,0,0,Caught,LengthBall,LegStump,NotOut,MisTimed,FrontFoot,Slog,SlowerBall,Over,Fast,Left,Out1stUmpire,NotReferred,Null,False,False,False,False,False,False,870,False,False,False,False,False,False,0,0,0,0,0,False,False
427222,18,6.67,5.0,1.0,0.0,120.0,7.0,5.0,12786,,11233,The Women's Hundred 2021,2,895,Birmingham Phoenix Women,901,Trent Rockets Women,2021-08-13T22:28:29Z,4,89.0,False,,,,986,Sammy-Jo Johnson,411,Georgia Elwiss,7052,Emily Arlott,216,75,Extra Cover,0,0,0,0,,LengthBall,OutsideOff,NotOut,None,FrontFoot,Pushed,SlowerBall,Over,Fast,Left,Null,NotReferred,Null,False,False,False,False,False,False,870,False,False,False,False,False,False,0,0,0,0,0,False,False
427222,18,6.67,5.0,1.0,0.0,120.0,7.0,5.0,12786,,11233,The Women's Hundred 2021,2,895,Birmingham Phoenix Women,901,Trent Rockets Women,2021-08-13T22:28:55Z,5,90.0,False,,,,986,Sammy-Jo Johnson,411,Georgia Elwiss,7052,Emily Arlott,7,156,Deep Square Leg,1,0,1,1,,LengthBall,MiddleStump,NotOut,None,FrontFoot,Worked,SlowerBall,Over,Fast,Left,Null,NotReferred,Null,False,False,False,False,False,False,870,False,False,False,False,False,False,1,0,0,0,0,False,False
427225,19,7.01,9.0,0.0,0.0,129.0,7.0,9.0,12786,,11233,The Women's Hundred 2021,2,895,Birmingham Phoenix Women,901,Trent Rockets Women,2021-08-13T22:30:05Z,1,91.0,False,,,,986,Sammy-Jo Johnson,411,Georgia Elwiss,7052,Emily Arlott,7,152,Deep Square Leg,1,0,1,1,,BackOfALength,OutsideOff,NotOut,None,BackFoot,Pull,SlowerBall,Over,Fast,Left,Null,NotReferred,Null,False,False,False,False,False,False,29,False,False,False,False,False,False,1,0,0,0,0,False,False
427225,19,7.01,9.0,0.0,0.0,129.0,7.0,9.0,12786,,11233,The Women's Hundred 2021,2,895,Birmingham Phoenix Women,901,Trent Rockets Women,2021-08-13T22:30:35Z,2,92.0,False,,,,986,Sammy-Jo Johnson,7052,Emily Arlott,411,Georgia Elwiss,270,40,Bowler,0,0,0,0,,LengthBall,OutsideOff,NotOut,MisTimed,FrontFoot,Drive,SlowerBall,Over,Fast,Left,Null,NotReferred,Null,False,False,False,False,False,False,29,False,False,False,False,False,False,0,0,0,0,0,False,False
427225,19,7.01,9.0,0.0,0.0,129.0,7.0,9.0,12786,,11233,The Women's Hundred 2021,2,895,Birmingham Phoenix Women,901,Trent Rockets Women,2021-08-13T22:31:00Z,3,93.0,False,,,,986,Sammy-Jo Johnson,7052,Emily Arlott,411,Georgia Elwiss,351,199,Deep Mid Wicket,4,0,4,4,,FullToss,LegStump,NotOut,WellTimed,FrontFoot,Pull,SlowerBall,Over,Fast,Left,Null,NotReferred,Null,False,False,False,False,True,False,29,False,False,False,False,False,False,4,0,0,0,0,False,True
427225,19,7.01,9.0,0.0,0.0,129.0,7.0,9.0,12786,,11233,The Women's Hundred 2021,2,895,Birmingham Phoenix Women,901,Trent Rockets Women,2021-08-13T22:31:37Z,4,94.0,False,,,,986,Sammy-Jo Johnson,7052,Emily Arlott,411,Georgia Elwiss,322,211,Deep Mid Wicket,4,0,4,4,,FullToss,OutsideOff,NotOut,WellTimed,FrontFoot,Slog,SlowerBall,Over,Fast,Left,Null,NotReferred,Null,False,False,False,False,True,False,29,False,False,False,False,False,False,4,0,0,0,0,False,True
