over_id,over_overNumber,over_runrate,over_runsConceded,over_wickets,over_runsExtras,over_totalInningRuns,over_totalInningWickets,over_totalRuns,id,matchName,fixtureId,fixtureName,inningNumber,battingTeamId,battingTeamName,bowlingTeamId,bowlingTeamName,ballDateTime,ballNumber,isWicket,bowlerPlayerId,bowlerPlayerName,battingPlayerId,battingPlayerName,nonStrikeBattingPlayerId,nonStrikeBattingPlayerName,shotAngle,shotMagnitude,fieldingPosition,runsConceded,extras,runs,runsScored,lengthTypeId,lineTypeId,appealDismissalTypeId,battingConnectionId,battingFeetId,battingShotTypeId,bowlingDetailId,bowlingFromId,bowlingTypeId,bowlingHandId,outcomeId,referralOutcomeId,noBallReasonId,isWide,isNoBall,isByes,isLegByes,isAirControlled,isAppeal,decisionOfficialId,isFreeHit,isNewBall,isPowerPlay,isBattingPowerPlay,isFloodLit,isReferred,teamRuns,runsByes,runsWide,runsLegByes,noBallsCount,isBoundry,isAirNotControlled,catchDifficulty,dismissalTypeId,dismissalPlayerId,dismissalPlayerName,dismissalType
1263067,1,4.0,4.0,0.0,0.0,4.0,0.0,4.0,73299,,38942,ICC U19 Men's World Cup 2026,1,640,Scotland U19 Men,313,USA U19 Men,2026-01-26T09:31:37Z,1,False,21210,Ritvik Appidi,21031,Theo Robinson,21030,Olly Pillinger,90,48,Wicketkeeper,0,0,0,0,LengthBall,Null,NotOut,NoShot,0,Leave,Null,Over,Medium,Right,Null,NotReferred,Null,False,False,False,False,False,False,264,False,True,True,False,False,False,0,0,0,0,0,False,False,,,,,
1263067,1,4.0,4.0,0.0,0.0,4.0,0.0,4.0,73299,,38942,ICC U19 Men's World Cup 2026,1,640,Scotland U19 Men,313,USA U19 Men,2026-01-26T09:32:13Z,2,False,21210,Ritvik Appidi,21031,Theo Robinson,21030,Olly Pillinger,214,67,Extra Cover,0,0,0,0,LengthBall,Null,NotOut,Played,0,ForwardDefensive,Null,Over,Medium,Right,Null,NotReferred,Null,False,False,False,False,False,False,264,False,False,True,False,False,False,0,0,0,0,0,False,False,,,,,
1263067,1,4.0,4.0,0.0,0.0,4.0,0.0,4.0,73299,,38942,ICC U19 Men's World Cup 2026,1,640,Scotland U19 Men,313,USA U19 Men,2026-01-26T09:33:02Z,3,False,21210,Ritvik Appidi,21031,Theo Robinson,21030,Olly Pillinger,277,63,Silly Mid On,0,0,0,0,LengthBall,Null,NotOut,MisTimed,0,Worked,Null,Over,Medium,Right,Null,NotReferred,Null,False,False,False,False,False,False,264,False,False,True,False,False,False,0,0,0,0,0,False,False,,,,,
1263067,1,4.0,4.0,0.0,0.0,4.0,0.0,4.0,73299,,38942,ICC U19 Men's World Cup 2026,1,640,Scotland U19 Men,313,USA U19 Men,2026-01-26T09:33:41Z,4,False,21210,Ritvik Appidi,21031,Theo Robinson,21030,Olly Pillinger,270,40,Bowler,0,0,0,0,LengthBall,Null,NotOut,Played,0,ForwardDefensive,Null,Over,Medium,Right,Null,NotReferred,Null,False,False,False,False,False,False,264,False,False,True,False,False,False,0,0,0,0,0,False,False,,,,,
1263067,1,4.0,4.0,0.0,0.0,4.0,0.0,4.0,73299,,38942,ICC U19 Men's World Cup 2026,1,640,Scotland U19 Men,313,USA U19 Men,2026-01-26T09:34:27Z,5,False,21210,Ritvik Appidi,21031,Theo Robinson,21030,Olly Pillinger,90,48,Wicketkeeper,0,0,0,0,LengthBall,Null,NotOut,NoShot,0,ShouldersArms,Null,Over,Medium,Right,Null,NotReferred,Null,False,False,False,False,False,False,264,False,False,True,False,False,False,0,0,0,0,0,False,False,,,,,
1263067,1,4.0,4.0,0.0,0.0,4.0,0.0,4.0,73299,,38942,ICC U19 Men's World Cup 2026,1,640,Scotland U19 Men,313,USA U19 Men,2026-01-26T09:35:05Z,6,False,21210,Ritvik Appidi,21031,Theo Robinson,21030,Olly Pillinger,192,184,Deep Cover,4,0,4,4,HalfVolley,Null,NotOut,HitHard,0,Drive,Null,Over,Medium,Right,Null,NotReferred,Null,False,False,False,False,False,False,264,False,False,True,False,False,False,4,0,0,0,0,False,True,,,,,
1263071,2,4.5,5.0,0.0,0.0,9.0,0.0,5.0,73299,,38942,ICC U19 Men's World Cup 2026,1,640,Scotland U19 Men,313,USA U19 Men,2026-01-26T09:36:42Z,1,False,21203,Advaith Krishna,21030,Olly Pillinger,21031,Theo Robinson,90,48,Wicketkeeper,0,0,0,0,BackOfALength,Null,NotOut,NoShot,0,ShouldersArms,Null,Over,Medium,Right,Null,NotReferred,Null,False,False,False,False,False,False,259,False,True,True,False,False,False,0,0,0,0,0,False,False,0.0,,,,
1263071,2,4.5,5.0,0.0,0.0,9.0,0.0,5.0,73299,,38942,ICC U19 Men's World Cup 2026,1,640,Scotland U19 Men,313,USA U19 Men,2026-01-26T09:37:11Z,2,False,21203,Advaith Krishna,21030,Olly Pillinger,21031,Theo Robinson,144,117,Third Man,1,0,1,1,BackOfALength,Null,NotOut,Played,0,Steer,Null,Over,Medium,Right,Null,NotReferred,Null,False,False,False,False,False,False,259,False,False,True,False,False,False,1,0,0,0,0,False,False,0.0,,,,
1263071,2,4.5,5.0,0.0,0.0,9.0,0.0,5.0,73299,,38942,ICC U19 Men's World Cup 2026,1,640,Scotland U19 Men,313,USA U19 Men,2026-01-26T09:38:07Z,3,False,21203,Advaith Krishna,21031,Theo Robinson,21030,Olly Pillinger,54,177,Fine Leg,4,0,4,4,LengthBall,Null,NotOut,Played,0,Glance,Null,Over,Medium,Right,Null,NotReferred,Null,False,False,False,False,False,False,259,False,False,True,False,False,False,4,0,0,0,0,False,True,0.0,,,,
1263071,2,4.5,5.0,0.0,0.0,9.0,0.0,5.0,73299,,38942,ICC U19 Men's World Cup 2026,1,640,Scotland U19 Men,313,USA U19 Men,2026-01-26T09:38:51Z,4,False,21203,Advaith Krishna,21031,Theo Robinson,21030,Olly Pillinger,90,48,Wicketkeeper,0,0,0,0,LengthBall,Null,NotOut,NoShot,0,ShouldersArms,Null,Over,Medium,Right,Null,NotReferred,Null,False,False,False,False,False,False,259,False,False,True,False,False,False,0,0,0,0,0,False,False,0.0,,,,
1263071,2,4.5,5.0,0.0,0.0,9.0,0.0,5.0,73299,,38942,ICC U19 Men's World Cup 2026,1,640,Scotland U19 Men,313,USA U19 Men,2026-01-26T09:39:30Z,5,False,21203,Advaith Krishna,21031,Theo Robinson,21030,Olly Pillinger,288,56,Silly Mid On,0,0,0,0,LengthBall,Null,NotOut,Played,0,ForwardDefensive,Null,Over,Medium,Right,Null,NotReferred,Null,False,False,False,False,False,False,259,False,False,True,False,False,False,0,0,0,0,0,False,False,0.0,,,,
1263071,2,4.5,5.0,0.0,0.0,9.0,0.0,5.0,73299,,38942,ICC U19 Men's World Cup 2026,1,640,Scotland U19 Men,313,USA U19 Men,2026-01-26T09:40:07Z,6,False,21203,Advaith Krishna,21031,Theo Robinson,21030,Olly Pillinger,90,48,Wicketkeeper,0,0,0,0,Short,Null,NotOut,NoShot,0,Leave,Null,Over,Medium,Right,Null,NotReferred,Null,False,False,False,False,False,False,259,False,False,True,False,False,False,0,0,0,0,0,False,False,0.0,,,,
1263077,3,4.67,5.0,0.0,0.0,14.0,0.0,5.0,73299,,38942,ICC U19 Men's World Cup 2026,1,640,Scotland U19 Men,313,USA U19 Men,2026-01-26T09:41:08Z,1,False,21210,Ritvik Appidi,21030,Olly Pillinger,21031,Theo Robinson,28,116,Backward Square Leg,1,0,1,1,Short,Null,NotOut,MisTimed,0,Pull,Null,Over,Medium,Right,Null,NotReferred,Null,False,False,False,False,False,False,264,False,False,True,False,False,False,1,0,0,0,0,False,False,,,,,
1263077,3,4.67,5.0,0.0,0.0,14.0,0.0,5.0,73299,,38942,ICC U19 Men's World Cup 2026,1,640,Scotland U19 Men,313,USA U19 Men,2026-01-26T09:41:56Z,2,False,21210,Ritvik Appidi,21031,Theo Robinson,21030,Olly Pillinger,270,40,Bowler,0,0,0,0,LengthBall,Null,NotOut,Played,0,ForwardDefensive,Null,Over,Medium,Right,Null,NotReferred,Null,False,False,False,False,False,False,264,False,False,True,False,False,False,0,0,0,0,0,False,False,,,,,
1263077,3,4.67,5.0,0.0,0.0,14.0,0.0,5.0,73299,,38942,ICC U19 Men's World Cup 2026,1,640,Scotland U19 Men,313,USA U19 Men,2026-01-26T09:42:35Z,3,False,21210,Ritvik Appidi,21031,Theo Robinson,21030,Olly Pillinger,120,50,Second Slip,0,0,0,0,BackOfALength,Null,NotOut,Edged,0,Pushed,Null,Over,Medium,Right,Null,NotReferred,Null,False,False,False,False,False,False,264,False,False,True,False,False,False,0,0,0,0,0,False,False,,,,,
1263077,3,4.67,5.0,0.0,0.0,14.0,0.0,5.0,73299,,38942,ICC U19 Men's World Cup 2026,1,640,Scotland U19 Men,313,USA U19 Men,2026-01-26T09:43:14Z,4,False,21210,Ritvik Appidi,21031,Theo Robinson,21030,Olly Pillinger,205,191,Deep Cover,4,0,4,4,LengthBall,Null,NotOut,HitHard,0,Drive,Null,Over,Medium,Right,Null,NotReferred,Null,False,False,False,False,False,False,264,False,False,True,False,False,False,4,0,0,0,0,False,True,,,,,
1263077,3,4.67,5.0,0.0,0.0,14.0,0.0,5.0,73299,,38942,ICC U19 Men's World Cup 2026,1,640,Scotland U19 Men,313,USA U19 Men,2026-01-26T09:44:10Z,5,False,21210,Ritvik Appidi,21031,Theo Robinson,21030,Olly Pillinger,344,87,Mid Wicket,0,0,0,0,BackOfALength,Null,NotOut,Played,0,Worked,Null,Over,Medium,Right,Null,NotReferred,Null,False,False,False,False,False,False,264,False,False,True,False,False,False,0,0,0,0,0,False,False,,,,,
1263077,3,4.67,5.0,0.0,0.0,14.0,0.0,5.0,73299,,38942,ICC U19 Men's World Cup 2026,1,640,Scotland U19 Men,313,USA U19 Men,2026-01-26T09:44:48Z,6,False,21210,Ritvik Appidi,21031,Theo Robinson,21030,Olly Pillinger,0,24,Short Leg,0,0,0,0,LengthBall,Null,NotOut,Edged,0,Drive,Null,Over,Medium,Right,Null,NotReferred,Null,False,False,False,False,False,False,264,False,False,True,False,False,False,0,0,0,0,0,False,False,,,,,
1263081,4,4.75,5.0,0.0,1.0,19.0,0.0,5.0,73299,,38942,ICC U19 Men's World Cup 2026,1,640,Scotland U19 Men,313,USA U19 Men,2026-01-26T09:45:42Z,1,False,21203,Advaith Krishna,21030,Olly Pillinger,21031,Theo Robinson,213,64,Short Extra Cover,0,0,0,0,LengthBall,Null,NotOut,Played,0,ForwardDefensive,Null,Over,Medium,Right,Null,NotReferred,Null,False,False,False,False,False,False,259,False,False,True,False,False,False,0,0,0,0,0,False,False,0.0,,,,
1263081,4,4.75,5.0,0.0,1.0,19.0,0.0,5.0,73299,,38942,ICC U19 Men's World Cup 2026,1,640,Scotland U19 Men,313,USA U19 Men,2026-01-26T09:46:20Z,2,False,21203,Advaith Krishna,21030,Olly Pillinger,21031,Theo Robinson,224,37,Short Extra Cover,0,0,0,0,BackOfALength,Null,NotOut,HitPad,0,Worked,Null,Over,Medium,Right,Null,NotReferred,Null,False,False,False,False,False,False,259,False,False,True,False,False,False,0,0,0,0,0,False,False,0.0,,,,
1263081,4,4.75,5.0,0.0,1.0,19.0,0.0,5.0,73299,,38942,ICC U19 Men's World Cup 2026,1,640,Scotland U19 Men,313,USA U19 Men,2026-01-26T09:46:59Z,3,False,21203,Advaith Krishna,21030,Olly Pillinger,21031,Theo Robinson,168,187,Deep Backward Point,4,0,4,4,Short,Null,NotOut,HitHard,0,Cut,Null,Over,Medium,Right,Null,NotReferred,Null,False,False,False,False,False,False,259,False,False,True,False,False,False,4,0,0,0,0,False,True,0.0,,,,
1263081,4,4.75,5.0,0.0,1.0,19.0,0.0,5.0,73299,,38942,ICC U19 Men's World Cup 2026,1,640,Scotland U19 Men,313,USA U19 Men,2026-01-26T09:47:45Z,4,False,21203,Advaith Krishna,21030,Olly Pillinger,21031,Theo Robinson,90,48,Wicketkeeper,0,0,0,0,BackOfALength,Null,NotOut,Missed,0,Cut,Null,Over,Medium,Right,Null,NotReferred,Null,False,False,False,False,False,False,259,False,False,True,False,False,False,0,0,0,0,0,False,False,0.0,,,,
1263081,4,4.75,5.0,0.0,1.0,19.0,0.0,5.0,73299,,38942,ICC U19 Men's World Cup 2026,1,640,Scotland U19 Men,313,USA U19 Men,2026-01-26T09:48:22Z,5,False,21203,Advaith Krishna,21030,Olly Pillinger,21031,Theo Robinson,90,48,Wicketkeeper,1,1,1,0,Short,Null,NotOut,NoShot,0,Leave,Null,Over,Medium,Right,Null,NotReferred,Null,True,False,False,False,False,False,259,False,False,True,False,False,False,1,0,1,0,0,False,False,0.0,,,,
1263081,4,4.75,5.0,0.0,1.0,19.0,0.0,5.0,73299,,38942,ICC U19 Men's World Cup 2026,1,640,Scotland U19 Men,313,USA U19 Men,2026-01-26T09:49:02Z,5,False,21203,Advaith Krishna,21030,Olly Pillinger,21031,Theo Robinson,278,43,Silly Mid On,0,0,0,0,BackOfALength,Null,NotOut,Played,0,BackwardDefensive,Null,Over,Medium,Right,Null,NotReferred,Null,False,False,False,False,False,False,259,False,False,True,False,False,False,0,0,0,0,0,False,False,0.0,,,,
1263081,4,4.75,5.0,0.0,1.0,19.0,0.0,5.0,73299,,38942,ICC U19 Men's World Cup 2026,1,640,Scotland U19 Men,313,USA U19 Men,2026-01-26T09:49:42Z,6,False,21203,Advaith Krishna,21030,Olly Pillinger,21031,Theo Robinson,249,62,Silly Mid Off,0,0,0,0,LengthBall,Null,NotOut,Played,0,ForwardDefensive,Null,Over,Medium,Right,Null,NotReferred,Null,False,False,False,False,False,False,259,False,False,True,False,False,False,0,0,0,0,0,False,False,0.0,,,,
1263088,5,5.4,8.0,0.0,0.0,27.0,0.0,8.0,73299,,38942,ICC U19 Men's World Cup 2026,1,640,Scotland U19 Men,313,USA U19 Men,2026-01-26T09:50:44Z,1,False,21210,Ritvik Appidi,21031,Theo Robinson,21030,Olly Pillinger,14,145,Deep Backward Square Leg,3,0,3,3,HalfVolley,Null,NotOut,HitHard,0,Flick,Null,Over,Medium,Right,Null,NotReferred,Null,False,False,False,False,False,False,264,False,False,True,False,False,False,3,0,0,0,0,False,False,,,,,
1263088,5,5.4,8.0,0.0,0.0,27.0,0.0,8.0,73299,,38942,ICC U19 Men's World Cup 2026,1,640,Scotland U19 Men,313,USA U19 Men,2026-01-26T09:51:40Z,2,False,21210,Ritvik Appidi,21030,Olly Pillinger,21031,Theo Robinson,219,59,Short Extra Cover,0,0,0,0,BackOfALength,Null,NotOut,Played,0,BackwardDefensive,Null,Over,Medium,Right,Null,NotReferred,Null,False,False,False,False,False,False,264,False,False,True,False,False,False,0,0,0,0,0,False,False,,,,,
1263088,5,5.4,8.0,0.0,0.0,27.0,0.0,8.0,73299,,38942,ICC U19 Men's World Cup 2026,1,640,Scotland U19 Men,313,USA U19 Men,2026-01-26T09:52:22Z,3,False,21210,Ritvik Appidi,21030,Olly Pillinger,21031,Theo Robinson,90,48,Wicketkeeper,0,0,0,0,LengthBall,Null,NotOut,NoShot,0,Leave,Null,Over,Medium,Right,Null,NotReferred,Null,False,False,False,False,False,False,264,False,False,True,False,False,False,0,0,0,0,0,False,False,,,,,
1263088,5,5.4,8.0,0.0,0.0,27.0,0.0,8.0,73299,,38942,ICC U19 Men's World Cup 2026,1,640,Scotland U19 Men,313,USA U19 Men,2026-01-26T09:53:05Z,4,False,21210,Ritvik Appidi,21030,Olly Pillinger,21031,Theo Robinson,179,88,Point,0,0,0,0,BackOfALength,Null,NotOut,Played,0,Pushed,Null,Over,Medium,Right,Null,NotReferred,Null,False,False,False,False,False,False,264,False,False,True,False,False,False,0,0,0,0,0,False,False,,,,,
1263088,5,5.4,8.0,0.0,0.0,27.0,0.0,8.0,73299,,38942,ICC U19 Men's World Cup 2026,1,640,Scotland U19 Men,313,USA U19 Men,2026-01-26T09:53:53Z,5,False,21210,Ritvik Appidi,21030,Olly Pillinger,21031,Theo Robinson,352,176,Deep Mid Wicket,4,0,4,4,Short,Null,NotOut,HitHard,0,Pull,Null,Over,Medium,Right,Null,NotReferred,Null,False,False,False,False,True,False,264,False,False,True,False,False,False,4,0,0,0,0,False,True,,,,,
1263088,5,5.4,8.0,0.0,0.0,27.0,0.0,8.0,73299,,38942,ICC U19 Men's World Cup 2026,1,640,Scotland U19 Men,313,USA U19 Men,2026-01-26T09:54:40Z,6,False,21210,Ritvik Appidi,21030,Olly Pillinger,21031,Theo Robinson,167,144,Deep Backward Point,1,0,1,1,LengthBall,Null,NotOut,Played,0,Drive,Null,Over,Medium,Right,Null,NotReferred,Null,False,False,False,False,False,False,264,False,False,True,False,False,False,1,0,0,0,0,False,False,,,,,
1263092,6,6.0,9.0,0.0,1.0,36.0,0.0,9.0,73299,,38942,ICC U19 Men's World Cup 2026,1,640,Scotland U19 Men,313,USA U19 Men,2026-01-26T09:55:50Z,1,False,21203,Advaith Krishna,21030,Olly Pillinger,21031,Theo Robinson,105,50,First Slip,0,0,0,0,Short,Null,NotOut,MisTimed,0,Steer,Null,Over,Medium,Right,Null,NotReferred,Null,False,False,False,False,False,False,259,False,False,True,False,False,False,0,0,0,0,0,False,False,,,,,
1263092,6,6.0,9.0,0.0,1.0,36.0,0.0,9.0,73299,,38942,ICC U19 Men's World Cup 2026,1,640,Scotland U19 Men,313,USA U19 Men,2026-01-26T09:56:25Z,2,False,21203,Advaith Krishna,21030,Olly Pillinger,21031,Theo Robinson,161,147,Deep Backward Point,2,0,2,2,Short,Null,NotOut,HitHard,0,Cut,Null,Over,Medium,Right,Null,NotReferred,Null,False,False,False,False,False,False,259,False,False,True,False,False,False,2,0,0,0,0,False,False,,,,,
1263092,6,6.0,9.0,0.0,1.0,36.0,0.0,9.0,73299,,38942,ICC U19 Men's World Cup 2026,1,640,Scotland U19 Men,313,USA U19 Men,2026-01-26T09:57:12Z,3,False,21203,Advaith Krishna,21030,Olly Pillinger,21031,Theo Robinson,171,106,Point,1,0,1,1,LengthBall,Null,NotOut,Played,0,Pushed,Null,Over,Medium,Right,Null,NotReferred,Null,False,False,False,False,False,False,259,False,False,True,False,False,False,1,0,0,0,0,False,False,,,,,
1263092,6,6.0,9.0,0.0,1.0,36.0,0.0,9.0,73299,,38942,ICC U19 Men's World Cup 2026,1,640,Scotland U19 Men,313,USA U19 Men,2026-01-26T09:57:56Z,4,False,21203,Advaith Krishna,21031,Theo Robinson,21030,Olly Pillinger,147,118,Third Man,1,0,1,1,LengthBall,Null,NotOut,Played,0,Steer,Null,Over,Medium,Right,Null,NotReferred,Null,False,False,False,False,False,False,259,False,False,True,False,False,False,1,0,0,0,0,False,False,,,,,
1263092,6,6.0,9.0,0.0,1.0,36.0,0.0,9.0,73299,,38942,ICC U19 Men's World Cup 2026,1,640,Scotland U19 Men,313,USA U19 Men,2026-01-26T09:58:35Z,5,False,21203,Advaith Krishna,21030,Olly Pillinger,21031,Theo Robinson,244,73,Mid Off,0,0,0,0,LengthBall,Null,NotOut,Played,0,ForwardDefensive,Null,Over,Medium,Right,Null,NotReferred,Null,False,False,False,False,False,False,259,False,False,True,False,False,False,0,0,0,0,0,False,False,,,,,
1263092,6,6.0,9.0,0.0,1.0,36.0,0.0,9.0,73299,,38942,ICC U19 Men's World Cup 2026,1,640,Scotland U19 Men,313,USA U19 Men,2026-01-26T09:59:12Z,6,False,21203,Advaith Krishna,21030,Olly Pillinger,21031,Theo Robinson,200,94,Cover,1,1,1,0,LengthBall,Null,NotOut,Played,0,Drive,Null,Over,Medium,Right,Null,NotReferred,FrontFoot,False,True,False,False,False,False,259,False,False,True,False,False,False,1,0,0,0,1,False,False,,,,,
1263092,6,6.0,9.0,0.0,1.0,36.0,0.0,9.0,73299,,38942,ICC U19 Men's World Cup 2026,1,640,Scotland U19 Men,313,USA U19 Men,2026-01-26T09:59:57Z,6,False,21203,Advaith Krishna,21030,Olly Pillinger,21031,Theo Robinson,355,191,Deep Square Leg,4,0,4,4,HalfVolley,Null,NotOut,Played,0,Slog,Null,Over,Medium,Right,Null,NotReferred,Null,False,False,False,False,False,False,259,True,False,True,False,False,False,4,0,0,0,0,False,False,,,,,
1263099,7,6.14,6.0,0.0,1.0,43.0,0.0,6.0,73299,,38942,ICC U19 Men's World Cup 2026,1,640,Scotland U19 Men,313,USA U19 Men,2026-01-26T10:01:21Z,1,False,21207,Sabrish Prasad,21031,Theo Robinson,21030,Olly Pillinger,288,138,Long On,1,0,1,1,LengthBall,Null,NotOut,Played,0,Worked,Null,Round,OffSpin,Right,Null,NotReferred,Null,False,False,False,False,False,False,264,False,False,True,False,False,False,1,0,0,0,0,False,False,,,,,
1263099,7,6.14,6.0,0.0,1.0,43.0,0.0,6.0,73299,,38942,ICC U19 Men's World Cup 2026,1,640,Scotland U19 Men,313,USA U19 Men,2026-01-26T10:01:50Z,2,False,21207,Sabrish Prasad,21030,Olly Pillinger,21031,Theo Robinson,198,83,Cover,0,0,0,0,LengthBall,Null,NotOut,Played,0,Pushed,Null,Round,OffSpin,Right,Null,NotReferred,Null,False,False,False,False,False,False,264,False,False,True,False,False,False,0,0,0,0,0,False,False,,,,,
1263099,7,6.14,6.0,0.0,1.0,43.0,0.0,6.0,73299,,38942,ICC U19 Men's World Cup 2026,1,640,Scotland U19 Men,313,USA U19 Men,2026-01-26T10:02:13Z,3,False,21207,Sabrish Prasad,21030,Olly Pillinger,21031,Theo Robinson,218,58,Short Extra Cover,0,0,0,0,LengthBall,Null,NotOut,MisTimed,0,Pushed,Null,Round,OffSpin,Right,Null,NotReferred,Null,False,False,False,False,False,False,264,False,False,True,False,False,False,0,0,0,0,0,False,False,,,,,
1263099,7,6.14,6.0,0.0,1.0,43.0,0.0,6.0,73299,,38942,ICC U19 Men's World Cup 2026,1,640,Scotland U19 Men,313,USA U19 Men,2026-01-26T10:02:25Z,4,False,21207,Sabrish Prasad,21030,Olly Pillinger,21031,Theo Robinson,90,48,Wicketkeeper,1,1,1,0,HalfVolley,Null,NotOut,Missed,0,Drive,Null,Round,OffSpin,Right,Null,NotReferred,Null,True,False,False,False,False,False,264,False,False,True,False,False,False,1,0,1,0,0,False,False,,,,,
1263099,7,6.14,6.0,0.0,1.0,43.0,0.0,6.0,73299,,38942,ICC U19 Men's World Cup 2026,1,640,Scotland U19 Men,313,USA U19 Men,2026-01-26T10:02:44Z,4,False,21207,Sabrish Prasad,21030,Olly Pillinger,21031,Theo Robinson,202,188,Deep Cover,4,0,4,4,BackOfALength,Null,NotOut,HitHard,0,Cut,Null,Round,OffSpin,Right,Null,NotReferred,Null,False,False,False,False,False,False,264,False,False,True,False,False,False,4,0,0,0,0,False,False,,,,,
1263099,7,6.14,6.0,0.0,1.0,43.0,0.0,6.0,73299,,38942,ICC U19 Men's World Cup 2026,1,640,Scotland U19 Men,313,USA U19 Men,2026-01-26T10:03:27Z,5,False,21207,Sabrish Prasad,21030,Olly Pillinger,21031,Theo Robinson,192,79,Cover,0,0,0,0,LengthBall,Null,NotOut,Played,0,Pushed,Null,Round,OffSpin,Right,Null,NotReferred,Null,False,False,False,False,False,False,264,False,False,True,False,False,False,0,0,0,0,0,False,False,,,,,
1263099,7,6.14,6.0,0.0,1.0,43.0,0.0,6.0,73299,,38942,ICC U19 Men's World Cup 2026,1,640,Scotland U19 Men,313,USA U19 Men,2026-01-26T10:03:49Z,6,False,21207,Sabrish Prasad,21030,Olly Pillinger,21031,Theo Robinson,211,72,Extra Cover,0,0,0,0,LengthBall,Null,NotOut,Played,0,ForwardDefensive,Null,Round,OffSpin,Right,Null,NotReferred,Null,False,False,False,False,False,False,264,False,False,True,False,False,False,0,0,0,0,0,False,False,,,,,
1263104,8,6.62,11.0,0.0,2.0,53.0,0.0,11.0,73299,,38942,ICC U19 Men's World Cup 2026,1,640,Scotland U19 Men,313,USA U19 Men,2026-01-26T10:05:11Z,1,False,21210,Ritvik Appidi,21031,Theo Robinson,21030,Olly Pillinger,90,48,Wicketkeeper,1,1,1,0,BackOfALength,Null,NotOut,NoShot,0,Leave,Null,Over,Medium,Right,Null,NotReferred,Null,True,False,False,False,False,False,259,False,False,True,False,False,False,1,0,1,0,0,False,False,,,,,
1263104,8,6.62,11.0,0.0,2.0,53.0,0.0,11.0,73299,,38942,ICC U19 Men's World Cup 2026,1,640,Scotland U19 Men,313,USA U19 Men,2026-01-26T10:05:43Z,1,False,21210,Ritvik Appidi,21031,Theo Robinson,21030,Olly Pillinger,304,57,Silly Mid On,0,0,0,0,LengthBall,Null,NotOut,Played,0,ForwardDefensive,Null,Over,Medium,Right,Null,NotReferred,Null,False,False,False,False,False,False,259,False,False,True,False,False,False,0,0,0,0,0,False,False,,,,,
1263104,8,6.62,11.0,0.0,2.0,53.0,0.0,11.0,73299,,38942,ICC U19 Men's World Cup 2026,1,640,Scotland U19 Men,313,USA U19 Men,2026-01-26T10:06:24Z,2,False,21210,Ritvik Appidi,21031,Theo Robinson,21030,Olly Pillinger,321,201,Deep Mid Wicket,4,0,4,4,HalfVolley,Null,NotOut,HitHard,0,Flick,Null,Over,Medium,Right,Null,NotReferred,Null,False,False,False,False,False,False,259,False,False,True,False,False,False,4,0,0,0,0,False,False,,,,,
1263104,8,6.62,11.0,0.0,2.0,53.0,0.0,11.0,73299,,38942,ICC U19 Men's World Cup 2026,1,640,Scotland U19 Men,313,USA U19 Men,2026-01-26T10:07:16Z,3,False,21210,Ritvik Appidi,21031,Theo Robinson,21030,Olly Pillinger,199,191,Deep Cover,4,0,4,4,HalfVolley,Null,NotOut,HitHard,0,Drive,Null,Over,Medium,Right,Null,NotReferred,Null,False,False,False,False,False,False,259,False,False,True,False,False,False,4,0,0,0,0,False,False,,,,,
1263104,8,6.62,11.0,0.0,2.0,53.0,0.0,11.0,73299,,38942,ICC U19 Men's World Cup 2026,1,640,Scotland U19 Men,313,USA U19 Men,2026-01-26T10:08:09Z,4,False,21210,Ritvik Appidi,21031,Theo Robinson,21030,Olly Pillinger,90,48,Wicketkeeper,1,1,1,0,LengthBall,Null,NotOut,NoShot,0,Leave,Null,Over,Medium,Right,Null,NotReferred,Null,True,False,False,False,False,False,259,False,False,True,False,False,False,1,0,1,0,0,False,False,,,,,
1263104,8,6.62,11.0,0.0,2.0,53.0,0.0,11.0,73299,,38942,ICC U19 Men's World Cup 2026,1,640,Scotland U19 Men,313,USA U19 Men,2026-01-26T10:08:47Z,4,False,21210,Ritvik Appidi,21031,Theo Robinson,21030,Olly Pillinger,187,128,Deep Point,1,0,1,1,BackOfALength,Null,NotOut,Played,0,Pushed,Null,Over,Medium,Right,Null,NotReferred,Null,False,False,False,False,False,False,259,False,False,True,False,False,False,1,0,0,0,0,False,False,,,,,
1263104,8,6.62,11.0,0.0,2.0,53.0,0.0,11.0,73299,,38942,ICC U19 Men's World Cup 2026,1,640,Scotland U19 Men,313,USA U19 Men,2026-01-26T10:09:26Z,5,False,21210,Ritvik Appidi,21030,Olly Pillinger,21031,Theo Robinson,182,83,Point,0,0,0,0,BackOfALength,Null,NotOut,HitHard,0,Cut,Null,Over,Medium,Right,Null,NotReferred,Null,False,False,False,False,False,False,259,False,False,True,False,False,False,0,0,0,0,0,False,False,,,,,
1263104,8,6.62,11.0,0.0,2.0,53.0,0.0,11.0,73299,,38942,ICC U19 Men's World Cup 2026,1,640,Scotland U19 Men,313,USA U19 Men,2026-01-26T10:10:06Z,6,False,21210,Ritvik Appidi,21030,Olly Pillinger,21031,Theo Robinson,217,53,Short Extra Cover,0,0,0,0,BackOfALength,Null,NotOut,Played,0,BackwardDefensive,Null,Over,Medium,Right,Null,NotReferred,Null,False,False,False,False,False,False,259,False,False,True,False,False,False,0,0,0,0,0,False,False,,,,,
1263111,9,6.22,3.0,0.0,0.0,56.0,0.0,3.0,73299,,38942,ICC U19 Men's World Cup 2026,1,640,Scotland U19 Men,313,USA U19 Men,2026-01-26T10:11:03Z,1,False,21207,Sabrish Prasad,21031,Theo Robinson,21030,Olly Pillinger,345,84,Mid Wicket,1,0,1,1,LengthBall,Null,NotOut,Played,0,Worked,Null,Round,OffSpin,Right,Null,NotReferred,Null,False,False,False,False,False,False,264,False,False,True,False,False,False,1,0,0,0,0,False,False,,,,,
1263111,9,6.22,3.0,0.0,0.0,56.0,0.0,3.0,73299,,38942,ICC U19 Men's World Cup 2026,1,640,Scotland U19 Men,313,USA U19 Men,2026-01-26T10:11:29Z,2,False,21207,Sabrish Prasad,21030,Olly Pillinger,21031,Theo Robinson,331,56,Short Mid Wicket,0,0,0,0,LengthBall,Null,NotOut,MisTimed,0,Flick,Null,Round,OffSpin,Right,Null,NotReferred,Null,False,False,False,False,False,False,264,False,False,True,False,False,False,0,0,0,0,0,False,False,,,,,
1263111,9,6.22,3.0,0.0,0.0,56.0,0.0,3.0,73299,,38942,ICC U19 Men's World Cup 2026,1,640,Scotland U19 Men,313,USA U19 Men,2026-01-26T10:11:45Z,3,False,21207,Sabrish Prasad,21030,Olly Pillinger,21031,Theo Robinson,218,59,Short Extra Cover,0,0,0,0,LengthBall,Null,NotOut,Played,0,ForwardDefensive,Null,Round,OffSpin,Right,Null,NotReferred,Null,False,False,False,False,False,False,264,False,False,True,False,False,False,0,0,0,0,0,False,False,,,,,
1263111,9,6.22,3.0,0.0,0.0,56.0,0.0,3.0,73299,,38942,ICC U19 Men's World Cup 2026,1,640,Scotland U19 Men,313,USA U19 Men,2026-01-26T10:12:02Z,4,False,21207,Sabrish Prasad,21030,Olly Pillinger,21031,Theo Robinson,291,86,Mid On,1,0,1,1,LengthBall,Null,NotOut,Played,0,Flick,Null,Round,OffSpin,Right,Null,NotReferred,Null,False,False,False,False,False,False,264,False,False,True,False,False,False,1,0,0,0,0,False,False,,,,,
1263111,9,6.22,3.0,0.0,0.0,56.0,0.0,3.0,73299,,38942,ICC U19 Men's World Cup 2026,1,640,Scotland U19 Men,313,USA U19 Men,2026-01-26T10:12:29Z,5,False,21207,Sabrish Prasad,21031,Theo Robinson,21030,Olly Pillinger,290,114,Mid On,1,0,1,1,LengthBall,Null,NotOut,Played,0,Drive,Null,Round,OffSpin,Right,Null,NotReferred,Null,False,False,False,False,False,False,264,False,False,True,False,False,False,1,0,0,0,0,False,False,,,,,
1263111,9,6.22,3.0,0.0,0.0,56.0,0.0,3.0,73299,,38942,ICC U19 Men's World Cup 2026,1,640,Scotland U19 Men,313,USA U19 Men,2026-01-26T10:12:54Z,6,False,21207,Sabrish Prasad,21030,Olly Pillinger,21031,Theo Robinson,191,82,Cover,0,0,0,0,Short,Null,NotOut,Played,0,Cut,Null,Round,OffSpin,Right,Null,NotReferred,Null,False,False,False,False,False,False,264,False,False,True,False,False,False,0,0,0,0,0,False,False,,,,,
1263115,10,5.9,3.0,1.0,0.0,59.0,1.0,3.0,73299,,38942,ICC U19 Men's World Cup 2026,1,640,Scotland U19 Men,313,USA U19 Men,2026-01-26T10:14:07Z,1,False,21211,Rayaan Taj,21031,Theo Robinson,21030,Olly Pillinger,241,139,Long Off,1,0,1,1,BackOfALength,Null,NotOut,Played,0,Cut,Null,Round,Orthodox,Left,Null,NotReferred,Null,False,False,False,False,False,False,259,False,False,True,False,False,False,1,0,0,0,0,False,False,,,,,
1263115,10,5.9,3.0,1.0,0.0,59.0,1.0,3.0,73299,,38942,ICC U19 Men's World Cup 2026,1,640,Scotland U19 Men,313,USA U19 Men,2026-01-26T10:14:30Z,2,True,21211,Rayaan Taj,21030,Olly Pillinger,21031,Theo Robinson,300,98,Mid On,0,0,0,0,Short,Null,NotOut,MisTimed,0,Pull,Null,Round,Orthodox,Left,Out1stUmpire,NotReferred,Null,False,False,False,False,False,False,259,False,False,True,False,False,False,0,0,0,0,0,False,False,,Caught,21030.0,Olly Pillinger,Caught
1263115,10,5.9,3.0,1.0,0.0,59.0,1.0,3.0,73299,,38942,ICC U19 Men's World Cup 2026,1,640,Scotland U19 Men,313,USA U19 Men,2026-01-26T10:16:35Z,3,False,21211,Rayaan Taj,14649,Rory Grant,21031,Theo Robinson,254,146,Long Off,1,0,1,1,HalfVolley,Null,NotOut,Played,0,Drive,Null,Round,Orthodox,Left,Null,NotReferred,Null,False,False,False,False,False,False,259,False,False,True,False,False,False,1,0,0,0,0,False,False,,,,,
1263115,10,5.9,3.0,1.0,0.0,59.0,1.0,3.0,73299,,38942,ICC U19 Men's World Cup 2026,1,640,Scotland U19 Men,313,USA U19 Men,2026-01-26T10:16:56Z,4,False,21211,Rayaan Taj,21031,Theo Robinson,14649,Rory Grant,196,82,Cover,0,0,0,0,LengthBall,Null,NotOut,Played,0,Pushed,Null,Round,Orthodox,Left,Null,NotReferred,Null,False,False,False,False,False,False,259,False,False,True,False,False,False,0,0,0,0,0,False,False,,,,,
1263115,10,5.9,3.0,1.0,0.0,59.0,1.0,3.0,73299,,38942,ICC U19 Men's World Cup 2026,1,640,Scotland U19 Men,313,USA U19 Men,2026-01-26T10:17:21Z,5,False,21211,Rayaan Taj,21031,Theo Robinson,14649,Rory Grant,252,107,Mid Off,1,0,1,1,BackOfALength,Null,NotOut,Played,0,Cut,Null,Round,Orthodox,Left,Null,NotReferred,Null,False,False,False,False,False,False,259,False,False,True,False,False,False,1,0,0,0,0,False,False,,,,,
1263115,10,5.9,3.0,1.0,0.0,59.0,1.0,3.0,73299,,38942,ICC U19 Men's World Cup 2026,1,640,Scotland U19 Men,313,USA U19 Men,2026-01-26T10:17:40Z,6,False,21211,Rayaan Taj,14649,Rory Grant,21031,Theo Robinson,215,76,Extra Cover,0,0,0,0,LengthBall,Null,NotOut,Played,0,ForwardDefensive,Null,Round,Orthodox,Left,Null,NotReferred,Null,False,False,False,False,False,False,259,False,False,True,False,False,False,0,0,0,0,0,False,False,,,,,
1263122,11,5.45,1.0,0.0,0.0,60.0,1.0,1.0,73299,,38942,ICC U19 Men's World Cup 2026,1,640,Scotland U19 Men,313,USA U19 Men,2026-01-26T10:18:51Z,1,False,21207,Sabrish Prasad,21031,Theo Robinson,14649,Rory Grant,248,147,Long Off,1,0,1,1,LengthBall,Null,NotOut,Played,0,Drive,Null,Over,OffSpin,Right,Null,NotReferred,Null,False,False,False,False,False,False,264,False,False,False,False,False,False,1,0,0,0,0,False,False,0.0,,,,
1263122,11,5.45,1.0,0.0,0.0,60.0,1.0,1.0,73299,,38942,ICC U19 Men's World Cup 2026,1,640,Scotland U19 Men,313,USA U19 Men,2026-01-26T10:20:02Z,2,False,21207,Sabrish Prasad,14649,Rory Grant,21031,Theo Robinson,310,43,Short Mid Wicket,0,0,0,0,LengthBall,Null,NotOut,Played,0,ForwardDefensive,Null,Round,OffSpin,Right,Null,NotReferred,Null,False,False,False,False,False,False,264,False,False,False,False,False,False,0,0,0,0,0,False,False,0.0,,,,
1263122,11,5.45,1.0,0.0,0.0,60.0,1.0,1.0,73299,,38942,ICC U19 Men's World Cup 2026,1,640,Scotland U19 Men,313,USA U19 Men,2026-01-26T10:20:17Z,3,False,21207,Sabrish Prasad,14649,Rory Grant,21031,Theo Robinson,214,76,Extra Cover,0,0,0,0,HalfVolley,Null,NotOut,Played,0,Drive,Null,Round,OffSpin,Right,Null,NotReferred,Null,False,False,False,False,False,False,264,False,False,False,False,False,False,0,0,0,0,0,False,False,0.0,,,,
1263122,11,5.45,1.0,0.0,0.0,60.0,1.0,1.0,73299,,38942,ICC U19 Men's World Cup 2026,1,640,Scotland U19 Men,313,USA U19 Men,2026-01-26T10:20:32Z,4,False,21207,Sabrish Prasad,14649,Rory Grant,21031,Theo Robinson,90,48,Wicketkeeper,0,0,0,0,LengthBall,Null,NotOut,NoShot,0,ShouldersArms,Null,Round,OffSpin,Right,Null,NotReferred,Null,False,False,False,False,False,False,264,False,False,False,False,False,False,0,0,0,0,0,False,False,0.0,,,,
1263122,11,5.45,1.0,0.0,0.0,60.0,1.0,1.0,73299,,38942,ICC U19 Men's World Cup 2026,1,640,Scotland U19 Men,313,USA U19 Men,2026-01-26T10:20:47Z,5,False,21207,Sabrish Prasad,14649,Rory Grant,21031,Theo Robinson,211,70,Extra Cover,0,0,0,0,LengthBall,Null,NotOut,Played,0,Pushed,Null,Round,OffSpin,Right,Null,NotReferred,Null,False,False,False,False,False,False,264,False,False,False,False,False,False,0,0,0,0,0,False,False,0.0,,,,
1263122,11,5.45,1.0,0.0,0.0,60.0,1.0,1.0,73299,,38942,ICC U19 Men's World Cup 2026,1,640,Scotland U19 Men,313,USA U19 Men,2026-01-26T10:21:04Z,6,False,21207,Sabrish Prasad,14649,Rory Grant,21031,Theo Robinson,270,40,Bowler,0,0,0,0,LengthBall,Null,NotOut,Played,0,ForwardDefensive,Null,Round,OffSpin,Right,Null,NotReferred,Null,False,False,False,False,False,False,264,False,False,False,False,False,False,0,0,0,0,0,False,False,0.0,,,,
1263125,12,5.17,2.0,0.0,0.0,62.0,1.0,2.0,73299,,38942,ICC U19 Men's World Cup 2026,1,640,Scotland U19 Men,313,USA U19 Men,2026-01-26T10:22:09Z,1,False,21211,Rayaan Taj,21031,Theo Robinson,14649,Rory Grant,337,74,Mid Wicket,0,0,0,0,LengthBall,Null,NotOut,MisTimed,0,Pushed,Null,Round,Orthodox,Left,Null,NotReferred,Null,False,False,False,False,False,False,259,False,False,False,False,False,False,0,0,0,0,0,False,False,,,,,
1263125,12,5.17,2.0,0.0,0.0,62.0,1.0,2.0,73299,,38942,ICC U19 Men's World Cup 2026,1,640,Scotland U19 Men,313,USA U19 Men,2026-01-26T10:22:20Z,2,False,21211,Rayaan Taj,21031,Theo Robinson,14649,Rory Grant,250,80,Mid Off,0,0,0,0,LengthBall,Null,NotOut,Played,0,Pushed,Null,Round,Orthodox,Left,Null,NotReferred,Null,False,False,False,False,False,False,259,False,False,False,False,False,False,0,0,0,0,0,False,False,,,,,
1263125,12,5.17,2.0,0.0,0.0,62.0,1.0,2.0,73299,,38942,ICC U19 Men's World Cup 2026,1,640,Scotland U19 Men,313,USA U19 Men,2026-01-26T10:22:39Z,3,False,21211,Rayaan Taj,21031,Theo Robinson,14649,Rory Grant,331,59,Short Mid Wicket,0,0,0,0,HalfVolley,Null,NotOut,Played,0,Flick,Null,Round,Orthodox,Left,Null,NotReferred,Null,False,False,False,False,False,False,259,False,False,False,False,False,False,0,0,0,0,0,False,False,,,,,
1263125,12,5.17,2.0,0.0,0.0,62.0,1.0,2.0,73299,,38942,ICC U19 Men's World Cup 2026,1,640,Scotland U19 Men,313,USA U19 Men,2026-01-26T10:22:57Z,4,False,21211,Rayaan Taj,21031,Theo Robinson,14649,Rory Grant,340,70,Mid Wicket,0,0,0,0,LengthBall,Null,NotOut,MisTimed,0,Worked,Null,Round,Orthodox,Left,Null,NotReferred,Null,False,False,False,False,False,False,259,False,False,False,False,False,False,0,0,0,0,0,False,False,,,,,
1263125,12,5.17,2.0,0.0,0.0,62.0,1.0,2.0,73299,,38942,ICC U19 Men's World Cup 2026,1,640,Scotland U19 Men,313,USA U19 Men,2026-01-26T10:23:16Z,5,False,21211,Rayaan Taj,21031,Theo Robinson,14649,Rory Grant,299,114,Mid On,1,0,1,1,LengthBall,Null,NotOut,Played,0,Pushed,Null,Round,Orthodox,Left,Null,NotReferred,Null,False,False,False,False,False,False,259,False,False,False,False,False,False,1,0,0,0,0,False,False,,,,,
1263125,12,5.17,2.0,0.0,0.0,62.0,1.0,2.0,73299,,38942,ICC U19 Men's World Cup 2026,1,640,Scotland U19 Men,313,USA U19 Men,2026-01-26T10:23:47Z,6,False,21211,Rayaan Taj,14649,Rory Grant,21031,Theo Robinson,283,141,Long On,1,0,1,1,HalfVolley,Null,NotOut,Played,0,Drive,Null,Round,Orthodox,Left,Null,NotReferred,Null,False,False,False,False,False,False,259,False,False,False,False,False,False,1,0,0,0,0,False,False,,,,,
1263126,13,5.15,5.0,0.0,0.0,67.0,1.0,5.0,73299,,38942,ICC U19 Men's World Cup 2026,1,640,Scotland U19 Men,313,USA U19 Men,2026-01-26T10:24:55Z,1,False,21207,Sabrish Prasad,14649,Rory Grant,21031,Theo Robinson,270,40,Bowler,0,0,0,0,LengthBall,Null,NotOut,Played,0,ForwardDefensive,Null,Round,OffSpin,Right,Null,NotReferred,Null,False,False,False,False,False,False,264,False,False,False,False,False,False,0,0,0,0,0,False,False,,,,,
1263126,13,5.15,5.0,0.0,0.0,67.0,1.0,5.0,73299,,38942,ICC U19 Men's World Cup 2026,1,640,Scotland U19 Men,313,USA U19 Men,2026-01-26T10:25:09Z,2,False,21207,Sabrish Prasad,14649,Rory Grant,21031,Theo Robinson,202,122,Deep Cover,1,0,1,1,BackOfALength,Null,NotOut,Played,0,Cut,Null,Round,OffSpin,Right,Null,NotReferred,Null,False,False,False,False,False,False,264,False,False,False,False,False,False,1,0,0,0,0,False,False,,,,,
1263126,13,5.15,5.0,0.0,0.0,67.0,1.0,5.0,73299,,38942,ICC U19 Men's World Cup 2026,1,640,Scotland U19 Men,313,USA U19 Men,2026-01-26T10:25:45Z,3,False,21207,Sabrish Prasad,21031,Theo Robinson,14649,Rory Grant,270,40,Bowler,0,0,0,0,HalfVolley,Null,NotOut,Played,0,Drive,Null,Round,OffSpin,Right,Null,NotReferred,Null,False,False,False,False,False,False,264,False,False,False,False,False,False,0,0,0,0,0,False,False,,,,,
1263126,13,5.15,5.0,0.0,0.0,67.0,1.0,5.0,73299,,38942,ICC U19 Men's World Cup 2026,1,640,Scotland U19 Men,313,USA U19 Men,2026-01-26T10:26:01Z,4,False,21207,Sabrish Prasad,21031,Theo Robinson,14649,Rory Grant,202,150,Deep Cover,1,0,1,1,LengthBall,Null,NotOut,Played,0,Drive,Null,Round,OffSpin,Right,Null,NotReferred,Null,False,False,False,False,False,False,264,False,False,False,False,False,False,1,0,0,0,0,False,False,,,,,
1263126,13,5.15,5.0,0.0,0.0,67.0,1.0,5.0,73299,,38942,ICC U19 Men's World Cup 2026,1,640,Scotland U19 Men,313,USA U19 Men,2026-01-26T10:26:26Z,5,False,21207,Sabrish Prasad,14649,Rory Grant,21031,Theo Robinson,120,141,Third Man,2,0,2,2,LengthBall,Null,NotOut,Edged,0,ForwardDefensive,Null,Round,OffSpin,Right,Null,NotReferred,Null,False,False,False,False,False,False,264,False,False,False,False,False,False,2,0,0,0,0,False,False,,,,,
1263126,13,5.15,5.0,0.0,0.0,67.0,1.0,5.0,73299,,38942,ICC U19 Men's World Cup 2026,1,640,Scotland U19 Men,313,USA U19 Men,2026-01-26T10:27:03Z,6,False,21207,Sabrish Prasad,14649,Rory Grant,21031,Theo Robinson,201,90,Cover,1,0,1,1,LengthBall,Null,NotOut,Played,0,Pushed,Null,Round,OffSpin,Right,Null,NotReferred,Null,False,False,False,False,False,False,264,False,False,False,False,False,False,1,0,0,0,0,False,False,,,,,
1263131,14,5.0,3.0,0.0,0.0,70.0,1.0,3.0,73299,,38942,ICC U19 Men's World Cup 2026,1,640,Scotland U19 Men,313,USA U19 Men,2026-01-26T10:27:58Z,1,False,21211,Rayaan Taj,14649,Rory Grant,21031,Theo Robinson,270,40,Bowler,0,0,0,0,LengthBall,Null,NotOut,Played,0,ForwardDefensive,Null,Round,Orthodox,Left,Null,NotReferred,Null,False,False,False,False,False,False,259,False,False,False,False,False,False,0,0,0,0,0,False,False,0.0,,,,
1263131,14,5.0,3.0,0.0,0.0,70.0,1.0,3.0,73299,,38942,ICC U19 Men's World Cup 2026,1,640,Scotland U19 Men,313,USA U19 Men,2026-01-26T10:28:18Z,2,False,21211,Rayaan Taj,14649,Rory Grant,21031,Theo Robinson,310,94,Mid On,1,0,1,1,HalfVolley,Null,NotOut,Played,0,Flick,Null,Round,Orthodox,Left,Null,NotReferred,Null,False,False,False,False,False,False,259,False,False,False,False,False,False,1,0,0,0,0,False,False,0.0,,,,
1263131,14,5.0,3.0,0.0,0.0,70.0,1.0,3.0,73299,,38942,ICC U19 Men's World Cup 2026,1,640,Scotland U19 Men,313,USA U19 Men,2026-01-26T10:28:43Z,3,False,21211,Rayaan Taj,21031,Theo Robinson,14649,Rory Grant,243,87,Mid Off,0,0,0,0,LengthBall,Null,NotOut,MisTimed,0,Drive,Null,Round,Orthodox,Left,Null,NotReferred,Null,False,False,False,False,False,False,259,False,False,False,False,False,False,0,0,0,0,0,False,False,0.0,,,,
1263131,14,5.0,3.0,0.0,0.0,70.0,1.0,3.0,73299,,38942,ICC U19 Men's World Cup 2026,1,640,Scotland U19 Men,313,USA U19 Men,2026-01-26T10:29:00Z,4,False,21211,Rayaan Taj,21031,Theo Robinson,14649,Rory Grant,270,40,Bowler,0,0,0,0,LengthBall,Null,NotOut,Played,0,Drive,Null,Round,Orthodox,Left,Null,NotReferred,Null,False,False,False,False,False,False,259,False,False,False,False,False,False,0,0,0,0,0,False,False,0.0,,,,
1263131,14,5.0,3.0,0.0,0.0,70.0,1.0,3.0,73299,,38942,ICC U19 Men's World Cup 2026,1,640,Scotland U19 Men,313,USA U19 Men,2026-01-26T10:29:16Z,5,False,21211,Rayaan Taj,21031,Theo Robinson,14649,Rory Grant,291,139,Long On,1,0,1,1,LengthBall,Null,NotOut,Played,0,Drive,Null,Round,Orthodox,Left,Null,NotReferred,Null,False,False,False,False,False,False,259,False,False,False,False,False,False,1,0,0,0,0,False,False,0.0,,,,
1263131,14,5.0,3.0,0.0,0.0,70.0,1.0,3.0,73299,,38942,ICC U19 Men's World Cup 2026,1,640,Scotland U19 Men,313,USA U19 Men,2026-01-26T10:29:42Z,6,False,21211,Rayaan Taj,14649,Rory Grant,21031,Theo Robinson,303,142,Long On,1,0,1,1,LengthBall,Null,NotOut,Played,0,Flick,Null,Round,Orthodox,Left,Null,NotReferred,Null,False,False,False,False,False,False,259,False,False,False,False,False,False,1,0,0,0,0,False,False,0.0,,,,
1263136,15,4.87,3.0,0.0,0.0,73.0,1.0,3.0,73299,,38942,ICC U19 Men's World Cup 2026,1,640,Scotland U19 Men,313,USA U19 Men,2026-01-26T10:30:37Z,1,False,21207,Sabrish Prasad,14649,Rory Grant,21031,Theo Robinson,210,77,Extra Cover,0,0,0,0,LengthBall,Null,NotOut,Played,0,ForwardDefensive,Null,Round,OffSpin,Right,Null,NotReferred,Null,False,False,False,False,False,False,264,False,False,False,False,False,False,0,0,0,0,0,False,False,,,,,
1263136,15,4.87,3.0,0.0,0.0,73.0,1.0,3.0,73299,,38942,ICC U19 Men's World Cup 2026,1,640,Scotland U19 Men,313,USA U19 Men,2026-01-26T10:30:54Z,2,False,21207,Sabrish Prasad,14649,Rory Grant,21031,Theo Robinson,287,152,Long On,1,0,1,1,LengthBall,Null,NotOut,Played,0,Worked,Null,Round,OffSpin,Right,Null,NotReferred,Null,False,False,False,False,False,False,264,False,False,False,False,False,False,1,0,0,0,0,False,False,,,,,
1263136,15,4.87,3.0,0.0,0.0,73.0,1.0,3.0,73299,,38942,ICC U19 Men's World Cup 2026,1,640,Scotland U19 Men,313,USA U19 Men,2026-01-26T10:31:19Z,3,False,21207,Sabrish Prasad,21031,Theo Robinson,14649,Rory Grant,137,79,Short Third Man,0,0,0,0,LengthBall,Null,NotOut,Edged,0,ForwardDefensive,Null,Round,OffSpin,Right,Null,NotReferred,Null,False,False,False,False,False,False,264,False,False,False,False,False,False,0,0,0,0,0,False,False,,,,,
1263136,15,4.87,3.0,0.0,0.0,73.0,1.0,3.0,73299,,38942,ICC U19 Men's World Cup 2026,1,640,Scotland U19 Men,313,USA U19 Men,2026-01-26T10:31:41Z,4,False,21207,Sabrish Prasad,21031,Theo Robinson,14649,Rory Grant,295,55,Silly Mid On,0,0,0,0,LengthBall,Null,NotOut,MisTimed,0,Drive,Null,Round,OffSpin,Right,Null,NotReferred,Null,False,False,False,False,False,False,264,False,False,False,False,False,False,0,0,0,0,0,False,False,,,,,
1263136,15,4.87,3.0,0.0,0.0,73.0,1.0,3.0,73299,,38942,ICC U19 Men's World Cup 2026,1,640,Scotland U19 Men,313,USA U19 Men,2026-01-26T10:31:58Z,5,False,21207,Sabrish Prasad,21031,Theo Robinson,14649,Rory Grant,94,142,Third Man,2,0,2,2,LengthBall,Null,NotOut,Played,0,Scoop,Null,Round,OffSpin,Right,Null,NotReferred,Null,False,False,False,False,True,False,264,False,False,False,False,False,False,2,0,0,0,0,False,False,,,,,
1263136,15,4.87,3.0,0.0,0.0,73.0,1.0,3.0,73299,,38942,ICC U19 Men's World Cup 2026,1,640,Scotland U19 Men,313,USA U19 Men,2026-01-26T10:32:33Z,6,False,21207,Sabrish Prasad,21031,Theo Robinson,14649,Rory Grant,270,40,Bowler,0,0,0,0,LengthBall,Null,NotOut,Played,0,Drive,Null,Round,OffSpin,Right,Null,NotReferred,Null,False,False,False,False,False,False,264,False,False,False,False,False,False,0,0,0,0,0,False,False,,,,,
1263140,16,4.69,2.0,1.0,0.0,75.0,2.0,2.0,73299,,38942,ICC U19 Men's World Cup 2026,1,640,Scotland U19 Men,313,USA U19 Men,2026-01-26T10:33:23Z,1,False,21211,Rayaan Taj,14649,Rory Grant,21031,Theo Robinson,198,93,Cover,1,0,1,1,BackOfALength,Null,NotOut,HitHard,0,Cut,Null,Round,Orthodox,Left,Null,NotReferred,Null,False,False,False,False,False,False,259,False,False,False,False,False,False,1,0,0,0,0,False,False,,,,,
1263140,16,4.69,2.0,1.0,0.0,75.0,2.0,2.0,73299,,38942,ICC U19 Men's World Cup 2026,1,640,Scotland U19 Men,313,USA U19 Men,2026-01-26T10:34:05Z,2,False,21211,Rayaan Taj,21031,Theo Robinson,14649,Rory Grant,298,64,Silly Mid On,1,0,1,1,LengthBall,Null,NotOut,Played,0,Worked,Null,Round,Orthodox,Left,Null,NotReferred,Null,False,False,False,False,False,False,259,False,False,False,False,False,False,1,0,0,0,0,False,False,,,,,
1263140,16,4.69,2.0,1.0,0.0,75.0,2.0,2.0,73299,,38942,ICC U19 Men's World Cup 2026,1,640,Scotland U19 Men,313,USA U19 Men,2026-01-26T10:34:29Z,3,False,21211,Rayaan Taj,14649,Rory Grant,21031,Theo Robinson,246,93,Mid Off,0,0,0,0,LengthBall,Null,NotOut,Played,0,Pushed,Null,Round,Orthodox,Left,Null,NotReferred,Null,False,False,False,False,False,False,259,False,False,False,False,False,False,0,0,0,0,0,False,False,,,,,
1263140,16,4.69,2.0,1.0,0.0,75.0,2.0,2.0,73299,,38942,ICC U19 Men's World Cup 2026,1,640,Scotland U19 Men,313,USA U19 Men,2026-01-26T10:34:36Z,4,False,21211,Rayaan Taj,14649,Rory Grant,21031,Theo Robinson,229,89,Mid Off,0,0,0,0,LengthBall,Null,NotOut,Played,0,ForwardDefensive,Null,Round,Orthodox,Left,Null,NotReferred,Null,False,False,False,False,False,False,259,False,False,False,False,False,False,0,0,0,0,0,False,False,,,,,
1263140,16,4.69,2.0,1.0,0.0,75.0,2.0,2.0,73299,,38942,ICC U19 Men's World Cup 2026,1,640,Scotland U19 Men,313,USA U19 Men,2026-01-26T10:34:50Z,5,False,21211,Rayaan Taj,14649,Rory Grant,21031,Theo Robinson,235,92,Mid Off,0,0,0,0,LengthBall,Null,NotOut,Played,0,Drive,Null,Round,Orthodox,Left,Null,NotReferred,Null,False,False,False,False,False,False,259,False,False,False,False,False,False,0,0,0,0,0,False,False,,,,,
1263140,16,4.69,2.0,1.0,0.0,75.0,2.0,2.0,73299,,38942,ICC U19 Men's World Cup 2026,1,640,Scotland U19 Men,313,USA U19 Men,2026-01-26T10:35:09Z,6,True,21211,Rayaan Taj,14649,Rory Grant,21031,Theo Robinson,0,0,,0,0,0,0,LengthBall,Null,NotOut,Missed,0,ForwardDefensive,Null,Round,Orthodox,Left,Out1stUmpire,NotReferred,Null,False,False,False,False,False,False,259,False,False,False,False,False,False,0,0,0,0,0,False,False,,Bowled,14649.0,Rory Grant,Bowled
1263143,17,4.65,4.0,0.0,0.0,79.0,2.0,4.0,73299,,38942,ICC U19 Men's World Cup 2026,1,640,Scotland U19 Men,313,USA U19 Men,2026-01-26T10:39:20Z,1,False,14714,Utkarsh Srivastava,21031,Theo Robinson,14821,Manu Saraswat,292,132,Long On,1,0,1,1,LengthBall,Null,NotOut,Played,0,Worked,Null,Round,OffSpin,Right,Null,NotReferred,Null,False,False,False,False,False,False,264,False,False,False,False,False,False,1,0,0,0,0,False,False,0.0,,,,
1263143,17,4.65,4.0,0.0,0.0,79.0,2.0,4.0,73299,,38942,ICC U19 Men's World Cup 2026,1,640,Scotland U19 Men,313,USA U19 Men,2026-01-26T10:39:55Z,2,False,14714,Utkarsh Srivastava,14821,Manu Saraswat,21031,Theo Robinson,213,78,Extra Cover,0,0,0,0,LengthBall,Null,NotOut,Played,0,Pushed,Null,Round,OffSpin,Right,Null,NotReferred,Null,False,False,False,False,False,False,264,False,False,False,False,False,False,0,0,0,0,0,False,False,0.0,,,,
1263143,17,4.65,4.0,0.0,0.0,79.0,2.0,4.0,73299,,38942,ICC U19 Men's World Cup 2026,1,640,Scotland U19 Men,313,USA U19 Men,2026-01-26T10:40:11Z,3,False,14714,Utkarsh Srivastava,14821,Manu Saraswat,21031,Theo Robinson,203,122,Deep Cover,1,0,1,1,BackOfALength,Null,NotOut,Played,0,Pushed,Null,Round,OffSpin,Right,Null,NotReferred,Null,False,False,False,False,False,False,264,False,False,False,False,False,False,1,0,0,0,0,False,False,0.0,,,,
1263143,17,4.65,4.0,0.0,0.0,79.0,2.0,4.0,73299,,38942,ICC U19 Men's World Cup 2026,1,640,Scotland U19 Men,313,USA U19 Men,2026-01-26T10:40:28Z,4,False,14714,Utkarsh Srivastava,21031,Theo Robinson,14821,Manu Saraswat,324,62,Short Mid Wicket,0,0,0,0,BackOfALength,Null,NotOut,MisTimed,0,Pushed,Null,Round,OffSpin,Right,Null,NotReferred,Null,False,False,False,False,False,False,264,False,False,False,False,False,False,0,0,0,0,0,False,False,0.0,,,,
1263143,17,4.65,4.0,0.0,0.0,79.0,2.0,4.0,73299,,38942,ICC U19 Men's World Cup 2026,1,640,Scotland U19 Men,313,USA U19 Men,2026-01-26T10:40:47Z,5,False,14714,Utkarsh Srivastava,21031,Theo Robinson,14821,Manu Saraswat,211,103,Extra Cover,1,0,1,1,LengthBall,Null,NotOut,Played,0,Pushed,Null,Round,OffSpin,Right,Null,NotReferred,Null,False,False,False,False,False,False,264,False,False,False,False,False,False,1,0,0,0,0,False,False,0.0,,,,
1263143,17,4.65,4.0,0.0,0.0,79.0,2.0,4.0,73299,,38942,ICC U19 Men's World Cup 2026,1,640,Scotland U19 Men,313,USA U19 Men,2026-01-26T10:41:09Z,6,False,14714,Utkarsh Srivastava,14821,Manu Saraswat,21031,Theo Robinson,203,136,Deep Cover,1,0,1,1,BackOfALength,Null,NotOut,Played,0,Cut,Null,Round,OffSpin,Right,Null,NotReferred,Null,False,False,False,False,False,False,264,False,False,False,False,False,False,1,0,0,0,0,False,False,0.0,,,,
1263144,18,4.5,2.0,0.0,0.0,81.0,2.0,2.0,73299,,38942,ICC U19 Men's World Cup 2026,1,640,Scotland U19 Men,313,USA U19 Men,2026-01-26T10:42:13Z,1,False,21211,Rayaan Taj,14821,Manu Saraswat,21031,Theo Robinson,235,44,Silly Mid Off,0,0,0,0,LengthBall,Null,NotOut,Played,0,ForwardDefensive,Null,Round,Orthodox,Left,Null,NotReferred,Null,False,False,False,False,False,False,259,False,False,False,False,False,False,0,0,0,0,0,False,False,,,,,
1263144,18,4.5,2.0,0.0,0.0,81.0,2.0,2.0,73299,,38942,ICC U19 Men's World Cup 2026,1,640,Scotland U19 Men,313,USA U19 Men,2026-01-26T10:42:31Z,2,False,21211,Rayaan Taj,14821,Manu Saraswat,21031,Theo Robinson,249,143,Long Off,1,0,1,1,LengthBall,Null,NotOut,Played,0,Drive,Null,Round,Orthodox,Left,Null,NotReferred,Null,False,False,False,False,False,False,259,False,False,False,False,False,False,1,0,0,0,0,False,False,,,,,
1263144,18,4.5,2.0,0.0,0.0,81.0,2.0,2.0,73299,,38942,ICC U19 Men's World Cup 2026,1,640,Scotland U19 Men,313,USA U19 Men,2026-01-26T10:42:53Z,3,False,21211,Rayaan Taj,21031,Theo Robinson,14821,Manu Saraswat,247,91,Mid Off,0,0,0,0,LengthBall,Null,NotOut,Played,0,Pushed,Null,Round,Orthodox,Left,Null,NotReferred,Null,False,False,False,False,False,False,259,False,False,False,False,False,False,0,0,0,0,0,False,False,,,,,
1263144,18,4.5,2.0,0.0,0.0,81.0,2.0,2.0,73299,,38942,ICC U19 Men's World Cup 2026,1,640,Scotland U19 Men,313,USA U19 Men,2026-01-26T10:43:10Z,4,False,21211,Rayaan Taj,21031,Theo Robinson,14821,Manu Saraswat,283,146,Long On,1,0,1,1,HalfVolley,Null,NotOut,Played,0,Drive,Null,Round,Orthodox,Left,Null,NotReferred,Null,False,False,False,False,False,False,259,False,False,False,False,False,False,1,0,0,0,0,False,False,,,,,
1263144,18,4.5,2.0,0.0,0.0,81.0,2.0,2.0,73299,,38942,ICC U19 Men's World Cup 2026,1,640,Scotland U19 Men,313,USA U19 Men,2026-01-26T10:43:33Z,5,False,21211,Rayaan Taj,14821,Manu Saraswat,21031,Theo Robinson,90,48,Wicketkeeper,0,0,0,0,LengthBall,Null,NotOut,Missed,0,Cut,Null,Round,Orthodox,Left,Null,NotReferred,Null,False,False,False,False,False,False,259,False,False,False,False,False,False,0,0,0,0,0,False,False,,,,,
1263144,18,4.5,2.0,0.0,0.0,81.0,2.0,2.0,73299,,38942,ICC U19 Men's World Cup 2026,1,640,Scotland U19 Men,313,USA U19 Men,2026-01-26T10:43:55Z,6,False,21211,Rayaan Taj,14821,Manu Saraswat,21031,Theo Robinson,325,50,Short Mid Wicket,0,0,0,0,LengthBall,Null,Lbw,Edged,0,ForwardDefensive,Null,Round,Orthodox,Left,NotOut1stUmpire,NotReferred,Null,False,False,False,False,False,True,259,False,False,False,False,False,False,0,0,0,0,0,False,False,,,,,
1263146,19,4.32,1.0,0.0,0.0,82.0,2.0,1.0,73299,,38942,ICC U19 Men's World Cup 2026,1,640,Scotland U19 Men,313,USA U19 Men,2026-01-26T10:44:54Z,1,False,14714,Utkarsh Srivastava,21031,Theo Robinson,14821,Manu Saraswat,216,61,Short Extra Cover,0,0,0,0,LengthBall,Null,NotOut,Played,0,ForwardDefensive,Null,Round,OffSpin,Right,Null,NotReferred,Null,False,False,False,False,False,False,264,False,False,False,False,False,False,0,0,0,0,0,False,False,,,,,
1263146,19,4.32,1.0,0.0,0.0,82.0,2.0,1.0,73299,,38942,ICC U19 Men's World Cup 2026,1,640,Scotland U19 Men,313,USA U19 Men,2026-01-26T10:45:09Z,2,False,14714,Utkarsh Srivastava,21031,Theo Robinson,14821,Manu Saraswat,270,40,Bowler,0,0,0,0,LengthBall,Null,NotOut,Played,0,ForwardDefensive,Null,Round,OffSpin,Right,Null,NotReferred,Null,False,False,False,False,False,False,264,False,False,False,False,False,False,0,0,0,0,0,False,False,,,,,
1263146,19,4.32,1.0,0.0,0.0,82.0,2.0,1.0,73299,,38942,ICC U19 Men's World Cup 2026,1,640,Scotland U19 Men,313,USA U19 Men,2026-01-26T10:45:21Z,3,False,14714,Utkarsh Srivastava,21031,Theo Robinson,14821,Manu Saraswat,251,90,Mid Off,0,0,0,0,LengthBall,Null,NotOut,Played,0,BackwardDefensive,Null,Round,OffSpin,Right,Null,NotReferred,Null,False,False,False,False,False,False,264,False,False,False,False,False,False,0,0,0,0,0,False,False,,,,,
1263146,19,4.32,1.0,0.0,0.0,82.0,2.0,1.0,73299,,38942,ICC U19 Men's World Cup 2026,1,640,Scotland U19 Men,313,USA U19 Men,2026-01-26T10:45:36Z,4,False,14714,Utkarsh Srivastava,21031,Theo Robinson,14821,Manu Saraswat,287,137,Long On,1,0,1,1,HalfVolley,Null,NotOut,Played,0,Flick,Null,Round,OffSpin,Right,Null,NotReferred,Null,False,False,False,False,False,False,264,False,False,False,False,False,False,1,0,0,0,0,False,False,,,,,
1263146,19,4.32,1.0,0.0,0.0,82.0,2.0,1.0,73299,,38942,ICC U19 Men's World Cup 2026,1,640,Scotland U19 Men,313,USA U19 Men,2026-01-26T10:46:12Z,5,False,14714,Utkarsh Srivastava,14821,Manu Saraswat,21031,Theo Robinson,303,80,Mid On,0,0,0,0,LengthBall,Null,NotOut,MisTimed,0,Flick,Null,Round,OffSpin,Right,Null,NotReferred,Null,False,False,False,False,False,False,264,False,False,False,False,False,False,0,0,0,0,0,False,False,,,,,
1263146,19,4.32,1.0,0.0,0.0,82.0,2.0,1.0,73299,,38942,ICC U19 Men's World Cup 2026,1,640,Scotland U19 Men,313,USA U19 Men,2026-01-26T10:46:29Z,6,False,14714,Utkarsh Srivastava,14821,Manu Saraswat,21031,Theo Robinson,339,66,Mid Wicket,0,0,0,0,LengthBall,Null,NotOut,Played,0,Flick,Null,Round,OffSpin,Right,Null,NotReferred,Null,False,False,False,False,False,False,264,False,False,False,False,False,False,0,0,0,0,0,False,False,,,,,
1263150,20,4.3,4.0,0.0,1.0,86.0,2.0,4.0,73299,,38942,ICC U19 Men's World Cup 2026,1,640,Scotland U19 Men,313,USA U19 Men,2026-01-26T10:47:10Z,1,False,21211,Rayaan Taj,21031,Theo Robinson,14821,Manu Saraswat,240,39,Silly Mid Off,0,0,0,0,LengthBall,Null,NotOut,Played,0,ForwardDefensive,Null,Round,Orthodox,Left,Null,NotReferred,Null,False,False,False,False,False,False,259,False,False,False,False,False,False,0,0,0,0,0,False,False,,,,,
1263150,20,4.3,4.0,0.0,1.0,86.0,2.0,4.0,73299,,38942,ICC U19 Men's World Cup 2026,1,640,Scotland U19 Men,313,USA U19 Men,2026-01-26T10:47:30Z,2,False,21211,Rayaan Taj,21031,Theo Robinson,14821,Manu Saraswat,325,58,Short Mid Wicket,0,0,0,0,HalfVolley,Null,NotOut,MisTimed,0,Worked,Null,Round,Orthodox,Left,Null,NotReferred,Null,False,False,False,False,False,False,259,False,False,False,False,False,False,0,0,0,0,0,False,False,,,,,
1263150,20,4.3,4.0,0.0,1.0,86.0,2.0,4.0,73299,,38942,ICC U19 Men's World Cup 2026,1,640,Scotland U19 Men,313,USA U19 Men,2026-01-26T10:47:51Z,3,False,21211,Rayaan Taj,21031,Theo Robinson,14821,Manu Saraswat,207,65,Short Extra Cover,0,0,0,0,LengthBall,Null,NotOut,Played,0,Cut,Null,Round,Orthodox,Left,Null,NotReferred,Null,False,False,False,False,False,False,259,False,False,False,False,False,False,0,0,0,0,0,False,False,,,,,
1263150,20,4.3,4.0,0.0,1.0,86.0,2.0,4.0,73299,,38942,ICC U19 Men's World Cup 2026,1,640,Scotland U19 Men,313,USA U19 Men,2026-01-26T10:48:12Z,4,False,21211,Rayaan Taj,21031,Theo Robinson,14821,Manu Saraswat,325,61,Short Mid Wicket,0,0,0,0,LengthBall,Null,NotOut,Played,0,Drive,Null,Round,Orthodox,Left,Null,NotReferred,Null,False,False,False,False,False,False,259,False,False,False,False,False,False,0,0,0,0,0,False,False,,,,,
1263150,20,4.3,4.0,0.0,1.0,86.0,2.0,4.0,73299,,38942,ICC U19 Men's World Cup 2026,1,640,Scotland U19 Men,313,USA U19 Men,2026-01-26T10:48:31Z,5,False,21211,Rayaan Taj,21031,Theo Robinson,14821,Manu Saraswat,213,92,Extra Cover,2,1,2,1,BackOfALength,Null,NotOut,Played,0,Cut,Null,Round,Orthodox,Left,Null,NotReferred,FrontFoot,False,True,False,False,False,False,259,False,False,False,False,False,False,2,0,0,0,1,False,False,,,,,
1263150,20,4.3,4.0,0.0,1.0,86.0,2.0,4.0,73299,,38942,ICC U19 Men's World Cup 2026,1,640,Scotland U19 Men,313,USA U19 Men,2026-01-26T10:49:45Z,5,False,21211,Rayaan Taj,14821,Manu Saraswat,21031,Theo Robinson,290,137,Long On,1,0,1,1,BackOfALength,Null,NotOut,MisTimed,0,Slog,Null,Round,Orthodox,Left,Null,NotReferred,Null,False,False,False,False,False,False,259,True,False,False,False,False,False,1,0,0,0,0,False,False,,,,,
1263150,20,4.3,4.0,0.0,1.0,86.0,2.0,4.0,73299,,38942,ICC U19 Men's World Cup 2026,1,640,Scotland U19 Men,313,USA U19 Men,2026-01-26T10:50:11Z,6,False,21211,Rayaan Taj,21031,Theo Robinson,14821,Manu Saraswat,254,81,Mid Off,1,0,1,1,LengthBall,Null,NotOut,Played,0,Worked,Null,Round,Orthodox,Left,Null,NotReferred,Null,False,False,False,False,False,False,259,False,False,False,False,False,False,1,0,0,0,0,False,False,,,,,
1263155,21,4.29,4.0,0.0,0.0,90.0,2.0,4.0,73299,,38942,ICC U19 Men's World Cup 2026,1,640,Scotland U19 Men,313,USA U19 Men,2026-01-26T10:51:08Z,1,False,14714,Utkarsh Srivastava,21031,Theo Robinson,14821,Manu Saraswat,295,83,Mid On,0,0,0,0,LengthBall,Null,NotOut,Played,0,ForwardDefensive,Null,Round,OffSpin,Right,Null,NotReferred,Null,False,False,False,False,False,False,264,False,False,False,False,False,False,0,0,0,0,0,False,False,,,,,
1263155,21,4.29,4.0,0.0,0.0,90.0,2.0,4.0,73299,,38942,ICC U19 Men's World Cup 2026,1,640,Scotland U19 Men,313,USA U19 Men,2026-01-26T10:51:22Z,2,False,14714,Utkarsh Srivastava,21031,Theo Robinson,14821,Manu Saraswat,306,155,Long On,1,0,1,1,BackOfALength,Null,NotOut,Played,0,Worked,Null,Round,OffSpin,Right,Null,NotReferred,Null,False,False,False,False,False,False,264,False,False,False,False,False,False,1,0,0,0,0,False,False,,,,,
1263155,21,4.29,4.0,0.0,0.0,90.0,2.0,4.0,73299,,38942,ICC U19 Men's World Cup 2026,1,640,Scotland U19 Men,313,USA U19 Men,2026-01-26T10:51:48Z,3,False,14714,Utkarsh Srivastava,14821,Manu Saraswat,21031,Theo Robinson,201,136,Deep Cover,1,0,1,1,HalfVolley,Null,NotOut,Played,0,Drive,Null,Round,OffSpin,Right,Null,NotReferred,Null,False,False,False,False,False,False,264,False,False,False,False,False,False,1,0,0,0,0,False,False,,,,,
1263155,21,4.29,4.0,0.0,0.0,90.0,2.0,4.0,73299,,38942,ICC U19 Men's World Cup 2026,1,640,Scotland U19 Men,313,USA U19 Men,2026-01-26T10:52:11Z,4,False,14714,Utkarsh Srivastava,21031,Theo Robinson,14821,Manu Saraswat,309,101,Mid On,1,0,1,1,LengthBall,Null,NotOut,Played,0,Worked,Null,Round,OffSpin,Right,Null,NotReferred,Null,False,False,False,False,False,False,264,False,False,False,False,False,False,1,0,0,0,0,False,False,,,,,
1263155,21,4.29,4.0,0.0,0.0,90.0,2.0,4.0,73299,,38942,ICC U19 Men's World Cup 2026,1,640,Scotland U19 Men,313,USA U19 Men,2026-01-26T10:52:30Z,5,False,14714,Utkarsh Srivastava,14821,Manu Saraswat,21031,Theo Robinson,284,148,Long On,1,0,1,1,HalfVolley,Null,NotOut,Played,0,Drive,Null,Round,OffSpin,Right,Null,NotReferred,Null,False,False,False,False,False,False,264,False,False,False,False,False,False,1,0,0,0,0,False,False,,,,,
1263155,21,4.29,4.0,0.0,0.0,90.0,2.0,4.0,73299,,38942,ICC U19 Men's World Cup 2026,1,640,Scotland U19 Men,313,USA U19 Men,2026-01-26T10:52:56Z,6,False,14714,Utkarsh Srivastava,21031,Theo Robinson,14821,Manu Saraswat,331,63,Short Mid Wicket,0,0,0,0,LengthBall,Null,NotOut,Played,0,Worked,Null,Round,OffSpin,Right,Null,NotReferred,Null,False,False,False,False,False,False,264,False,False,False,False,False,False,0,0,0,0,0,False,False,,,,,
1263159,22,4.23,3.0,0.0,0.0,93.0,2.0,3.0,73299,,38942,ICC U19 Men's World Cup 2026,1,640,Scotland U19 Men,313,USA U19 Men,2026-01-26T10:53:47Z,1,False,21211,Rayaan Taj,14821,Manu Saraswat,21031,Theo Robinson,186,126,Deep Point,1,0,1,1,BackOfALength,Null,NotOut,Played,0,Cut,Null,Round,Orthodox,Left,Null,NotReferred,Null,False,False,False,False,False,False,259,False,False,False,False,False,False,1,0,0,0,0,False,False,,,,,
1263159,22,4.23,3.0,0.0,0.0,93.0,2.0,3.0,73299,,38942,ICC U19 Men's World Cup 2026,1,640,Scotland U19 Men,313,USA U19 Men,2026-01-26T10:54:13Z,2,False,21211,Rayaan Taj,21031,Theo Robinson,14821,Manu Saraswat,250,83,Mid Off,0,0,0,0,LengthBall,Null,NotOut,MisTimed,0,Worked,Null,Round,Orthodox,Left,Null,NotReferred,Null,False,False,False,False,False,False,259,False,False,False,False,False,False,0,0,0,0,0,False,False,,,,,
1263159,22,4.23,3.0,0.0,0.0,93.0,2.0,3.0,73299,,38942,ICC U19 Men's World Cup 2026,1,640,Scotland U19 Men,313,USA U19 Men,2026-01-26T10:54:31Z,3,False,21211,Rayaan Taj,21031,Theo Robinson,14821,Manu Saraswat,270,40,Bowler,0,0,0,0,HalfVolley,Null,NotOut,Played,0,ForwardDefensive,Null,Round,Orthodox,Left,Null,NotReferred,Null,False,False,False,False,False,False,259,False,False,False,False,False,False,0,0,0,0,0,False,False,,,,,
1263159,22,4.23,3.0,0.0,0.0,93.0,2.0,3.0,73299,,38942,ICC U19 Men's World Cup 2026,1,640,Scotland U19 Men,313,USA U19 Men,2026-01-26T10:54:52Z,4,False,21211,Rayaan Taj,21031,Theo Robinson,14821,Manu Saraswat,256,83,Mid Off,0,0,0,0,HalfVolley,Null,NotOut,Played,0,Drive,Null,Round,Orthodox,Left,Null,NotReferred,Null,False,False,False,False,False,False,259,False,False,False,False,False,False,0,0,0,0,0,False,False,,,,,
1263159,22,4.23,3.0,0.0,0.0,93.0,2.0,3.0,73299,,38942,ICC U19 Men's World Cup 2026,1,640,Scotland U19 Men,313,USA U19 Men,2026-01-26T10:55:12Z,5,False,21211,Rayaan Taj,21031,Theo Robinson,14821,Manu Saraswat,281,141,Long On,1,0,1,1,HalfVolley,Null,NotOut,Played,0,Drive,Null,Round,Orthodox,Left,Null,NotReferred,Null,False,False,False,False,False,False,259,False,False,False,False,False,False,1,0,0,0,0,False,False,,,,,
1263159,22,4.23,3.0,0.0,0.0,93.0,2.0,3.0,73299,,38942,ICC U19 Men's World Cup 2026,1,640,Scotland U19 Men,313,USA U19 Men,2026-01-26T10:55:42Z,6,False,21211,Rayaan Taj,14821,Manu Saraswat,21031,Theo Robinson,291,108,Mid On,1,0,1,1,LengthBall,Null,NotOut,Played,0,Drive,Null,Round,Orthodox,Left,Null,NotReferred,Null,False,False,False,False,False,False,259,False,False,False,False,False,False,1,0,0,0,0,False,False,,,,,
1263164,23,4.13,2.0,0.0,0.0,95.0,2.0,2.0,73299,,38942,ICC U19 Men's World Cup 2026,1,640,Scotland U19 Men,313,USA U19 Men,2026-01-26T10:56:41Z,1,False,14714,Utkarsh Srivastava,14821,Manu Saraswat,21031,Theo Robinson,323,54,Short Mid Wicket,0,0,0,0,LengthBall,Null,NotOut,Played,0,ForwardDefensive,Null,Round,OffSpin,Right,Null,NotReferred,Null,False,False,False,False,False,False,264,False,False,False,False,False,False,0,0,0,0,0,False,False,,,,,
1263164,23,4.13,2.0,0.0,0.0,95.0,2.0,2.0,73299,,38942,ICC U19 Men's World Cup 2026,1,640,Scotland U19 Men,313,USA U19 Men,2026-01-26T10:56:57Z,2,False,14714,Utkarsh Srivastava,14821,Manu Saraswat,21031,Theo Robinson,297,52,Silly Mid On,0,0,0,0,LengthBall,Null,NotOut,Played,0,Worked,Null,Round,OffSpin,Right,Null,NotReferred,Null,False,False,False,False,False,False,264,False,False,False,False,False,False,0,0,0,0,0,False,False,,,,,
1263164,23,4.13,2.0,0.0,0.0,95.0,2.0,2.0,73299,,38942,ICC U19 Men's World Cup 2026,1,640,Scotland U19 Men,313,USA U19 Men,2026-01-26T10:57:17Z,3,False,14714,Utkarsh Srivastava,14821,Manu Saraswat,21031,Theo Robinson,350,84,Mid Wicket,1,0,1,1,LengthBall,Null,NotOut,Played,0,Worked,Null,Round,OffSpin,Right,Null,NotReferred,Null,False,False,False,False,False,False,264,False,False,False,False,False,False,1,0,0,0,0,False,False,,,,,
1263164,23,4.13,2.0,0.0,0.0,95.0,2.0,2.0,73299,,38942,ICC U19 Men's World Cup 2026,1,640,Scotland U19 Men,313,USA U19 Men,2026-01-26T10:57:37Z,4,False,14714,Utkarsh Srivastava,21031,Theo Robinson,14821,Manu Saraswat,296,99,Mid On,1,0,1,1,HalfVolley,Null,NotOut,Played,0,Drive,Null,Round,OffSpin,Right,Null,NotReferred,Null,False,False,False,False,False,False,264,False,False,False,False,False,False,1,0,0,0,0,False,False,,,,,
1263164,23,4.13,2.0,0.0,0.0,95.0,2.0,2.0,73299,,38942,ICC U19 Men's World Cup 2026,1,640,Scotland U19 Men,313,USA U19 Men,2026-01-26T10:58:06Z,5,False,14714,Utkarsh Srivastava,14821,Manu Saraswat,21031,Theo Robinson,299,46,Silly Mid On,0,0,0,0,LengthBall,Null,NotOut,Played,0,Worked,Null,Round,OffSpin,Right,Null,NotReferred,Null,False,False,False,False,False,False,264,False,False,False,False,False,False,0,0,0,0,0,False,False,,,,,
1263164,23,4.13,2.0,0.0,0.0,95.0,2.0,2.0,73299,,38942,ICC U19 Men's World Cup 2026,1,640,Scotland U19 Men,313,USA U19 Men,2026-01-26T10:58:21Z,6,False,14714,Utkarsh Srivastava,14821,Manu Saraswat,21031,Theo Robinson,298,95,Mid On,0,0,0,0,HalfVolley,Null,NotOut,Played,0,Flick,Null,Round,OffSpin,Right,Null,NotReferred,Null,False,False,False,False,False,False,264,False,False,False,False,False,False,0,0,0,0,0,False,False,,,,,
1263168,24,4.29,8.0,0.0,1.0,103.0,2.0,8.0,73299,,38942,ICC U19 Men's World Cup 2026,1,640,Scotland U19 Men,313,USA U19 Men,2026-01-26T10:59:40Z,1,False,21203,Advaith Krishna,21031,Theo Robinson,14821,Manu Saraswat,310,207,Long On,4,0,4,4,Short,Null,NotOut,HitHard,0,Pull,Null,Over,Medium,Right,Null,NotReferred,Null,False,False,False,False,False,False,259,False,False,False,False,False,False,4,0,0,0,0,False,True,0.0,,,,
1263168,24,4.29,8.0,0.0,1.0,103.0,2.0,8.0,73299,,38942,ICC U19 Men's World Cup 2026,1,640,Scotland U19 Men,313,USA U19 Men,2026-01-26T11:00:19Z,2,False,21203,Advaith Krishna,21031,Theo Robinson,14821,Manu Saraswat,250,87,Mid Off,0,0,0,0,HalfVolley,Null,NotOut,Played,0,Drive,Null,Over,Medium,Right,Null,NotReferred,Null,False,False,False,False,False,False,259,False,False,False,False,False,False,0,0,0,0,0,False,False,0.0,,,,
1263168,24,4.29,8.0,0.0,1.0,103.0,2.0,8.0,73299,,38942,ICC U19 Men's World Cup 2026,1,640,Scotland U19 Men,313,USA U19 Men,2026-01-26T11:00:58Z,3,False,21203,Advaith Krishna,21031,Theo Robinson,14821,Manu Saraswat,270,40,Bowler,1,0,1,1,HalfVolley,Null,NotOut,HitHard,0,Drive,Null,Over,Medium,Right,Null,NotReferred,Null,False,False,False,False,False,False,259,False,False,False,False,False,False,1,0,0,0,0,False,False,0.0,,,,
1263168,24,4.29,8.0,0.0,1.0,103.0,2.0,8.0,73299,,38942,ICC U19 Men's World Cup 2026,1,640,Scotland U19 Men,313,USA U19 Men,2026-01-26T11:01:32Z,4,False,21203,Advaith Krishna,14821,Manu Saraswat,21031,Theo Robinson,223,69,Extra Cover,0,0,0,0,BackOfALength,Null,NotOut,MisTimed,0,Cut,Null,Over,Medium,Right,Null,NotReferred,Null,False,False,False,False,False,False,259,False,False,False,False,False,False,0,0,0,0,0,False,False,0.0,,,,
1263168,24,4.29,8.0,0.0,1.0,103.0,2.0,8.0,73299,,38942,ICC U19 Men's World Cup 2026,1,640,Scotland U19 Men,313,USA U19 Men,2026-01-26T11:02:08Z,5,False,21203,Advaith Krishna,14821,Manu Saraswat,21031,Theo Robinson,90,48,Wicketkeeper,1,1,1,0,LengthBall,Null,NotOut,NoShot,0,Leave,Null,Over,Medium,Right,Null,NotReferred,Null,True,False,False,False,False,False,259,False,False,False,False,False,False,1,0,1,0,0,False,False,0.0,,,,
1263168,24,4.29,8.0,0.0,1.0,103.0,2.0,8.0,73299,,38942,ICC U19 Men's World Cup 2026,1,640,Scotland U19 Men,313,USA U19 Men,2026-01-26T11:02:48Z,5,False,21203,Advaith Krishna,14821,Manu Saraswat,21031,Theo Robinson,200,82,Cover,0,0,0,0,LengthBall,Null,NotOut,MisTimed,0,Pushed,Null,Over,Medium,Right,Null,NotReferred,Null,False,False,False,False,False,False,259,False,False,False,False,False,False,0,0,0,0,0,False,False,0.0,,,,
1263168,24,4.29,8.0,0.0,1.0,103.0,2.0,8.0,73299,,38942,ICC U19 Men's World Cup 2026,1,640,Scotland U19 Men,313,USA U19 Men,2026-01-26T11:03:26Z,6,False,21203,Advaith Krishna,14821,Manu Saraswat,21031,Theo Robinson,323,145,Deep Mid Wicket,2,0,2,2,HalfVolley,Null,NotOut,Played,0,Flick,Null,Over,Medium,Right,Null,NotReferred,Null,False,False,False,False,True,False,259,False,False,False,False,False,False,2,0,0,0,0,False,False,0.0,,,,
1263173,25,4.28,4.0,0.0,0.0,107.0,2.0,4.0,73299,,38942,ICC U19 Men's World Cup 2026,1,640,Scotland U19 Men,313,USA U19 Men,2026-01-26T11:04:33Z,1,False,14714,Utkarsh Srivastava,21031,Theo Robinson,14821,Manu Saraswat,348,100,Mid Wicket,0,0,0,0,Yorker,Null,NotOut,Played,0,Flick,Null,Round,OffSpin,Right,Null,NotReferred,Null,False,False,False,False,False,False,264,False,False,False,False,False,False,0,0,0,0,0,False,False,,,,,
1263173,25,4.28,4.0,0.0,0.0,107.0,2.0,4.0,73299,,38942,ICC U19 Men's World Cup 2026,1,640,Scotland U19 Men,313,USA U19 Men,2026-01-26T11:04:48Z,2,False,14714,Utkarsh Srivastava,21031,Theo Robinson,14821,Manu Saraswat,331,115,Mid Wicket,1,0,1,1,LengthBall,Null,NotOut,Played,0,Worked,Null,Round,OffSpin,Right,Null,NotReferred,Null,False,False,False,False,False,False,264,False,False,False,False,False,False,1,0,0,0,0,False,False,,,,,
1263173,25,4.28,4.0,0.0,0.0,107.0,2.0,4.0,73299,,38942,ICC U19 Men's World Cup 2026,1,640,Scotland U19 Men,313,USA U19 Men,2026-01-26T11:05:11Z,3,False,14714,Utkarsh Srivastava,14821,Manu Saraswat,21031,Theo Robinson,19,138,Deep Backward Square Leg,1,0,1,1,LengthBall,Null,NotOut,Played,0,Worked,Null,Round,OffSpin,Right,Null,NotReferred,Null,False,False,False,False,False,False,264,False,False,False,False,False,False,1,0,0,0,0,False,False,,,,,
1263173,25,4.28,4.0,0.0,0.0,107.0,2.0,4.0,73299,,38942,ICC U19 Men's World Cup 2026,1,640,Scotland U19 Men,313,USA U19 Men,2026-01-26T11:05:30Z,4,False,14714,Utkarsh Srivastava,21031,Theo Robinson,14821,Manu Saraswat,326,158,Deep Mid Wicket,1,0,1,1,LengthBall,Null,NotOut,Played,0,Worked,Null,Round,OffSpin,Right,Null,NotReferred,Null,False,False,False,False,False,False,264,False,False,False,False,False,False,1,0,0,0,0,False,False,,,,,
1263173,25,4.28,4.0,0.0,0.0,107.0,2.0,4.0,73299,,38942,ICC U19 Men's World Cup 2026,1,640,Scotland U19 Men,313,USA U19 Men,2026-01-26T11:05:58Z,5,False,14714,Utkarsh Srivastava,14821,Manu Saraswat,21031,Theo Robinson,316,158,Long On,1,0,1,1,LengthBall,Null,NotOut,Played,0,Worked,Null,Round,OffSpin,Right,Null,NotReferred,Null,False,False,False,False,False,False,264,False,False,False,False,False,False,1,0,0,0,0,False,False,,,,,
1263173,25,4.28,4.0,0.0,0.0,107.0,2.0,4.0,73299,,38942,ICC U19 Men's World Cup 2026,1,640,Scotland U19 Men,313,USA U19 Men,2026-01-26T11:06:16Z,6,False,14714,Utkarsh Srivastava,21031,Theo Robinson,14821,Manu Saraswat,270,40,Bowler,0,0,0,0,LengthBall,Null,NotOut,Played,0,Worked,Null,Round,OffSpin,Right,Null,NotReferred,Null,False,False,False,False,False,False,264,False,False,False,False,False,False,0,0,0,0,0,False,False,,,,,
1263178,26,4.31,5.0,0.0,0.0,112.0,2.0,5.0,73299,,38942,ICC U19 Men's World Cup 2026,1,640,Scotland U19 Men,313,USA U19 Men,2026-01-26T11:07:23Z,1,False,21201,Shiv Shani,14821,Manu Saraswat,21031,Theo Robinson,290,130,Long On,1,0,1,1,LengthBall,Null,NotOut,Played,0,Drive,Null,Round,Orthodox,Left,Null,NotReferred,Null,False,False,False,False,False,False,259,False,False,False,False,False,False,1,0,0,0,0,False,False,,,,,
1263178,26,4.31,5.0,0.0,0.0,112.0,2.0,5.0,73299,,38942,ICC U19 Men's World Cup 2026,1,640,Scotland U19 Men,313,USA U19 Men,2026-01-26T11:07:51Z,2,False,21201,Shiv Shani,21031,Theo Robinson,14821,Manu Saraswat,258,85,Mid Off,1,0,1,1,LengthBall,Null,NotOut,Played,0,Drive,Null,Round,Orthodox,Left,Null,NotReferred,Null,False,False,False,False,False,False,259,False,False,False,False,False,False,1,0,0,0,0,False,False,,,,,
1263178,26,4.31,5.0,0.0,0.0,112.0,2.0,5.0,73299,,38942,ICC U19 Men's World Cup 2026,1,640,Scotland U19 Men,313,USA U19 Men,2026-01-26T11:08:13Z,3,False,21201,Shiv Shani,14821,Manu Saraswat,21031,Theo Robinson,186,126,Deep Point,1,0,1,1,BackOfALength,Null,NotOut,Played,0,Cut,Null,Round,Orthodox,Left,Null,NotReferred,Null,False,False,False,False,False,False,259,False,False,False,False,False,False,1,0,0,0,0,False,False,,,,,
1263178,26,4.31,5.0,0.0,0.0,112.0,2.0,5.0,73299,,38942,ICC U19 Men's World Cup 2026,1,640,Scotland U19 Men,313,USA U19 Men,2026-01-26T11:08:41Z,4,False,21201,Shiv Shani,21031,Theo Robinson,14821,Manu Saraswat,270,40,Bowler,0,0,0,0,HalfVolley,Null,NotOut,Played,0,Drive,Null,Round,Orthodox,Left,Null,NotReferred,Null,False,False,False,False,False,False,259,False,False,False,False,False,False,0,0,0,0,0,False,False,,,,,
1263178,26,4.31,5.0,0.0,0.0,112.0,2.0,5.0,73299,,38942,ICC U19 Men's World Cup 2026,1,640,Scotland U19 Men,313,USA U19 Men,2026-01-26T11:09:04Z,5,False,21201,Shiv Shani,21031,Theo Robinson,14821,Manu Saraswat,285,143,Long On,1,0,1,1,BackOfALength,Null,NotOut,Played,0,Pull,Null,Round,Orthodox,Left,Null,NotReferred,Null,False,False,False,False,False,False,259,False,False,False,False,False,False,1,0,0,0,0,False,False,,,,,
1263178,26,4.31,5.0,0.0,0.0,112.0,2.0,5.0,73299,,38942,ICC U19 Men's World Cup 2026,1,640,Scotland U19 Men,313,USA U19 Men,2026-01-26T11:09:24Z,6,False,21201,Shiv Shani,14821,Manu Saraswat,21031,Theo Robinson,358,140,Deep Square Leg,1,0,1,1,HalfVolley,Null,NotOut,Played,0,Flick,Null,Round,Orthodox,Left,Null,NotReferred,Null,False,False,False,False,False,False,259,False,False,False,False,False,False,1,0,0,0,0,False,False,,,,,
1263180,27,4.52,10.0,0.0,0.0,122.0,2.0,10.0,73299,,38942,ICC U19 Men's World Cup 2026,1,640,Scotland U19 Men,313,USA U19 Men,2026-01-26T11:10:17Z,1,False,14714,Utkarsh Srivastava,14821,Manu Saraswat,21031,Theo Robinson,49,184,Fine Leg,4,0,4,4,LengthBall,Null,NotOut,HitHard,0,Sweep,Null,Round,OffSpin,Right,Null,NotReferred,Null,False,False,False,False,False,False,264,False,False,False,False,False,False,4,0,0,0,0,False,True,0.0,,,,
1263180,27,4.52,10.0,0.0,0.0,122.0,2.0,10.0,73299,,38942,ICC U19 Men's World Cup 2026,1,640,Scotland U19 Men,313,USA U19 Men,2026-01-26T11:10:54Z,2,False,14714,Utkarsh Srivastava,14821,Manu Saraswat,21031,Theo Robinson,299,96,Mid On,0,0,0,0,HalfVolley,Null,NotOut,HitHard,0,Flick,Null,Round,OffSpin,Right,Null,NotReferred,Null,False,False,False,False,False,False,264,False,False,False,False,False,False,0,0,0,0,0,False,False,0.0,,,,
1263180,27,4.52,10.0,0.0,0.0,122.0,2.0,10.0,73299,,38942,ICC U19 Men's World Cup 2026,1,640,Scotland U19 Men,313,USA U19 Men,2026-01-26T11:11:05Z,3,False,14714,Utkarsh Srivastava,14821,Manu Saraswat,21031,Theo Robinson,16,111,Backward Square Leg,1,0,1,1,LengthBall,Null,NotOut,Played,0,Worked,Null,Round,OffSpin,Right,Null,NotReferred,Null,False,False,False,False,False,False,264,False,False,False,False,False,False,1,0,0,0,0,False,False,0.0,,,,
1263180,27,4.52,10.0,0.0,0.0,122.0,2.0,10.0,73299,,38942,ICC U19 Men's World Cup 2026,1,640,Scotland U19 Men,313,USA U19 Men,2026-01-26T11:11:36Z,4,False,14714,Utkarsh Srivastava,21031,Theo Robinson,14821,Manu Saraswat,280,219,Long On,4,0,4,4,HalfVolley,Null,NotOut,HitHard,0,Drive,Null,Over,OffSpin,Right,Null,NotReferred,Null,False,False,False,False,True,False,264,False,False,False,False,False,False,4,0,0,0,0,False,True,0.0,,,,
1263180,27,4.52,10.0,0.0,0.0,122.0,2.0,10.0,73299,,38942,ICC U19 Men's World Cup 2026,1,640,Scotland U19 Men,313,USA U19 Men,2026-01-26T11:12:09Z,5,False,14714,Utkarsh Srivastava,21031,Theo Robinson,14821,Manu Saraswat,301,148,Long On,1,0,1,1,LengthBall,Null,NotOut,Played,0,Worked,Null,Round,OffSpin,Right,Null,NotReferred,Null,False,False,False,False,False,False,264,False,False,False,False,False,False,1,0,0,0,0,False,False,0.0,,,,
1263180,27,4.52,10.0,0.0,0.0,122.0,2.0,10.0,73299,,38942,ICC U19 Men's World Cup 2026,1,640,Scotland U19 Men,313,USA U19 Men,2026-01-26T11:12:30Z,6,False,14714,Utkarsh Srivastava,14821,Manu Saraswat,21031,Theo Robinson,270,40,Bowler,0,0,0,0,LengthBall,Null,NotOut,Played,0,ForwardDefensive,Null,Round,OffSpin,Right,Null,NotReferred,Null,False,False,False,False,False,False,264,False,False,False,False,False,False,0,0,0,0,0,False,False,0.0,,,,
1263185,28,4.43,2.0,0.0,0.0,124.0,2.0,2.0,73299,,38942,ICC U19 Men's World Cup 2026,1,640,Scotland U19 Men,313,USA U19 Men,2026-01-26T11:13:12Z,1,False,21201,Shiv Shani,21031,Theo Robinson,14821,Manu Saraswat,180,19,Silly Point,0,0,0,0,Yorker,Null,NotOut,Played,0,ForwardDefensive,Null,Round,Orthodox,Left,Null,NotReferred,Null,False,False,False,False,False,False,259,False,False,False,False,False,False,0,0,0,0,0,False,False,,,,,
1263185,28,4.43,2.0,0.0,0.0,124.0,2.0,2.0,73299,,38942,ICC U19 Men's World Cup 2026,1,640,Scotland U19 Men,313,USA U19 Men,2026-01-26T11:13:33Z,2,False,21201,Shiv Shani,21031,Theo Robinson,14821,Manu Saraswat,248,140,Long Off,1,0,1,1,LengthBall,Null,NotOut,Played,0,Cut,Null,Round,Orthodox,Left,Null,NotReferred,Null,False,False,False,False,False,False,259,False,False,False,False,False,False,1,0,0,0,0,False,False,,,,,
1263185,28,4.43,2.0,0.0,0.0,124.0,2.0,2.0,73299,,38942,ICC U19 Men's World Cup 2026,1,640,Scotland U19 Men,313,USA U19 Men,2026-01-26T11:13:55Z,3,False,21201,Shiv Shani,14821,Manu Saraswat,21031,Theo Robinson,270,40,Bowler,0,0,0,0,LengthBall,Null,NotOut,MisTimed,0,Pushed,Null,Round,Orthodox,Left,Null,NotReferred,Null,False,False,False,False,False,False,259,False,False,False,False,False,False,0,0,0,0,0,False,False,,,,,
1263185,28,4.43,2.0,0.0,0.0,124.0,2.0,2.0,73299,,38942,ICC U19 Men's World Cup 2026,1,640,Scotland U19 Men,313,USA U19 Men,2026-01-26T11:14:09Z,4,False,21201,Shiv Shani,14821,Manu Saraswat,21031,Theo Robinson,190,134,Deep Point,1,0,1,1,Short,Null,NotOut,Played,0,Cut,Null,Round,Orthodox,Left,Null,NotReferred,Null,False,False,False,False,False,False,259,False,False,False,False,False,False,1,0,0,0,0,False,False,,,,,
1263185,28,4.43,2.0,0.0,0.0,124.0,2.0,2.0,73299,,38942,ICC U19 Men's World Cup 2026,1,640,Scotland U19 Men,313,USA U19 Men,2026-01-26T11:14:32Z,5,False,21201,Shiv Shani,21031,Theo Robinson,14821,Manu Saraswat,161,76,Backward Point,0,0,0,0,LengthBall,Null,NotOut,Played,0,Steer,Null,Round,Orthodox,Left,Null,NotReferred,Null,False,False,False,False,False,False,259,False,False,False,False,False,False,0,0,0,0,0,False,False,,,,,
1263185,28,4.43,2.0,0.0,0.0,124.0,2.0,2.0,73299,,38942,ICC U19 Men's World Cup 2026,1,640,Scotland U19 Men,313,USA U19 Men,2026-01-26T11:14:49Z,6,False,21201,Shiv Shani,21031,Theo Robinson,14821,Manu Saraswat,296,71,Mid On,0,0,0,0,HalfVolley,Null,NotOut,Played,0,Drive,Null,Round,Orthodox,Left,Null,NotReferred,Null,False,False,False,False,False,False,259,False,False,False,False,False,False,0,0,0,0,0,False,False,,,,,
1263189,29,4.52,7.0,0.0,0.0,131.0,2.0,7.0,73299,,38942,ICC U19 Men's World Cup 2026,1,640,Scotland U19 Men,313,USA U19 Men,2026-01-26T11:16:10Z,1,False,21207,Sabrish Prasad,14821,Manu Saraswat,21031,Theo Robinson,109,172,Third Man,4,0,4,4,LengthBall,Null,NotOut,Played,0,LateCut,Null,Round,OffSpin,Right,Null,NotReferred,Null,False,False,False,False,False,False,264,False,False,False,False,False,False,4,0,0,0,0,False,True,0.0,,,,
1263189,29,4.52,7.0,0.0,0.0,131.0,2.0,7.0,73299,,38942,ICC U19 Men's World Cup 2026,1,640,Scotland U19 Men,313,USA U19 Men,2026-01-26T11:16:46Z,2,False,21207,Sabrish Prasad,14821,Manu Saraswat,21031,Theo Robinson,90,48,Wicketkeeper,0,0,0,0,LengthBall,Null,NotOut,Missed,0,ForwardDefensive,Null,Round,OffSpin,Right,Null,NotReferred,Null,False,False,False,False,False,False,264,False,False,False,False,False,False,0,0,0,0,0,False,False,0.0,,,,
1263189,29,4.52,7.0,0.0,0.0,131.0,2.0,7.0,73299,,38942,ICC U19 Men's World Cup 2026,1,640,Scotland U19 Men,313,USA U19 Men,2026-01-26T11:17:02Z,3,False,21207,Sabrish Prasad,14821,Manu Saraswat,21031,Theo Robinson,200,141,Deep Cover,1,0,1,1,BackOfALength,Null,NotOut,Played,0,Cut,Null,Round,OffSpin,Right,Null,NotReferred,Null,False,False,False,False,False,False,264,False,False,False,False,False,False,1,0,0,0,0,False,False,0.0,,,,
1263189,29,4.52,7.0,0.0,0.0,131.0,2.0,7.0,73299,,38942,ICC U19 Men's World Cup 2026,1,640,Scotland U19 Men,313,USA U19 Men,2026-01-26T11:17:26Z,4,False,21207,Sabrish Prasad,21031,Theo Robinson,14821,Manu Saraswat,270,40,Bowler,0,0,0,0,BackOfALength,Null,NotOut,Played,0,Worked,Null,Round,OffSpin,Right,Null,NotReferred,Null,False,False,False,False,False,False,264,False,False,False,False,False,False,0,0,0,0,0,False,False,0.0,,,,
1263189,29,4.52,7.0,0.0,0.0,131.0,2.0,7.0,73299,,38942,ICC U19 Men's World Cup 2026,1,640,Scotland U19 Men,313,USA U19 Men,2026-01-26T11:17:41Z,5,False,21207,Sabrish Prasad,21031,Theo Robinson,14821,Manu Saraswat,243,86,Mid Off,0,0,0,0,LengthBall,Null,NotOut,Played,0,Pushed,Null,Round,OffSpin,Right,Null,NotReferred,Null,False,False,False,False,False,False,264,False,False,False,False,False,False,0,0,0,0,0,False,False,0.0,,,,
1263189,29,4.52,7.0,0.0,0.0,131.0,2.0,7.0,73299,,38942,ICC U19 Men's World Cup 2026,1,640,Scotland U19 Men,313,USA U19 Men,2026-01-26T11:17:58Z,6,False,21207,Sabrish Prasad,21031,Theo Robinson,14821,Manu Saraswat,240,153,Long Off,2,0,2,2,BackOfALength,Null,NotOut,Played,0,Drive,Null,Round,OffSpin,Right,Null,NotReferred,Null,False,False,False,False,True,False,264,False,False,False,False,False,False,2,0,0,0,0,False,False,0.0,,,,
1263193,30,4.63,5.0,0.0,0.0,136.0,2.0,5.0,73299,,38942,ICC U19 Men's World Cup 2026,1,640,Scotland U19 Men,313,USA U19 Men,2026-01-26T11:18:54Z,1,False,21201,Shiv Shani,14821,Manu Saraswat,21031,Theo Robinson,23,55,Leg Gully,1,0,1,1,LengthBall,Null,Lbw,Edged,0,Worked,Null,Round,Orthodox,Left,NotOut1stUmpire,NotReferred,Null,False,False,False,False,False,True,259,False,False,False,False,False,False,1,0,0,0,0,False,False,,,,,
1263193,30,4.63,5.0,0.0,0.0,136.0,2.0,5.0,73299,,38942,ICC U19 Men's World Cup 2026,1,640,Scotland U19 Men,313,USA U19 Men,2026-01-26T11:19:30Z,2,False,21201,Shiv Shani,21031,Theo Robinson,14821,Manu Saraswat,337,127,Deep Mid Wicket,2,0,2,2,LengthBall,Null,NotOut,Played,0,Worked,Null,Round,Orthodox,Left,Null,NotReferred,Null,False,False,False,False,False,False,259,False,False,False,False,False,False,2,0,0,0,0,False,False,,,,,
1263193,30,4.63,5.0,0.0,0.0,136.0,2.0,5.0,73299,,38942,ICC U19 Men's World Cup 2026,1,640,Scotland U19 Men,313,USA U19 Men,2026-01-26T11:19:49Z,3,False,21201,Shiv Shani,21031,Theo Robinson,14821,Manu Saraswat,237,87,Mid Off,1,0,1,1,LengthBall,Null,NotOut,Played,0,Drive,Null,Round,Orthodox,Left,Null,NotReferred,Null,False,False,False,False,False,False,259,False,False,False,False,False,False,1,0,0,0,0,False,False,,,,,
1263193,30,4.63,5.0,0.0,0.0,136.0,2.0,5.0,73299,,38942,ICC U19 Men's World Cup 2026,1,640,Scotland U19 Men,313,USA U19 Men,2026-01-26T11:20:13Z,4,False,21201,Shiv Shani,14821,Manu Saraswat,21031,Theo Robinson,290,135,Long On,1,0,1,1,HalfVolley,Null,NotOut,Played,0,Worked,Null,Round,Orthodox,Left,Null,NotReferred,Null,False,False,False,False,False,False,259,False,False,False,False,False,False,1,0,0,0,0,False,False,,,,,
